#
# There is insufficient memory for the Java Runtime Environment to continue.
# Native memory allocation (malloc) failed to allocate 32744 bytes. Error detail: Chunk::new
# Possible reasons:
#   The system is out of physical RAM or swap space
#   This process is running with CompressedOops enabled, and the Java Heap may be blocking the growth of the native heap
# Possible solutions:
#   Reduce memory load on the system
#   Increase physical memory or swap space
#   Check if swap backing store is full
#   Decrease Java heap size (-Xmx/-Xms)
#   Decrease number of Java threads
#   Decrease Java thread stack sizes (-Xss)
#   Set larger code cache with -XX:ReservedCodeCacheSize=
#   JVM is running with Unscaled Compressed Oops mode in which the Java heap is
#     placed in the first 4GB address space. The Java Heap base address is the
#     maximum limit for the native heap growth. Please use -XX:HeapBaseMinAddress
#     to set the Java Heap base and to place the Java Heap above 4GB virtual address.
# This output file may be truncated or incomplete.
#
#  Out of Memory Error (arena.cpp:168), pid=27180, tid=7608
#
# JRE version: OpenJDK Runtime Environment Temurin-21.0.12.1+1 (21.0.12.1+1) (build 21.0.12.1+1-LTS)
# Java VM: OpenJDK 64-Bit Server VM Temurin-21.0.12.1+1 (21.0.12.1+1-LTS, mixed mode, sharing, tiered, compressed oops, compressed class ptrs, g1 gc, windows-amd64)
# No core dump will be written. Minidumps are not enabled by default on client versions of Windows
#

---------------  S U M M A R Y ------------

Command Line: --add-opens=java.base/java.lang=ALL-UNNAMED --add-opens=java.base/java.lang.invoke=ALL-UNNAMED --add-opens=java.base/java.util=ALL-UNNAMED --add-opens=java.prefs/java.util.prefs=ALL-UNNAMED --add-exports=jdk.compiler/com.sun.tools.javac.api=ALL-UNNAMED --add-exports=jdk.compiler/com.sun.tools.javac.util=ALL-UNNAMED --add-opens=java.base/java.nio.charset=ALL-UNNAMED --add-opens=java.base/java.net=ALL-UNNAMED --add-opens=java.base/java.util.concurrent=ALL-UNNAMED --add-opens=java.base/java.util.concurrent.atomic=ALL-UNNAMED --add-opens=java.xml/javax.xml.namespace=ALL-UNNAMED --add-opens=java.base/java.time=ALL-UNNAMED -XX:MaxMetaspaceSize=384m -XX:+HeapDumpOnOutOfMemoryError -Xms256m -Xmx512m -Dfile.encoding=UTF-8 -Duser.country=IN -Duser.language=en -Duser.variant -javaagent:C:\Users\ALBIN\.gradle\wrapper\dists\gradle-9.7.1-bin\1w1c7tv4s851m17nbqdsro2tv\gradle-9.7.1\lib\agents\gradle-instrumentation-agent-9.7.1.jar org.gradle.launcher.daemon.bootstrap.GradleDaemon 9.7.1

Host: Intel(R) Core(TM) i5-7200U CPU @ 2.50GHz, 4 cores, 15G,  Windows 11 , 64 bit Build 26100 (10.0.26100.9444)
Time: Fri Oct  9 18:00:35 2026 India Standard Time elapsed time: 151.342427 seconds (0d 0h 2m 31s)

---------------  T H R E A D  ---------------

Current thread (0x00000135bfab55d0):  JavaThread "Daemon worker"        [_thread_in_vm, id=7608, stack(0x00000002d8000000,0x00000002d8100000) (1024K)]

Stack: [0x00000002d8000000,0x00000002d8100000]
Native frames: (J=compiled Java code, j=interpreted, Vv=VM code, C=native code)
V  [jvm.dll+0x6d83e9]
V  [jvm.dll+0x8b5736]
V  [jvm.dll+0x8b7cee]
V  [jvm.dll+0x8b83d3]
V  [jvm.dll+0x284596]
V  [jvm.dll+0xc685d]
V  [jvm.dll+0xc6da1]
V  [jvm.dll+0x217775]
V  [jvm.dll+0x21a58f]
V  [jvm.dll+0x20f80e]
V  [jvm.dll+0x5b6a7f]
V  [jvm.dll+0x82f606]
V  [jvm.dll+0x4792f8]
V  [jvm.dll+0x47f128]
C  [java.dll+0x17ec]

Java frames: (J=compiled Java code, j=interpreted, Vv=VM code)
J 732  java.lang.ClassLoader.defineClass1(Ljava/lang/ClassLoader;Ljava/lang/String;[BIILjava/security/ProtectionDomain;Ljava/lang/String;)Ljava/lang/Class; java.base@21.0.12.1 (0 bytes) @ 0x000001359b4a9491 [0x000001359b4a93c0+0x00000000000000d1]
j  java.lang.System$2.defineClass(Ljava/lang/ClassLoader;Ljava/lang/String;[BLjava/security/ProtectionDomain;Ljava/lang/String;)Ljava/lang/Class;+10 java.base@21.0.12.1
j  java.lang.reflect.Proxy$ProxyBuilder.defineProxyClass(Ljava/lang/reflect/Proxy$ProxyBuilder$ProxyClassContext;Ljava/util/List;)Ljava/lang/Class;+122 java.base@21.0.12.1
j  java.lang.reflect.Proxy$ProxyBuilder.build()Ljava/lang/reflect/Constructor;+8 java.base@21.0.12.1
j  java.lang.reflect.Proxy.lambda$getProxyConstructor$0(Ljava/lang/ClassLoader;Ljdk/internal/loader/AbstractClassLoaderValue$Sub;)Ljava/lang/reflect/Constructor;+15 java.base@21.0.12.1
j  java.lang.reflect.Proxy$$Lambda+0x00000135a704f6b8.apply(Ljava/lang/Object;Ljava/lang/Object;)Ljava/lang/Object;+8 java.base@21.0.12.1
j  jdk.internal.loader.AbstractClassLoaderValue$Memoizer.get()Ljava/lang/Object;+75 java.base@21.0.12.1
J 2305 c1 jdk.internal.loader.AbstractClassLoaderValue.computeIfAbsent(Ljava/lang/ClassLoader;Ljava/util/function/BiFunction;)Ljava/lang/Object; java.base@21.0.12.1 (113 bytes) @ 0x0000013593dd9214 [0x0000013593dd8960+0x00000000000008b4]
J 2495 c1 java.lang.reflect.Proxy.getProxyConstructor(Ljava/lang/Class;Ljava/lang/ClassLoader;[Ljava/lang/Class;)Ljava/lang/reflect/Constructor; java.base@21.0.12.1 (92 bytes) @ 0x0000013593e30e0c [0x0000013593e2fea0+0x0000000000000f6c]
J 1554 c1 java.lang.reflect.Proxy.newProxyInstance(Ljava/lang/ClassLoader;[Ljava/lang/Class;Ljava/lang/reflect/InvocationHandler;)Ljava/lang/Object; java.base@21.0.12.1 (35 bytes) @ 0x0000013593c71714 [0x0000013593c71580+0x0000000000000194]
J 2493 c1 sun.reflect.annotation.AnnotationParser$1.run()Ljava/lang/annotation/Annotation; java.base@21.0.12.1 (40 bytes) @ 0x0000013593e2b3c4 [0x0000013593e2afa0+0x0000000000000424]
J 1543 c1 sun.reflect.annotation.AnnotationParser.parseAnnotation2(Ljava/nio/ByteBuffer;Ljdk/internal/reflect/ConstantPool;Ljava/lang/Class;Z[Ljava/lang/Class;)Ljava/lang/annotation/Annotation; java.base@21.0.12.1 (275 bytes) @ 0x0000013593c6c334 [0x0000013593c6b040+0x00000000000012f4]
J 1562 c1 sun.reflect.annotation.AnnotationParser.parseAnnotations2([BLjdk/internal/reflect/ConstantPool;Ljava/lang/Class;[Ljava/lang/Class;)Ljava/util/Map; java.base@21.0.12.1 (134 bytes) @ 0x0000013593c75954 [0x0000013593c755e0+0x0000000000000374]
J 1772 c1 sun.reflect.annotation.AnnotationParser.parseAnnotations([BLjdk/internal/reflect/ConstantPool;Ljava/lang/Class;)Ljava/util/Map; java.base@21.0.12.1 (37 bytes) @ 0x0000013593cd946c [0x0000013593cd9380+0x00000000000000ec]
J 3596 c2 java.lang.reflect.Executable.declaredAnnotations()Ljava/util/Map; java.base@21.0.12.1 (85 bytes) @ 0x000001359b64c738 [0x000001359b64c5a0+0x0000000000000198]
J 3596 c2 java.lang.reflect.Executable.declaredAnnotations()Ljava/util/Map; java.base@21.0.12.1 (85 bytes) @ 0x000001359b64c750 [0x000001359b64c5a0+0x00000000000001b0]
J 3201 c1 org.gradle.internal.instantiation.generator.AbstractClassGenerator$DisabledAnnotationValidator.validateMethod(Ljava/lang/reflect/Method;Lorg/gradle/internal/reflect/PropertyAccessorType;)V (68 bytes) @ 0x0000013593fa3964 [0x0000013593fa37e0+0x0000000000000184]
j  org.gradle.internal.instantiation.generator.AbstractClassGenerator.inspectType(Ljava/lang/Class;Ljava/util/List;Ljava/util/List;Lorg/gradle/internal/instantiation/generator/AbstractClassGenerator$UnclaimedPropertyHandler;)V+138
j  org.gradle.internal.instantiation.generator.AbstractClassGenerator.generateUnderLock(Ljava/lang/Class;)Lorg/gradle/internal/instantiation/generator/AbstractClassGenerator$GeneratedClassImpl;+363
j  org.gradle.internal.instantiation.generator.AbstractClassGenerator$$Lambda+0x00000135a71d7848.apply(Ljava/lang/Object;)Ljava/lang/Object;+8
j  org.gradle.cache.internal.DefaultCrossBuildInMemoryCacheFactory$AbstractCrossBuildInMemoryCache.produce(Ljava/util/function/Function;Ljava/lang/Object;)Ljava/lang/Object;+2
j  org.gradle.cache.internal.DefaultCrossBuildInMemoryCacheFactory$AbstractCrossBuildInMemoryCache.produceAndRetain(Ljava/util/function/Function;Ljava/lang/Object;)Ljava/lang/Object;+3
j  org.gradle.cache.internal.DefaultCrossBuildInMemoryCacheFactory$AbstractCrossBuildInMemoryCache.lambda$get$1(Ljava/util/function/Function;Ljava/lang/Object;)Ljava/lang/Object;+3
j  org.gradle.cache.internal.DefaultCrossBuildInMemoryCacheFactory$AbstractCrossBuildInMemoryCache$$Lambda+0x00000135a71d6db8.get()Ljava/lang/Object;+12
j  org.gradle.internal.lazy.LockingLazy.get()Ljava/lang/Object;+22
j  org.gradle.cache.internal.DefaultCrossBuildInMemoryCacheFactory$AbstractCrossBuildInMemoryCache.get(Ljava/lang/Object;Ljava/util/function/Function;)Ljava/lang/Object;+18
j  org.gradle.internal.instantiation.generator.AbstractClassGenerator.generate(Ljava/lang/Class;)Lorg/gradle/internal/instantiation/generator/ClassGenerator$GeneratedClass;+14
j  org.gradle.internal.instantiation.generator.AsmBackedClassGenerator.generate(Ljava/lang/Class;)Lorg/gradle/internal/instantiation/generator/ClassGenerator$GeneratedClass;+2
j  org.gradle.internal.instantiation.generator.Jsr330ConstructorSelector.lambda$forType$0(Ljava/lang/Class;)Lorg/gradle/internal/instantiation/generator/Jsr330ConstructorSelector$CachedConstructor;+9
j  org.gradle.internal.instantiation.generator.Jsr330ConstructorSelector$$Lambda+0x00000135a71d6948.get()Ljava/lang/Object;+8
j  org.gradle.cache.Cache.lambda$get$0(Ljava/util/function/Supplier;Ljava/lang/Object;)Ljava/lang/Object;+1
j  org.gradle.cache.Cache$$Lambda+0x00000135a715e000.apply(Ljava/lang/Object;)Ljava/lang/Object;+5
j  org.gradle.cache.internal.DefaultCrossBuildInMemoryCacheFactory$AbstractCrossBuildInMemoryCache.produce(Ljava/util/function/Function;Ljava/lang/Object;)Ljava/lang/Object;+2
j  org.gradle.cache.internal.DefaultCrossBuildInMemoryCacheFactory$AbstractCrossBuildInMemoryCache.produceAndRetain(Ljava/util/function/Function;Ljava/lang/Object;)Ljava/lang/Object;+3
j  org.gradle.cache.internal.DefaultCrossBuildInMemoryCacheFactory$AbstractCrossBuildInMemoryCache.lambda$get$1(Ljava/util/function/Function;Ljava/lang/Object;)Ljava/lang/Object;+3
j  org.gradle.cache.internal.DefaultCrossBuildInMemoryCacheFactory$AbstractCrossBuildInMemoryCache$$Lambda+0x00000135a71d6db8.get()Ljava/lang/Object;+12
j  org.gradle.internal.lazy.LockingLazy.get()Ljava/lang/Object;+22
j  org.gradle.cache.internal.DefaultCrossBuildInMemoryCacheFactory$AbstractCrossBuildInMemoryCache.get(Ljava/lang/Object;Ljava/util/function/Function;)Ljava/lang/Object;+18
j  org.gradle.cache.Cache.get(Ljava/lang/Object;Ljava/util/function/Supplier;)Ljava/lang/Object;+8
j  org.gradle.internal.instantiation.generator.Jsr330ConstructorSelector.forType(Ljava/lang/Class;)Lorg/gradle/internal/instantiation/generator/ClassGenerator$GeneratedConstructor;+12
j  org.gradle.internal.instantiation.generator.Jsr330ConstructorSelector.forParams(Ljava/lang/Class;[Ljava/lang/Object;)Lorg/gradle/internal/instantiation/generator/ClassGenerator$GeneratedConstructor;+2
j  org.gradle.internal.instantiation.generator.DependencyInjectingInstantiator.doCreate(Ljava/lang/Class;Lorg/gradle/api/Describable;[Ljava/lang/Object;)Ljava/lang/Object;+6
j  org.gradle.internal.instantiation.generator.DependencyInjectingInstantiator.newInstance(Ljava/lang/Class;[Ljava/lang/Object;)Ljava/lang/Object;+4
j  org.gradle.groovy.scripts.internal.DefaultScriptRunnerFactory$ScriptRunnerImpl.getScript()Lorg/gradle/groovy/scripts/Script;+30
j  org.gradle.groovy.scripts.internal.DefaultScriptRunnerFactory$ScriptRunnerImpl.run(Ljava/lang/Object;Lorg/gradle/internal/service/ServiceRegistry;)V+21
j  org.gradle.configuration.DefaultScriptPluginFactory$ScriptPluginImpl.lambda$apply$1(Lorg/gradle/groovy/scripts/ScriptRunner;Ljava/lang/Object;Lorg/gradle/internal/service/CloseableServiceRegistry;)V+3
j  org.gradle.configuration.DefaultScriptPluginFactory$ScriptPluginImpl$$Lambda+0x00000135a7568b10.run()V+12
j  org.gradle.configuration.DefaultScriptTarget.addConfiguration(Ljava/lang/Runnable;Z)V+1
j  org.gradle.configuration.DefaultScriptPluginFactory$ScriptPluginImpl.apply(Ljava/lang/Object;)V+342
j  org.gradle.configuration.BuildOperationScriptPlugin$1.run(Lorg/gradle/internal/operations/BuildOperationContext;)V+11
j  org.gradle.internal.operations.DefaultBuildOperationRunner$1.execute(Lorg/gradle/internal/operations/RunnableBuildOperation;Lorg/gradle/internal/operations/BuildOperationContext;)V+2
j  org.gradle.internal.operations.DefaultBuildOperationRunner$1.execute(Lorg/gradle/internal/operations/BuildOperation;Lorg/gradle/internal/operations/BuildOperationContext;)V+6
j  org.gradle.internal.operations.DefaultBuildOperationRunner$2.execute(Lorg/gradle/internal/operations/BuildOperationDescriptor;Lorg/gradle/internal/operations/BuildOperationState;Lorg/gradle/internal/operations/BuildOperationState;Lorg/gradle/internal/operations/DefaultBuildOperationRunner$ReadableBuildOperationContext;Lorg/gradle/internal/operations/DefaultBuildOperationRunner$BuildOperationExecutionListener;)Lorg/gradle/internal/operations/BuildOperation;+22
j  org.gradle.internal.operations.DefaultBuildOperationRunner$2.execute(Lorg/gradle/internal/operations/BuildOperationDescriptor;Lorg/gradle/internal/operations/BuildOperationState;Lorg/gradle/internal/operations/BuildOperationState;Lorg/gradle/internal/operations/DefaultBuildOperationRunner$ReadableBuildOperationContext;Lorg/gradle/internal/operations/DefaultBuildOperationRunner$BuildOperationExecutionListener;)Ljava/lang/Object;+8
j  org.gradle.internal.operations.DefaultBuildOperationRunner.execute(Lorg/gradle/internal/operations/BuildOperationDescriptor$Builder;Lorg/gradle/internal/operations/DefaultBuildOperationRunner$BuildOperationExecution;)Ljava/lang/Object;+141
j  org.gradle.internal.operations.DefaultBuildOperationRunner.execute(Lorg/gradle/internal/operations/BuildOperation;Lorg/gradle/internal/operations/BuildOperationWorker;)V+17
j  org.gradle.internal.operations.DefaultBuildOperationRunner.run(Lorg/gradle/internal/operations/RunnableBuildOperation;)V+5
j  org.gradle.configuration.BuildOperationScriptPlugin.lambda$apply$0(Ljava/lang/Object;Lorg/gradle/internal/code/UserCodeApplicationId;)V+14
j  org.gradle.configuration.BuildOperationScriptPlugin$$Lambda+0x00000135a752efe8.execute(Ljava/lang/Object;)V+12
j  org.gradle.internal.code.DefaultUserCodeApplicationContext.apply(Lorg/gradle/internal/code/UserCodeSource;Lorg/gradle/api/Action;)V+37
j  org.gradle.configuration.BuildOperationScriptPlugin.apply(Ljava/lang/Object;)V+106
j  org.gradle.configuration.DefaultInitScriptProcessor.process(Lorg/gradle/groovy/scripts/ScriptSource;Lorg/gradle/api/internal/GradleInternal;)V+123
j  org.gradle.initialization.InitScriptHandler$1.run(Lorg/gradle/internal/operations/BuildOperationContext;)V+66
j  org.gradle.internal.operations.DefaultBuildOperationRunner$1.execute(Lorg/gradle/internal/operations/RunnableBuildOperation;Lorg/gradle/internal/operations/BuildOperationContext;)V+2
j  org.gradle.internal.operations.DefaultBuildOperationRunner$1.execute(Lorg/gradle/internal/operations/BuildOperation;Lorg/gradle/internal/operations/BuildOperationContext;)V+6
j  org.gradle.internal.operations.DefaultBuildOperationRunner$2.execute(Lorg/gradle/internal/operations/BuildOperationDescriptor;Lorg/gradle/internal/operations/BuildOperationState;Lorg/gradle/internal/operations/BuildOperationState;Lorg/gradle/internal/operations/DefaultBuildOperationRunner$ReadableBuildOperationContext;Lorg/gradle/internal/operations/DefaultBuildOperationRunner$BuildOperationExecutionListener;)Lorg/gradle/internal/operations/BuildOperation;+22
j  org.gradle.internal.operations.DefaultBuildOperationRunner$2.execute(Lorg/gradle/internal/operations/BuildOperationDescriptor;Lorg/gradle/internal/operations/BuildOperationState;Lorg/gradle/internal/operations/BuildOperationState;Lorg/gradle/internal/operations/DefaultBuildOperationRunner$ReadableBuildOperationContext;Lorg/gradle/internal/operations/DefaultBuildOperationRunner$BuildOperationExecutionListener;)Ljava/lang/Object;+8
j  org.gradle.internal.operations.DefaultBuildOperationRunner.execute(Lorg/gradle/internal/operations/BuildOperationDescriptor$Builder;Lorg/gradle/internal/operations/DefaultBuildOperationRunner$BuildOperationExecution;)Ljava/lang/Object;+141
j  org.gradle.internal.operations.DefaultBuildOperationRunner.execute(Lorg/gradle/internal/operations/BuildOperation;Lorg/gradle/internal/operations/BuildOperationWorker;)V+17
j  org.gradle.internal.operations.DefaultBuildOperationRunner.run(Lorg/gradle/internal/operations/RunnableBuildOperation;)V+5
j  org.gradle.initialization.InitScriptHandler.executeScripts(Lorg/gradle/api/internal/GradleInternal;)V+34
j  org.gradle.initialization.DefaultSettingsPreparer.loadBuild(Lorg/gradle/api/internal/GradleInternal;)V+38
j  org.gradle.initialization.DefaultSettingsPreparer.access$000(Lorg/gradle/initialization/DefaultSettingsPreparer;Lorg/gradle/api/internal/GradleInternal;)V+2
j  org.gradle.initialization.DefaultSettingsPreparer$2.run(Lorg/gradle/internal/operations/BuildOperationContext;)V+8
j  org.gradle.internal.operations.DefaultBuildOperationRunner$1.execute(Lorg/gradle/internal/operations/RunnableBuildOperation;Lorg/gradle/internal/operations/BuildOperationContext;)V+2
j  org.gradle.internal.operations.DefaultBuildOperationRunner$1.execute(Lorg/gradle/internal/operations/BuildOperation;Lorg/gradle/internal/operations/BuildOperationContext;)V+6
j  org.gradle.internal.operations.DefaultBuildOperationRunner$2.execute(Lorg/gradle/internal/operations/BuildOperationDescriptor;Lorg/gradle/internal/operations/BuildOperationState;Lorg/gradle/internal/operations/BuildOperationState;Lorg/gradle/internal/operations/DefaultBuildOperationRunner$ReadableBuildOperationContext;Lorg/gradle/internal/operations/DefaultBuildOperationRunner$BuildOperationExecutionListener;)Lorg/gradle/internal/operations/BuildOperation;+22
j  org.gradle.internal.operations.DefaultBuildOperationRunner$2.execute(Lorg/gradle/internal/operations/BuildOperationDescriptor;Lorg/gradle/internal/operations/BuildOperationState;Lorg/gradle/internal/operations/BuildOperationState;Lorg/gradle/internal/operations/DefaultBuildOperationRunner$ReadableBuildOperationContext;Lorg/gradle/internal/operations/DefaultBuildOperationRunner$BuildOperationExecutionListener;)Ljava/lang/Object;+8
j  org.gradle.internal.operations.DefaultBuildOperationRunner.execute(Lorg/gradle/internal/operations/BuildOperationDescriptor$Builder;Lorg/gradle/internal/operations/DefaultBuildOperationRunner$BuildOperationExecution;)Ljava/lang/Object;+141
j  org.gradle.internal.operations.DefaultBuildOperationRunner.execute(Lorg/gradle/internal/operations/BuildOperation;Lorg/gradle/internal/operations/BuildOperationWorker;)V+17
j  org.gradle.internal.operations.DefaultBuildOperationRunner.run(Lorg/gradle/internal/operations/RunnableBuildOperation;)V+5
j  org.gradle.initialization.DefaultSettingsPreparer.prepareSettings(Lorg/gradle/api/internal/GradleInternal;)V+31
j  org.gradle.initialization.VintageBuildModelController.lambda$prepareSettings$0()V+8
j  org.gradle.initialization.VintageBuildModelController$$Lambda+0x00000135a7429000.run()V+4
j  org.gradle.internal.model.StateTransitionController.lambda$doTransition$0(Ljava/lang/Runnable;)Lorg/gradle/internal/build/ExecutionResult;+1
j  org.gradle.internal.model.StateTransitionController$$Lambda+0x00000135a742bcb0.get()Ljava/lang/Object;+4
j  org.gradle.internal.model.StateTransitionController.doTransition(Lorg/gradle/internal/model/StateTransitionController$State;Lorg/gradle/internal/model/StateTransitionController$State;Ljava/util/function/Supplier;)Lorg/gradle/internal/build/ExecutionResult;+24
j  org.gradle.internal.model.StateTransitionController.doTransition(Lorg/gradle/internal/model/StateTransitionController$State;Lorg/gradle/internal/model/StateTransitionController$State;Ljava/lang/Runnable;)V+9
j  org.gradle.internal.model.StateTransitionController.lambda$transitionIfNotPreviously$0(Lorg/gradle/internal/model/StateTransitionController$State;Lorg/gradle/internal/model/StateTransitionController$State;Ljava/lang/Runnable;)V+16
j  org.gradle.internal.model.StateTransitionController$$Lambda+0x00000135a7429228.run()V+16
j  org.gradle.internal.work.DefaultSynchronizer.withLock(Ljava/lang/Runnable;)V+6
j  org.gradle.internal.model.StateTransitionController.transitionIfNotPreviously(Lorg/gradle/internal/model/StateTransitionController$State;Lorg/gradle/internal/model/StateTransitionController$State;Ljava/lang/Runnable;)V+13
j  org.gradle.initialization.VintageBuildModelController.prepareSettings()V+16
j  org.gradle.initialization.VintageBuildModelController.prepareToScheduleTasks()V+1
j  org.gradle.internal.build.DefaultBuildLifecycleController.lambda$prepareToScheduleTasks$0()V+9
j  org.gradle.internal.build.DefaultBuildLifecycleController$$Lambda+0x00000135a742b860.run()V+4
j  org.gradle.internal.model.StateTransitionController.lambda$doTransition$0(Ljava/lang/Runnable;)Lorg/gradle/internal/build/ExecutionResult;+1
j  org.gradle.internal.model.StateTransitionController$$Lambda+0x00000135a742bcb0.get()Ljava/lang/Object;+4
j  org.gradle.internal.model.StateTransitionController.doTransition(Lorg/gradle/internal/model/StateTransitionController$State;Lorg/gradle/internal/model/StateTransitionController$State;Ljava/util/function/Supplier;)Lorg/gradle/internal/build/ExecutionResult;+24
j  org.gradle.internal.model.StateTransitionController.doTransition(Lorg/gradle/internal/model/StateTransitionController$State;Lorg/gradle/internal/model/StateTransitionController$State;Ljava/lang/Runnable;)V+9
j  org.gradle.internal.model.StateTransitionController.lambda$maybeTransition$0(Lorg/gradle/internal/model/StateTransitionController$State;Lorg/gradle/internal/model/StateTransitionController$State;Ljava/lang/Runnable;)V+16
j  org.gradle.internal.model.StateTransitionController$$Lambda+0x00000135a742ba88.run()V+16
j  org.gradle.internal.work.DefaultSynchronizer.withLock(Ljava/lang/Runnable;)V+6
j  org.gradle.internal.model.StateTransitionController.maybeTransition(Lorg/gradle/internal/model/StateTransitionController$State;Lorg/gradle/internal/model/StateTransitionController$State;Ljava/lang/Runnable;)V+13
j  org.gradle.internal.build.DefaultBuildLifecycleController.prepareToScheduleTasks()V+16
j  org.gradle.internal.buildtree.DefaultBuildTreeWorkPreparer.scheduleRequestedTasks(Lorg/gradle/internal/buildtree/BuildTreeWorkGraph;Lorg/gradle/execution/EntryTaskSelector;)Lorg/gradle/internal/buildtree/BuildTreeWorkGraph$FinalizedGraph;+4
j  org.gradle.internal.cc.impl.barrier.BarrierAwareBuildTreeWorkPreparer.scheduleRequestedTasks$lambda$0(Lorg/gradle/internal/cc/impl/barrier/BarrierAwareBuildTreeWorkPreparer;Lorg/gradle/internal/buildtree/BuildTreeWorkGraph;Lorg/gradle/execution/EntryTaskSelector;)Lorg/gradle/internal/buildtree/BuildTreeWorkGraph$FinalizedGraph;+6
j  org.gradle.internal.cc.impl.barrier.BarrierAwareBuildTreeWorkPreparer$$Lambda+0x00000135a741d4f0.invoke()Ljava/lang/Object;+12
j  org.gradle.internal.cc.impl.barrier.VintageConfigurationTimeActionRunner.runConfigurationTimeAction(Lkotlin/jvm/functions/Function0;)Ljava/lang/Object;+25
j  org.gradle.internal.cc.impl.barrier.BarrierAwareBuildTreeWorkPreparer.scheduleRequestedTasks(Lorg/gradle/internal/buildtree/BuildTreeWorkGraph;Lorg/gradle/execution/EntryTaskSelector;)Lorg/gradle/internal/buildtree/BuildTreeWorkGraph$FinalizedGraph;+18
j  org.gradle.internal.cc.impl.VintageBuildTreeWorkController$scheduleAndRunRequestedTasks$1$finalizedGraph$1.call()Lorg/gradle/internal/buildtree/BuildTreeWorkGraph$FinalizedGraph;+15
j  org.gradle.internal.cc.impl.VintageBuildTreeWorkController$scheduleAndRunRequestedTasks$1$finalizedGraph$1.call()Ljava/lang/Object;+1
j  org.gradle.internal.Try.ofFailable(Ljava/util/concurrent/Callable;)Lorg/gradle/internal/Try;+1
j  org.gradle.internal.cc.impl.VintageBuildTreeWorkController$scheduleAndRunRequestedTasks$1.apply(Lorg/gradle/internal/buildtree/BuildTreeWorkGraph;)Lorg/gradle/internal/buildtree/BuildTreeWorkController$TaskRunResult;+25
j  org.gradle.internal.cc.impl.VintageBuildTreeWorkController$scheduleAndRunRequestedTasks$1.apply(Ljava/lang/Object;)Ljava/lang/Object;+5
j  org.gradle.composite.internal.DefaultIncludedBuildTaskGraph.withNewWorkGraph(Ljava/util/function/Function;)Ljava/lang/Object;+30
j  org.gradle.internal.cc.impl.VintageBuildTreeWorkController.scheduleAndRunRequestedTasks(Lorg/gradle/execution/EntryTaskSelector;)Lorg/gradle/internal/buildtree/BuildTreeWorkController$TaskRunResult;+16
j  org.gradle.internal.buildtree.DefaultBuildTreeLifecycleController.lambda$scheduleAndRunTasks$0(Lorg/gradle/execution/EntryTaskSelector;)Lorg/gradle/internal/build/ExecutionResult;+5
j  org.gradle.internal.buildtree.DefaultBuildTreeLifecycleController$$Lambda+0x00000135a742fd78.get()Ljava/lang/Object;+8
j  org.gradle.internal.buildtree.DefaultBuildTreeLifecycleController.lambda$runBuild$0(Ljava/util/function/Supplier;)Ljava/lang/Object;+1
j  org.gradle.internal.buildtree.DefaultBuildTreeLifecycleController$$Lambda+0x00000135a742a000.get()Ljava/lang/Object;+8
j  org.gradle.internal.model.StateTransitionController.lambda$transition$2(Ljava/util/function/Supplier;)Lorg/gradle/internal/build/ExecutionResult;+1
j  org.gradle.internal.model.StateTransitionController$$Lambda+0x00000135a742a450.get()Ljava/lang/Object;+4
j  org.gradle.internal.model.StateTransitionController.doTransition(Lorg/gradle/internal/model/StateTransitionController$State;Lorg/gradle/internal/model/StateTransitionController$State;Ljava/util/function/Supplier;)Lorg/gradle/internal/build/ExecutionResult;+24
j  org.gradle.internal.model.StateTransitionController.lambda$transition$1(Lorg/gradle/internal/model/StateTransitionController$State;Lorg/gradle/internal/model/StateTransitionController$State;Ljava/util/function/Supplier;)Ljava/lang/Object;+9
j  org.gradle.internal.model.StateTransitionController$$Lambda+0x00000135a742a228.create()Ljava/lang/Object;+16
j  org.gradle.internal.work.DefaultSynchronizer.withLock(Lorg/gradle/internal/Factory;)Ljava/lang/Object;+6
j  org.gradle.internal.model.StateTransitionController.transition(Lorg/gradle/internal/model/StateTransitionController$State;Lorg/gradle/internal/model/StateTransitionController$State;Ljava/util/function/Supplier;)Ljava/lang/Object;+13
j  org.gradle.internal.buildtree.DefaultBuildTreeLifecycleController.runBuild(Ljava/util/function/Supplier;)Ljava/lang/Object;+17
j  org.gradle.internal.buildtree.DefaultBuildTreeLifecycleController.scheduleAndRunTasks(Lorg/gradle/execution/EntryTaskSelector;)V+8
j  org.gradle.internal.buildtree.DefaultBuildTreeLifecycleController.scheduleAndRunTasks()V+2
j  org.gradle.tooling.internal.provider.runner.BuildModelActionRunner.run(Lorg/gradle/internal/invocation/BuildAction;Lorg/gradle/internal/buildtree/BuildTreeLifecycleController;)Lorg/gradle/internal/buildtree/BuildActionRunner$Result;+71
j  org.gradle.launcher.exec.ChainingBuildActionRunner.run(Lorg/gradle/internal/invocation/BuildAction;Lorg/gradle/internal/buildtree/BuildTreeLifecycleController;)Lorg/gradle/internal/buildtree/BuildActionRunner$Result;+34
j  org.gradle.internal.buildtree.ProblemReportingBuildActionRunner.run(Lorg/gradle/internal/invocation/BuildAction;Lorg/gradle/internal/buildtree/BuildTreeLifecycleController;)Lorg/gradle/internal/buildtree/BuildActionRunner$Result;+12
j  org.gradle.launcher.exec.BuildOutcomeReportingBuildActionRunner.run(Lorg/gradle/internal/invocation/BuildAction;Lorg/gradle/internal/buildtree/BuildTreeLifecycleController;)Lorg/gradle/internal/buildtree/BuildActionRunner$Result;+69
j  org.gradle.tooling.internal.provider.FileSystemWatchingBuildActionRunner.run(Lorg/gradle/internal/invocation/BuildAction;Lorg/gradle/internal/buildtree/BuildTreeLifecycleController;)Lorg/gradle/internal/buildtree/BuildActionRunner$Result;+240
j  org.gradle.launcher.exec.BuildCompletionNotifyingBuildActionRunner.run(Lorg/gradle/internal/invocation/BuildAction;Lorg/gradle/internal/buildtree/BuildTreeLifecycleController;)Lorg/gradle/internal/buildtree/BuildActionRunner$Result;+6
j  org.gradle.launcher.exec.RootBuildLifecycleBuildActionExecutor.lambda$execute$0(Lorg/gradle/internal/invocation/BuildAction;Lorg/gradle/internal/buildtree/BuildTreeLifecycleController;)Lorg/gradle/internal/buildtree/BuildActionRunner$Result;+6
j  org.gradle.launcher.exec.RootBuildLifecycleBuildActionExecutor$$Lambda+0x00000135a7414888.apply(Ljava/lang/Object;)Ljava/lang/Object;+12
j  org.gradle.composite.internal.DefaultRootBuildState.run(Ljava/util/function/Function;)Ljava/lang/Object;+92
j  org.gradle.launcher.exec.RootBuildLifecycleBuildActionExecutor.execute(Lorg/gradle/internal/invocation/BuildAction;)Lorg/gradle/internal/buildtree/BuildActionRunner$Result;+87
j  org.gradle.launcher.exec.DefaultBuildTreeActionExecutor.runBuildTreeLifecycle(Lorg/gradle/internal/invocation/BuildAction;Lorg/gradle/internal/service/ServiceRegistry;)Lorg/gradle/internal/buildtree/BuildActionRunner$Result;+83
j  org.gradle.launcher.exec.DefaultBuildTreeActionExecutor.access$100(Lorg/gradle/launcher/exec/DefaultBuildTreeActionExecutor;Lorg/gradle/internal/invocation/BuildAction;Lorg/gradle/internal/service/ServiceRegistry;)Lorg/gradle/internal/buildtree/BuildActionRunner$Result;+3
j  org.gradle.launcher.exec.DefaultBuildTreeActionExecutor$2.call(Lorg/gradle/internal/operations/BuildOperationContext;)Lorg/gradle/internal/buildtree/BuildActionRunner$Result;+22
j  org.gradle.launcher.exec.DefaultBuildTreeActionExecutor$2.call(Lorg/gradle/internal/operations/BuildOperationContext;)Ljava/lang/Object;+2
j  org.gradle.internal.operations.DefaultBuildOperationRunner$CallableBuildOperationWorker.execute(Lorg/gradle/internal/operations/CallableBuildOperation;Lorg/gradle/internal/operations/BuildOperationContext;)V+3
j  org.gradle.internal.operations.DefaultBuildOperationRunner$CallableBuildOperationWorker.execute(Lorg/gradle/internal/operations/BuildOperation;Lorg/gradle/internal/operations/BuildOperationContext;)V+6
j  org.gradle.internal.operations.DefaultBuildOperationRunner$2.execute(Lorg/gradle/internal/operations/BuildOperationDescriptor;Lorg/gradle/internal/operations/BuildOperationState;Lorg/gradle/internal/operations/BuildOperationState;Lorg/gradle/internal/operations/DefaultBuildOperationRunner$ReadableBuildOperationContext;Lorg/gradle/internal/operations/DefaultBuildOperationRunner$BuildOperationExecutionListener;)Lorg/gradle/internal/operations/BuildOperation;+22
j  org.gradle.internal.operations.DefaultBuildOperationRunner$2.execute(Lorg/gradle/internal/operations/BuildOperationDescriptor;Lorg/gradle/internal/operations/BuildOperationState;Lorg/gradle/internal/operations/BuildOperationState;Lorg/gradle/internal/operations/DefaultBuildOperationRunner$ReadableBuildOperationContext;Lorg/gradle/internal/operations/DefaultBuildOperationRunner$BuildOperationExecutionListener;)Ljava/lang/Object;+8
j  org.gradle.internal.operations.DefaultBuildOperationRunner.execute(Lorg/gradle/internal/operations/BuildOperationDescriptor$Builder;Lorg/gradle/internal/operations/DefaultBuildOperationRunner$BuildOperationExecution;)Ljava/lang/Object;+141
j  org.gradle.internal.operations.DefaultBuildOperationRunner.execute(Lorg/gradle/internal/operations/BuildOperation;Lorg/gradle/internal/operations/BuildOperationWorker;)V+17
j  org.gradle.internal.operations.DefaultBuildOperationRunner.call(Lorg/gradle/internal/operations/CallableBuildOperation;)Ljava/lang/Object;+12
j  org.gradle.launcher.exec.DefaultBuildTreeActionExecutor.runAsBuildOperation(Lorg/gradle/internal/invocation/BuildAction;Lorg/gradle/internal/service/ServiceRegistry;)Lorg/gradle/internal/buildtree/BuildActionRunner$Result;+23
j  org.gradle.launcher.exec.DefaultBuildTreeActionExecutor.lambda$runBuildTreeAction$0(Lorg/gradle/internal/invocation/BuildAction;Lorg/gradle/internal/service/ServiceRegistry;)Lorg/gradle/internal/buildtree/BuildActionRunner$Result;+3
j  org.gradle.launcher.exec.DefaultBuildTreeActionExecutor$$Lambda+0x00000135a72a8000.create()Ljava/lang/Object;+12
j  org.gradle.internal.work.DefaultWorkerLeaseService.lambda$runAndReleaseLocks$0(Lorg/gradle/internal/Factory;Ljava/util/Collection;)Ljava/lang/Object;+1
j  org.gradle.internal.work.DefaultWorkerLeaseService$$Lambda+0x00000135a72a9be0.create()Ljava/lang/Object;+12
j  org.gradle.internal.work.ResourceLockStatistics$1.measure(Ljava/lang/String;Ljava/lang/Iterable;Lorg/gradle/internal/Factory;)Ljava/lang/Object;+1
j  org.gradle.internal.work.DefaultWorkerLeaseService.runAndReleaseLocks(Ljava/util/Collection;Lorg/gradle/internal/Factory;)Ljava/lang/Object;+16
j  org.gradle.internal.work.DefaultWorkerLeaseService.withLocksAcquired(Ljava/util/Collection;Lorg/gradle/internal/Factory;)Ljava/lang/Object;+8
j  org.gradle.internal.work.DefaultWorkerLeaseService.withLocks(Ljava/util/Collection;Lorg/gradle/internal/Factory;)Ljava/lang/Object;+25
j  org.gradle.internal.work.DefaultWorkerLeaseService.runAsWorkerThread(Lorg/gradle/internal/Factory;)Ljava/lang/Object;+33
j  org.gradle.launcher.exec.DefaultBuildTreeActionExecutor.runBuildTreeAction(Lorg/gradle/internal/invocation/BuildAction;Lorg/gradle/internal/service/ServiceRegistry;)Lorg/gradle/internal/buildtree/BuildActionRunner$Result;+12
j  org.gradle.tooling.internal.provider.continuous.ContinuousBuildActionExecutor.execute(Lorg/gradle/internal/invocation/BuildAction;Lorg/gradle/internal/session/BuildSessionContext;)Lorg/gradle/internal/buildtree/BuildActionRunner$Result;+63
j  org.gradle.tooling.internal.provider.SubscribableBuildActionExecutor.execute(Lorg/gradle/internal/invocation/BuildAction;Lorg/gradle/internal/session/BuildSessionContext;)Lorg/gradle/internal/buildtree/BuildActionRunner$Result;+30
j  org.gradle.internal.session.DefaultBuildSessionContext.execute(Lorg/gradle/internal/invocation/BuildAction;)Lorg/gradle/internal/buildtree/BuildActionRunner$Result;+64
j  org.gradle.internal.buildprocess.execution.BuildSessionLifecycleBuildActionExecutor$ActionImpl.apply(Lorg/gradle/internal/session/BuildSessionContext;)Lorg/gradle/launcher/exec/BuildActionResult;+6
j  org.gradle.internal.buildprocess.execution.BuildSessionLifecycleBuildActionExecutor$ActionImpl.apply(Ljava/lang/Object;)Ljava/lang/Object;+5
j  org.gradle.internal.session.BuildSessionState.run(Ljava/util/function/Function;)Ljava/lang/Object;+5
j  org.gradle.internal.buildprocess.execution.BuildSessionLifecycleBuildActionExecutor.execute(Lorg/gradle/internal/invocation/BuildAction;Lorg/gradle/launcher/exec/BuildActionParameters;Lorg/gradle/initialization/BuildRequestContext;)Lorg/gradle/launcher/exec/BuildActionResult;+105
j  org.gradle.internal.buildprocess.execution.BuildSessionLifecycleBuildActionExecutor.execute(Lorg/gradle/internal/invocation/BuildAction;Ljava/lang/Object;Ljava/lang/Object;)Lorg/gradle/launcher/exec/BuildActionResult;+10
j  org.gradle.internal.buildprocess.execution.StartParamsValidatingActionExecutor.execute(Lorg/gradle/internal/invocation/BuildAction;Lorg/gradle/launcher/exec/BuildActionParameters;Lorg/gradle/initialization/BuildRequestContext;)Lorg/gradle/launcher/exec/BuildActionResult;+142
j  org.gradle.internal.buildprocess.execution.StartParamsValidatingActionExecutor.execute(Lorg/gradle/internal/invocation/BuildAction;Ljava/lang/Object;Ljava/lang/Object;)Lorg/gradle/launcher/exec/BuildActionResult;+10
j  org.gradle.internal.buildprocess.execution.SessionFailureReportingActionExecutor.execute(Lorg/gradle/internal/invocation/BuildAction;Lorg/gradle/launcher/exec/BuildActionParameters;Lorg/gradle/initialization/BuildRequestContext;)Lorg/gradle/launcher/exec/BuildActionResult;+7
j  org.gradle.internal.buildprocess.execution.SessionFailureReportingActionExecutor.execute(Lorg/gradle/internal/invocation/BuildAction;Ljava/lang/Object;Ljava/lang/Object;)Lorg/gradle/launcher/exec/BuildActionResult;+10
j  org.gradle.internal.buildprocess.execution.SetupLoggingActionExecutor.execute(Lorg/gradle/internal/invocation/BuildAction;Lorg/gradle/launcher/exec/BuildActionParameters;Lorg/gradle/initialization/BuildRequestContext;)Lorg/gradle/launcher/exec/BuildActionResult;+50
j  org.gradle.internal.buildprocess.execution.SetupLoggingActionExecutor.execute(Lorg/gradle/internal/invocation/BuildAction;Ljava/lang/Object;Ljava/lang/Object;)Lorg/gradle/launcher/exec/BuildActionResult;+10
j  org.gradle.launcher.daemon.server.exec.ExecuteBuild.doBuild(Lorg/gradle/launcher/daemon/server/api/DaemonCommandExecution;Lorg/gradle/launcher/daemon/protocol/Build;)V+147
j  org.gradle.launcher.daemon.server.exec.BuildCommandOnly.execute(Lorg/gradle/launcher/daemon/server/api/DaemonCommandExecution;)V+49
j  org.gradle.launcher.daemon.server.api.DaemonCommandExecution.proceed()Z+23
j  org.gradle.launcher.daemon.server.exec.WatchForDisconnection.execute(Lorg/gradle/launcher/daemon/server/api/DaemonCommandExecution;)V+19
j  org.gradle.launcher.daemon.server.api.DaemonCommandExecution.proceed()Z+23
j  org.gradle.launcher.daemon.server.exec.ResetDeprecationLogger.execute(Lorg/gradle/launcher/daemon/server/api/DaemonCommandExecution;)V+7
j  org.gradle.launcher.daemon.server.api.DaemonCommandExecution.proceed()Z+23
j  org.gradle.launcher.daemon.server.exec.RequestStopIfSingleUsedDaemon.execute(Lorg/gradle/launcher/daemon/server/api/DaemonCommandExecution;)V+33
j  org.gradle.launcher.daemon.server.api.DaemonCommandExecution.proceed()Z+23
j  org.gradle.launcher.daemon.server.exec.ForwardClientInput.lambda$execute$0(Lorg/gradle/launcher/daemon/server/api/DaemonCommandExecution;Lorg/gradle/internal/daemon/clientinput/StdinHandler;)Ljava/lang/Object;+11
j  org.gradle.launcher.daemon.server.exec.ForwardClientInput$$Lambda+0x00000135a71966f8.apply(Ljava/lang/Object;)Ljava/lang/Object;+8
j  org.gradle.internal.daemon.clientinput.ClientInputForwarder.forwardInput(Ljava/util/function/Function;)Ljava/lang/Object;+46
j  org.gradle.launcher.daemon.server.exec.ForwardClientInput.execute(Lorg/gradle/launcher/daemon/server/api/DaemonCommandExecution;)V+10
j  org.gradle.launcher.daemon.server.api.DaemonCommandExecution.proceed()Z+23
j  org.gradle.launcher.daemon.server.exec.LogAndCheckHealth.execute(Lorg/gradle/launcher/daemon/server/api/DaemonCommandExecution;)V+51
j  org.gradle.launcher.daemon.server.api.DaemonCommandExecution.proceed()Z+23
j  org.gradle.launcher.daemon.server.exec.ApplyClientEnvironmentVariables.doBuild(Lorg/gradle/launcher/daemon/server/api/DaemonCommandExecution;Lorg/gradle/launcher/daemon/protocol/Build;)V+133
j  org.gradle.launcher.daemon.server.exec.BuildCommandOnly.execute(Lorg/gradle/launcher/daemon/server/api/DaemonCommandExecution;)V+49
j  org.gradle.launcher.daemon.server.api.DaemonCommandExecution.proceed()Z+23
j  org.gradle.launcher.daemon.server.exec.LogToClient.doBuild(Lorg/gradle/launcher/daemon/server/api/DaemonCommandExecution;Lorg/gradle/launcher/daemon/protocol/Build;)V+87
j  org.gradle.launcher.daemon.server.exec.BuildCommandOnly.execute(Lorg/gradle/launcher/daemon/server/api/DaemonCommandExecution;)V+49
j  org.gradle.launcher.daemon.server.api.DaemonCommandExecution.proceed()Z+23
j  org.gradle.launcher.daemon.server.exec.EstablishBuildEnvironment.doBuild(Lorg/gradle/launcher/daemon/server/api/DaemonCommandExecution;Lorg/gradle/launcher/daemon/protocol/Build;)V+225
j  org.gradle.launcher.daemon.server.exec.BuildCommandOnly.execute(Lorg/gradle/launcher/daemon/server/api/DaemonCommandExecution;)V+49
j  org.gradle.launcher.daemon.server.api.DaemonCommandExecution.proceed()Z+23
j  org.gradle.launcher.daemon.server.exec.StartBuildOrRespondWithBusy$1.run()V+44
j  org.gradle.launcher.daemon.server.DaemonStateCoordinator.lambda$runCommand$0(Ljava/lang/Runnable;)V+1
j  org.gradle.launcher.daemon.server.DaemonStateCoordinator$$Lambda+0x00000135a7195288.run()V+8
j  org.gradle.internal.concurrent.ExecutorPolicy$CatchAndRecordFailures.onExecute(Ljava/lang/Runnable;)V+1
j  org.gradle.internal.concurrent.AbstractManagedExecutor$1.run()V+25
j  java.util.concurrent.ThreadPoolExecutor.runWorker(Ljava/util/concurrent/ThreadPoolExecutor$Worker;)V+92 java.base@21.0.12.1
j  java.util.concurrent.ThreadPoolExecutor$Worker.run()V+5 java.base@21.0.12.1
j  java.lang.Thread.runWith(Ljava/lang/Object;Ljava/lang/Runnable;)V+5 java.base@21.0.12.1
j  java.lang.Thread.run()V+19 java.base@21.0.12.1
v  ~StubRoutines::call_stub 0x000001359aec100d

Compiled method (n/a) 151488  732     n 0       java.lang.ClassLoader::defineClass1 (native)
 total in heap  [0x000001359b4a9210,0x000001359b4a97a8] = 1432
 relocation     [0x000001359b4a9370,0x000001359b4a93a8] = 56
 main code      [0x000001359b4a93c0,0x000001359b4a97a1] = 993
 stub code      [0x000001359b4a97a1,0x000001359b4a97a8] = 7

[Constant Pool (empty)]

[MachCode]
[Entry Point]
  # {method} {0x00000135a6434c38} 'defineClass1' '(Ljava/lang/ClassLoader;Ljava/lang/String;[BIILjava/security/ProtectionDomain;Ljava/lang/String;)Ljava/lang/Class;' in 'java/lang/ClassLoader'
  # parm0:    rdx:rdx   = 'java/lang/ClassLoader'
  # parm1:    r8:r8     = 'java/lang/String'
  # parm2:    r9:r9     = '[B'
  # parm3:    rdi       = int
  # parm4:    rsi       = int
  # parm5:    rcx:rcx   = 'java/security/ProtectionDomain'
  # parm6:    [sp+0xa0]   = 'java/lang/String'  (sp of caller)
  0x000001359b4a93c0: 448b 5208 | 49bb 0000 | 00a6 3501 | 0000 4d03 | d349 3bc2 | 0f84 0600 

  0x000001359b4a93d8: ;   {runtime_call ic_miss_stub}
  0x000001359b4a93d8: 0000 e9a1 | 53a6 ff90 
[Verified Entry Point]
  0x000001359b4a93e0: 8984 2400 | 80ff ff55 | 488b ec48 | 81ec 9000 | 0000 6690 | 4181 7f20 | 0300 0000 

  0x000001359b4a93fc: ;   {runtime_call StubRoutines (final stubs)}
  0x000001359b4a93fc: 7405 e89d | d0a4 ff48 | 837d 1000 | 488d 4510 | 480f 4445 | 1048 8944 | 2440 4889 | 4c24 7048 
  0x000001359b4a941c: 83f9 0048 | 8d44 2470 | 480f 4444 | 2470 4889 | 4424 3848 | 8974 2430 | 4889 7c24 | 284c 894c 
  0x000001359b4a943c: 2458 4983 | f900 488d | 4424 5848 | 0f44 4424 | 5848 8944 | 2420 4c89 | 4424 5049 | 83f8 004c 
  0x000001359b4a945c: 8d4c 2450 | 4c0f 444c | 2450 4889 | 5424 4848 | 83fa 004c | 8d44 2448 | 4c0f 4444 

  0x000001359b4a9478: ;   {oop(a 'java/lang/Class'{0x00000000e00c4188} = 'java/lang/ClassLoader')}
  0x000001359b4a9478: 2448 49be | 8841 0ce0 | 0000 0000 | 4c89 7424 | 784c 8d74 | 2478 498b | d6c5 f877 

  0x000001359b4a9494: ;   {internal_word}
  0x000001359b4a9494: 49ba 9194 | 4a9b 3501 | 0000 4d89 | 97a8 0300 | 0049 89a7 | a003 0000 

  0x000001359b4a94ac: ;   {external_word}
  0x000001359b4a94ac: 49ba 066d | 51eb fa7f | 0000 4180 | 3a00 0f84 | 4e00 0000 | 5241 5041 

  0x000001359b4a94c4: ;   {metadata({method} {0x00000135a6434c38} 'defineClass1' '(Ljava/lang/ClassLoader;Ljava/lang/String;[BIILjava/security/ProtectionDomain;Ljava/lang/String;)Ljava/lang/Class;' in 'java/lang/ClassLoader')}
  0x000001359b4a94c4: 5148 ba30 | 4c43 a635 | 0100 0049 | 8bcf 4883 | ec20 40f6 | c40f 0f84 | 1900 0000 | 4883 ec08 
  0x000001359b4a94e4: ;   {runtime_call}
  0x000001359b4a94e4: 48b8 e0ea | faea fa7f | 0000 ffd0 | 4883 c408 | e90c 0000 

  0x000001359b4a94f8: ;   {runtime_call}
  0x000001359b4a94f8: 0048 b8e0 | eafa eafa | 7f00 00ff | d048 83c4 | 2041 5941 | 585a 498d | 8fc0 0300 | 0041 c787 
  0x000001359b4a9518: 4c04 0000 | 0400 0000 

  0x000001359b4a9520: ;   {runtime_call}
  0x000001359b4a9520: 48b8 ac16 | 5f94 fb7f | 0000 ffd0 | c5f8 7741 | c787 4c04 | 0000 0500 | 0000 f083 | 4424 c000 
  0x000001359b4a9540: 493b af50 | 0400 000f | 870e 0000 | 0041 83bf | 4804 0000 | 000f 842b | 0000 00c5 | f877 4889 
  0x000001359b4a9560: 45f8 498b | cf4c 8be4 | 4883 ec20 | 4883 e4f0 

  0x000001359b4a9570: ;   {runtime_call}
  0x000001359b4a9570: 48b8 0058 | c6ea fa7f | 0000 ffd0 | 498b e44d | 33e4 488b | 45f8 41c7 | 874c 0400 | 0008 0000 
  0x000001359b4a9590: 0041 83bf | c804 0000 | 020f 84d5 

  0x000001359b4a959c: ;   {external_word}
  0x000001359b4a959c: 0100 0049 | ba06 6d51 | ebfa 7f00 | 0041 803a | 000f 844c | 0000 0048 

  0x000001359b4a95b4: ;   {metadata({method} {0x00000135a6434c38} 'defineClass1' '(Ljava/lang/ClassLoader;Ljava/lang/String;[BIILjava/security/ProtectionDomain;Ljava/lang/String;)Ljava/lang/Class;' in 'java/lang/ClassLoader')}
  0x000001359b4a95b4: 8945 f848 | ba30 4c43 | a635 0100 | 0049 8bcf | 4883 ec20 | 40f6 c40f | 0f84 1900 | 0000 4883 
  0x000001359b4a95d4: ;   {runtime_call}
  0x000001359b4a95d4: ec08 48b8 | e0ea faea | fa7f 0000 | ffd0 4883 | c408 e90c 

  0x000001359b4a95e8: ;   {runtime_call}
  0x000001359b4a95e8: 0000 0048 | b8e0 eafa | eafa 7f00 | 00ff d048 | 83c4 2048 | 8b45 f849 | c787 a003 | 0000 0000 
  0x000001359b4a9608: 0000 49c7 | 87a8 0300 | 0000 0000 | 00c5 f877 | 4885 c00f | 8430 0100 | 00a8 030f | 8508 0000 
  0x000001359b4a9628: 0048 8b00 | e920 0100 | 00a8 010f | 8509 0000 | 0048 8b40 | fee9 0f01 | 0000 488b | 40ff 4180 
  0x000001359b4a9648: 7f40 000f | 8400 0100 | 0048 83f8 | 000f 84f6 | 0000 0049 | 8b4f 2848 | 83f9 000f | 8414 0000 
  0x000001359b4a9668: 0048 83e9 | 0849 894f | 2849 034f | 3848 8901 | e9d4 0000 | 0048 83ec | 7048 8904 | 2448 894c 
  0x000001359b4a9688: 2408 4889 | 5424 104c | 8944 2418 | 4c89 4c24 | 204c 8954 | 2428 4c89 | 5c24 30c5 | fb11 4424 
  0x000001359b4a96a8: 40c5 fb11 | 4c24 48c5 | fb11 5424 | 50c5 fb11 | 5c24 58c5 | fb11 6424 | 60c5 fb11 | 6c24 6849 
  0x000001359b4a96c8: 8bd7 488b | c848 83ec | 2040 f6c4 | 0f0f 8419 | 0000 0048 

  0x000001359b4a96dc: ;   {runtime_call}
  0x000001359b4a96dc: 83ec 0848 | b820 a4b9 | eafa 7f00 | 00ff d048 | 83c4 08e9 | 0c00 0000 

  0x000001359b4a96f4: ;   {runtime_call}
  0x000001359b4a96f4: 48b8 20a4 | b9ea fa7f | 0000 ffd0 | 4883 c420 | c5fb 106c | 2468 c5fb | 1064 2460 | c5fb 105c 
  0x000001359b4a9714: 2458 c5fb | 1054 2450 | c5fb 104c | 2448 c5fb | 1044 2440 | 4c8b 5c24 | 304c 8b54 | 2428 4c8b 
  0x000001359b4a9734: 4c24 204c | 8b44 2418 | 488b 5424 | 1048 8b4c | 2408 488b | 0424 4883 | c470 c5f8 | 7749 8b8f 
  0x000001359b4a9754: 3004 0000 | c781 0001 | 0000 0000 | 0000 c949 | 837f 0800 | 0f85 0100 

  0x000001359b4a976c: ;   {runtime_call StubRoutines (initial stubs)}
  0x000001359b4a976c: 0000 c3e9 | 8c77 a1ff | c5f8 7748 | 8945 f84c | 8be4 4883 | ec20 4883 

  0x000001359b4a9784: ;   {runtime_call}
  0x000001359b4a9784: e4f0 48b8 | 3022 fbea | fa7f 0000 | ffd0 498b | e44d 33e4 | 488b 45f8 | e9fe fdff | fff4 f4f4 
  0x000001359b4a97a4: f4f4 f4f4 
[/MachCode]


Compiled method (c1) 151509 2305   !   3       jdk.internal.loader.AbstractClassLoaderValue::computeIfAbsent (113 bytes)
 total in heap  [0x0000013593dd8690,0x0000013593dd9d78] = 5864
 relocation     [0x0000013593dd87f0,0x0000013593dd8950] = 352
 main code      [0x0000013593dd8960,0x0000013593dd9700] = 3488
 stub code      [0x0000013593dd9700,0x0000013593dd9798] = 152
 metadata       [0x0000013593dd9798,0x0000013593dd9810] = 120
 scopes data    [0x0000013593dd9810,0x0000013593dd9aa0] = 656
 scopes pcs     [0x0000013593dd9aa0,0x0000013593dd9c70] = 464
 dependencies   [0x0000013593dd9c70,0x0000013593dd9c90] = 32
 handler table  [0x0000013593dd9c90,0x0000013593dd9d48] = 184
 nul chk table  [0x0000013593dd9d48,0x0000013593dd9d78] = 48

[Constant Pool (empty)]

[MachCode]
[Entry Point]
  # {method} {0x00000135a621b6a0} 'computeIfAbsent' '(Ljava/lang/ClassLoader;Ljava/util/function/BiFunction;)Ljava/lang/Object;' in 'jdk/internal/loader/AbstractClassLoaderValue'
  # this:     rdx:rdx   = 'jdk/internal/loader/AbstractClassLoaderValue'
  # parm0:    r8:r8     = 'java/lang/ClassLoader'
  # parm1:    r9:r9     = 'java/util/function/BiFunction'
  #           [sp+0xb0]  (sp of caller)
  0x0000013593dd8960: 448b 5208 | 49bb 0000 | 00a6 3501 | 0000 4d03 | d34c 3bd0 

  0x0000013593dd8974: ;   {runtime_call ic_miss_stub}
  0x0000013593dd8974: 0f85 065e | 1307 660f | 1f44 0000 
[Verified Entry Point]
  0x0000013593dd8980: 8984 2400 | 80ff ff55 | 4881 eca0 | 0000 0090 | 4181 7f20 | 0300 0000 

  0x0000013593dd8998: ;   {runtime_call StubRoutines (final stubs)}
  0x0000013593dd8998: 7405 e801 | db11 0748 | 8954 2458 | 4c89 4424 | 604c 894c 

  0x0000013593dd89ac: ;   {metadata(method data for {method} {0x00000135a621b6a0} 'computeIfAbsent' '(Ljava/lang/ClassLoader;Ljava/util/function/BiFunction;)Ljava/lang/Object;' in 'jdk/internal/loader/AbstractClassLoaderValue')}
  0x0000013593dd89ac: 2468 48be | 485f 92bb | 3501 0000 | 8bbe cc00 | 0000 83c7 | 0289 becc | 0000 0081 | e7fe 0700 
  0x0000013593dd89cc: 0085 ff0f | 8448 0a00 

  0x0000013593dd89d4: ;   {metadata(method data for {method} {0x00000135a621b6a0} 'computeIfAbsent' '(Ljava/lang/ClassLoader;Ljava/util/function/BiFunction;)Ljava/lang/Object;' in 'jdk/internal/loader/AbstractClassLoaderValue')}
  0x0000013593dd89d4: 0048 be48 | 5f92 bb35 | 0100 0048 | 8386 1001 

  0x0000013593dd89e4: ;   {metadata(method data for {method} {0x00000135a621b8b0} 'map' '(Ljava/lang/ClassLoader;)Ljava/util/concurrent/ConcurrentHashMap;' in 'jdk/internal/loader/AbstractClassLoaderValue')}
  0x0000013593dd89e4: 0000 0148 | be20 5520 | bb35 0100 | 008b becc | 0000 0083 | c702 89be | cc00 0000 | 81e7 feff 
  0x0000013593dd8a04: 1f00 85ff | 0f84 300a | 0000 4d85 

  0x0000013593dd8a10: ;   {metadata(method data for {method} {0x00000135a621b8b0} 'map' '(Ljava/lang/ClassLoader;)Ljava/util/concurrent/ConcurrentHashMap;' in 'jdk/internal/loader/AbstractClassLoaderValue')}
  0x0000013593dd8a10: c048 be20 | 5520 bb35 | 0100 0048 | c7c7 1001 | 0000 7507 | 48c7 c720 | 0100 0048 | 8b1c 3e48 
  0x0000013593dd8a30: 8d5b 0148 | 891c 3e0f | 8558 0000 

  0x0000013593dd8a3c: ;   {metadata(method data for {method} {0x00000135a621b8b0} 'map' '(Ljava/lang/ClassLoader;)Ljava/util/concurrent/ConcurrentHashMap;' in 'jdk/internal/loader/AbstractClassLoaderValue')}
  0x0000013593dd8a3c: 0048 be20 | 5520 bb35 | 0100 0048 | 8386 3001 

  0x0000013593dd8a4c: ;   {metadata(method data for {method} {0x00000135a60ed6c8} 'getClassLoaderValueMap' '()Ljava/util/concurrent/ConcurrentHashMap;' in 'jdk/internal/loader/BootLoader')}
  0x0000013593dd8a4c: 0000 0148 | bef0 5620 | bb35 0100 | 008b becc | 0000 0083 | c702 89be | cc00 0000 | 81e7 feff 
  0x0000013593dd8a6c: 1f00 85ff | 0f84 e909 

  0x0000013593dd8a74: ;   {metadata(method data for {method} {0x00000135a621b8b0} 'map' '(Ljava/lang/ClassLoader;)Ljava/util/concurrent/ConcurrentHashMap;' in 'jdk/internal/loader/AbstractClassLoaderValue')}
  0x0000013593dd8a74: 0000 48be | 2055 20bb | 3501 0000 | ff86 4001 

  0x0000013593dd8a84: ;   {oop(a 'java/util/concurrent/ConcurrentHashMap'{0x00000000e0049b38})}
  0x0000013593dd8a84: 0000 48be | 389b 04e0 | 0000 0000 | e9f2 0000 

  0x0000013593dd8a94: ;   {oop(a 'java/lang/System$2'{0x00000000e008e6d8})}
  0x0000013593dd8a94: 0048 bed8 | e608 e000 

  0x0000013593dd8a9c: ;   {metadata(method data for {method} {0x00000135a621b8b0} 'map' '(Ljava/lang/ClassLoader;)Ljava/util/concurrent/ConcurrentHashMap;' in 'jdk/internal/loader/AbstractClassLoaderValue')}
  0x0000013593dd8a9c: 0000 0048 | bf20 5520 | bb35 0100 | 0048 8387 | 7001 0000 

  0x0000013593dd8ab0: ;   {metadata(method data for {method} {0x00000135a6019638} 'createOrGetClassLoaderValueMap' '(Ljava/lang/ClassLoader;)Ljava/util/concurrent/ConcurrentHashMap;' in 'java/lang/System$2')}
  0x0000013593dd8ab0: 0148 be18 | 5820 bb35 | 0100 008b | becc 0000 | 0083 c702 | 89be cc00 | 0000 81e7 | feff 1f00 
  0x0000013593dd8ad0: 85ff 0f84 | a809 0000 

  0x0000013593dd8ad8: ; implicit exception: dispatches to 0x0000013593dd94a1
  0x0000013593dd8ad8: 493b 0049 

  0x0000013593dd8adc: ;   {metadata(method data for {method} {0x00000135a6019638} 'createOrGetClassLoaderValueMap' '(Ljava/lang/ClassLoader;)Ljava/util/concurrent/ConcurrentHashMap;' in 'java/lang/System$2')}
  0x0000013593dd8adc: 8bf0 48bf | 1858 20bb | 3501 0000 | 8b76 0849 | ba00 0000 | a635 0100 | 0049 03f2 | 483b b720 
  0x0000013593dd8afc: 0100 0075 | 0d48 8387 | 2801 0000 | 01e9 6000 | 0000 483b | b730 0100 | 0075 0d48 | 8387 3801 
  0x0000013593dd8b1c: 0000 01e9 | 4a00 0000 | 4883 bf20 | 0100 0000 | 7517 4889 | b720 0100 | 0048 c787 | 2801 0000 
  0x0000013593dd8b3c: 0100 0000 | e929 0000 | 0048 83bf | 3001 0000 | 0075 1748 | 89b7 3001 | 0000 48c7 | 8738 0100 
  0x0000013593dd8b5c: 0001 0000 | 00e9 0800 | 0000 4883 | 8710 0100 | 0001 498b | d066 0f1f 

  0x0000013593dd8b74: ;   {optimized virtual_call}
  0x0000013593dd8b74: 4400 00e8 

  0x0000013593dd8b78: ; ImmutableOopMap {[88]=Oop [96]=Oop [104]=Oop }
                      ;*invokevirtual createOrGetClassLoaderValueMap {reexecute=0 rethrow=0 return_oop=0}
                      ; - java.lang.System$2::createOrGetClassLoaderValueMap@1
                      ; - jdk.internal.loader.AbstractClassLoaderValue::map@14
                      ; - jdk.internal.loader.AbstractClassLoaderValue::computeIfAbsent@1
  0x0000013593dd8b78: 04c1 0700 

  0x0000013593dd8b7c: ;   {other}
  0x0000013593dd8b7c: 0f1f 8400 | ec04 0000 

  0x0000013593dd8b84: ;   {oop(nullptr)}
  0x0000013593dd8b84: 488b f048 | bf00 0000 | 0000 0000 | 0048 8b54 | 2458 6690 

  0x0000013593dd8b98: ;   {metadata(method data for {method} {0x00000135a621b6a0} 'computeIfAbsent' '(Ljava/lang/ClassLoader;Ljava/util/function/BiFunction;)Ljava/lang/Object;' in 'jdk/internal/loader/AbstractClassLoaderValue')}
  0x0000013593dd8b98: 4885 ff48 | bb48 5f92 | bb35 0100 | 0048 c7c0 | 2001 0000 | 7507 48c7 | c030 0100 | 0048 8b0c 
  0x0000013593dd8bb8: 0348 8d49 | 0148 890c | 0348 897c | 2478 0f85 | 5e00 0000 

  0x0000013593dd8bcc: ; implicit exception: dispatches to 0x0000013593dd94a6
  0x0000013593dd8bcc: 483b 0648 

  0x0000013593dd8bd0: ;   {metadata(method data for {method} {0x00000135a621b6a0} 'computeIfAbsent' '(Ljava/lang/ClassLoader;Ljava/util/function/BiFunction;)Ljava/lang/Object;' in 'jdk/internal/loader/AbstractClassLoaderValue')}
  0x0000013593dd8bd0: 8bde 48b8 | 485f 92bb | 3501 0000 

  0x0000013593dd8bdc: ;   {metadata('java/util/concurrent/ConcurrentHashMap')}
  0x0000013593dd8bdc: 49ba 8027 | 06a6 3501 | 0000 4c89 | 9050 0100 | 0048 8380 | 5801 0000 | 014c 8bc2 | 488b d648 
  0x0000013593dd8bfc: 8974 2470 | 0f1f 8000 

  0x0000013593dd8c04: ;   {optimized virtual_call}
  0x0000013593dd8c04: 0000 00e8 

  0x0000013593dd8c08: ; ImmutableOopMap {[88]=Oop [96]=Oop [104]=Oop [112]=Oop [120]=Oop }
                      ;*invokevirtual get {reexecute=0 rethrow=0 return_oop=0}
                      ; - jdk.internal.loader.AbstractClassLoaderValue::computeIfAbsent@19
  0x0000013593dd8c08: d46e 7c07 

  0x0000013593dd8c0c: ;   {other}
  0x0000013593dd8c0c: 0f1f 8400 | 7c05 0001 

  0x0000013593dd8c14: ;   {metadata(method data for {method} {0x00000135a621b6a0} 'computeIfAbsent' '(Ljava/lang/ClassLoader;Ljava/util/function/BiFunction;)Ljava/lang/Object;' in 'jdk/internal/loader/AbstractClassLoaderValue')}
  0x0000013593dd8c14: 49b8 485f | 92bb 3501 | 0000 41ff | 8078 0100 | 00e9 9200 | 0000 483b | 064c 8bc6 

  0x0000013593dd8c30: ;   {metadata(method data for {method} {0x00000135a621b6a0} 'computeIfAbsent' '(Ljava/lang/ClassLoader;Ljava/util/function/BiFunction;)Ljava/lang/Object;' in 'jdk/internal/loader/AbstractClassLoaderValue')}
  0x0000013593dd8c30: 49b9 485f | 92bb 3501 

  0x0000013593dd8c38: ;   {metadata('java/util/concurrent/ConcurrentHashMap')}
  0x0000013593dd8c38: 0000 49ba | 8027 06a6 | 3501 0000 | 4d89 91a0 | 0100 0049 | 8381 a801 

  0x0000013593dd8c50: ;   {metadata(method data for {method} {0x00000135a6063810} 'putIfAbsent' '(Ljava/lang/Object;Ljava/lang/Object;)Ljava/lang/Object;' in 'java/util/concurrent/ConcurrentHashMap')}
  0x0000013593dd8c50: 0000 0149 | b810 d401 | bb35 0100 | 0045 8b88 | cc00 0000 | 4183 c102 | 4589 88cc | 0000 0041 
  0x0000013593dd8c70: 81e1 feff | 1f00 4585 | c90f 8431 | 0800 004c 

  0x0000013593dd8c80: ;   {metadata(method data for {method} {0x00000135a6063810} 'putIfAbsent' '(Ljava/lang/Object;Ljava/lang/Object;)Ljava/lang/Object;' in 'java/util/concurrent/ConcurrentHashMap')}
  0x0000013593dd8c80: 8bc6 49b9 | 10d4 01bb | 3501 0000 | 4983 8110 | 0100 0001 | 4c8b 4424 | 584c 8b4c | 2478 bf01 
  0x0000013593dd8ca0: 0000 0048 | 8bd6 4889 | 7424 700f 

  0x0000013593dd8cac: ;   {optimized virtual_call}
  0x0000013593dd8cac: 1f40 00e8 

  0x0000013593dd8cb0: ; ImmutableOopMap {[88]=Oop [96]=Oop [104]=Oop [112]=Oop [120]=Oop }
                      ;*invokevirtual putVal {reexecute=0 rethrow=0 return_oop=0}
                      ; - java.util.concurrent.ConcurrentHashMap::putIfAbsent@4
                      ; - jdk.internal.loader.AbstractClassLoaderValue::computeIfAbsent@30
  0x0000013593dd8cb0: ecc4 7a07 

  0x0000013593dd8cb4: ;   {other}
  0x0000013593dd8cb4: 0f1f 8400 | 2406 0002 

  0x0000013593dd8cbc: ;   {metadata(method data for {method} {0x00000135a621b6a0} 'computeIfAbsent' '(Ljava/lang/ClassLoader;Ljava/util/function/BiFunction;)Ljava/lang/Object;' in 'jdk/internal/loader/AbstractClassLoaderValue')}
  0x0000013593dd8cbc: 4885 c048 | ba48 5f92 | bb35 0100 | 0048 c7c6 | c801 0000 | 7507 48c7 | c6d8 0100 | 0048 8b3c 
  0x0000013593dd8cdc: 3248 8d7f | 0148 893c | 3248 8b7c | 2478 0f85 | 3400 0000 

  0x0000013593dd8cf0: ;   {metadata(method data for {method} {0x00000135a621b6a0} 'computeIfAbsent' '(Ljava/lang/ClassLoader;Ljava/util/function/BiFunction;)Ljava/lang/Object;' in 'jdk/internal/loader/AbstractClassLoaderValue')}
  0x0000013593dd8cf0: 4885 ff48 | ba48 5f92 | bb35 0100 | 0048 c7c6 | e801 0000 | 7507 48c7 | c6f8 0100 | 0048 8b1c 
  0x0000013593dd8d10: 3248 8d5b | 0148 891c | 320f 85cc | 0400 00e9 | 8e02 0000 | 488b 5424 

  0x0000013593dd8d28: ;   {metadata(method data for {method} {0x00000135a621b6a0} 'computeIfAbsent' '(Ljava/lang/ClassLoader;Ljava/util/function/BiFunction;)Ljava/lang/Object;' in 'jdk/internal/loader/AbstractClassLoaderValue')}
  0x0000013593dd8d28: 5848 be48 | 5f92 bb35 | 0100 0048 | 8386 d802 

  0x0000013593dd8d38: ;   {metadata(method data for {method} {0x00000135a621b908} 'extractValue' '(Ljava/lang/Object;)Ljava/lang/Object;' in 'jdk/internal/loader/AbstractClassLoaderValue')}
  0x0000013593dd8d38: 0000 0148 | ba40 1f26 | bb35 0100 | 008b b2cc | 0000 0083 | c602 89b2 | cc00 0000 | 81e6 feff 
  0x0000013593dd8d58: 1f00 85f6 | 0f84 6f07 | 0000 4885 

  0x0000013593dd8d64: ;   {metadata(method data for {method} {0x00000135a621b908} 'extractValue' '(Ljava/lang/Object;)Ljava/lang/Object;' in 'jdk/internal/loader/AbstractClassLoaderValue')}
  0x0000013593dd8d64: c075 1648 | bb40 1f26 | bb35 0100 | 0080 8b09 | 0100 0001 | e9cc 0000 

  0x0000013593dd8d7c: ;   {metadata('jdk/internal/loader/AbstractClassLoaderValue$Memoizer')}
  0x0000013593dd8d7c: 0048 b9e8 | bb21 a635 | 0100 008b | 7008 49ba | 0000 00a6 | 3501 0000 | 4903 f248 | 3bce 0f85 
  0x0000013593dd8d9c: 8d00 0000 

  0x0000013593dd8da0: ;   {metadata(method data for {method} {0x00000135a621b908} 'extractValue' '(Ljava/lang/Object;)Ljava/lang/Object;' in 'jdk/internal/loader/AbstractClassLoaderValue')}
  0x0000013593dd8da0: 48bb 401f | 26bb 3501 | 0000 8b48 | 0849 ba00 | 0000 a635 | 0100 0049 | 03ca 483b | 8b20 0100 
  0x0000013593dd8dc0: 0075 0d48 | 8383 2801 | 0000 01e9 | 7e00 0000 | 483b 8b30 | 0100 0075 | 0d48 8383 | 3801 0000 
  0x0000013593dd8de0: 01e9 6800 | 0000 4883 | bb20 0100 | 0000 7517 | 4889 8b20 | 0100 0048 | c783 2801 | 0000 0100 
  0x0000013593dd8e00: 0000 e947 | 0000 0048 | 83bb 3001 | 0000 0075 | 1748 898b | 3001 0000 | 48c7 8338 | 0100 0001 
  0x0000013593dd8e20: 0000 00e9 | 2600 0000 | e921 0000 

  0x0000013593dd8e2c: ;   {metadata(method data for {method} {0x00000135a621b908} 'extractValue' '(Ljava/lang/Object;)Ljava/lang/Object;' in 'jdk/internal/loader/AbstractClassLoaderValue')}
  0x0000013593dd8e2c: 0048 bb40 | 1f26 bb35 | 0100 0048 | 83ab 1001 | 0000 01e9 | 0500 0000 | e905 0000 | 0048 33d2 
  0x0000013593dd8e4c: eb07 48c7 | c201 0000 

  0x0000013593dd8e54: ;   {metadata(method data for {method} {0x00000135a621b908} 'extractValue' '(Ljava/lang/Object;)Ljava/lang/Object;' in 'jdk/internal/loader/AbstractClassLoaderValue')}
  0x0000013593dd8e54: 0085 d248 | ba40 1f26 | bb35 0100 | 0048 c7c6 | 4801 0000 | 7407 48c7 | c658 0100 | 0048 8b1c 
  0x0000013593dd8e74: 3248 8d5b | 0148 891c | 320f 8452 | 0300 0048 | 897c 2478 | 4885 c075 

  0x0000013593dd8e8c: ;   {metadata(method data for {method} {0x00000135a621b908} 'extractValue' '(Ljava/lang/Object;)Ljava/lang/Object;' in 'jdk/internal/loader/AbstractClassLoaderValue')}
  0x0000013593dd8e8c: 1648 bb40 | 1f26 bb35 | 0100 0080 | 8b61 0100 | 0001 e9cc 

  0x0000013593dd8ea0: ;   {metadata('jdk/internal/loader/AbstractClassLoaderValue$Memoizer')}
  0x0000013593dd8ea0: 0000 0048 | bae8 bb21 | a635 0100 | 008b 7008 | 49ba 0000 | 00a6 3501 | 0000 4903 | f248 3bd6 
  0x0000013593dd8ec0: 0f85 8d00 

  0x0000013593dd8ec4: ;   {metadata(method data for {method} {0x00000135a621b908} 'extractValue' '(Ljava/lang/Object;)Ljava/lang/Object;' in 'jdk/internal/loader/AbstractClassLoaderValue')}
  0x0000013593dd8ec4: 0000 48bb | 401f 26bb | 3501 0000 | 8b50 0849 | ba00 0000 | a635 0100 | 0049 03d2 | 483b 9378 
  0x0000013593dd8ee4: 0100 0075 | 0d48 8383 | 8001 0000 | 01e9 7900 | 0000 483b | 9388 0100 | 0075 0d48 | 8383 9001 
  0x0000013593dd8f04: 0000 01e9 | 6300 0000 | 4883 bb78 | 0100 0000 | 7517 4889 | 9378 0100 | 0048 c783 | 8001 0000 
  0x0000013593dd8f24: 0100 0000 | e942 0000 | 0048 83bb | 8801 0000 | 0075 1748 | 8993 8801 | 0000 48c7 | 8390 0100 
  0x0000013593dd8f44: 0001 0000 | 00e9 2100 | 0000 e91c 

  0x0000013593dd8f50: ;   {metadata(method data for {method} {0x00000135a621b908} 'extractValue' '(Ljava/lang/Object;)Ljava/lang/Object;' in 'jdk/internal/loader/AbstractClassLoaderValue')}
  0x0000013593dd8f50: 0000 0048 | bb40 1f26 | bb35 0100 | 0048 83ab | 6801 0000 | 01e9 8805 | 0000 e900 | 0000 0048 
  0x0000013593dd8f70: 8bd0 483b | 0248 8bf2 

  0x0000013593dd8f78: ;   {metadata(method data for {method} {0x00000135a621b908} 'extractValue' '(Ljava/lang/Object;)Ljava/lang/Object;' in 'jdk/internal/loader/AbstractClassLoaderValue')}
  0x0000013593dd8f78: 48bb 401f | 26bb 3501 | 0000 4883 | 83a0 0100 | 0001 0f1f 

  0x0000013593dd8f8c: ;   {optimized virtual_call}
  0x0000013593dd8f8c: 4400 00e8 

  0x0000013593dd8f90: ; ImmutableOopMap {[88]=Oop [96]=Oop [104]=Oop [112]=Oop [120]=Oop }
                      ;*invokevirtual get {reexecute=0 rethrow=0 return_oop=0}
                      ; - jdk.internal.loader.AbstractClassLoaderValue::extractValue@11
                      ; - jdk.internal.loader.AbstractClassLoaderValue::computeIfAbsent@99
  0x0000013593dd8f90: ec5a 1307 

  0x0000013593dd8f94: ;   {other}
  0x0000013593dd8f94: 0f1f 8400 | 0409 0003 | 4881 c4a0 | 0000 005d 

  0x0000013593dd8fa4: ;   {poll_return}
  0x0000013593dd8fa4: 493b a750 | 0400 000f | 874f 0500 | 00c3 4c8b | 4c24 684c | 8b44 2460 | 488b 5424 | 5848 8bda 
  0x0000013593dd8fc4: ;   {metadata('jdk/internal/loader/AbstractClassLoaderValue$Memoizer')}
  0x0000013593dd8fc4: 48ba e8bb | 21a6 3501 | 0000 498b | 87b8 0100 | 0048 8d78 | 2849 3bbf | c801 0000 | 0f87 3005 
  0x0000013593dd8fe4: 0000 4989 | bfb8 0100 | 0048 c700 | 0100 0000 | 488b ca49 | ba00 0000 | a635 0100 | 0049 2bca 
  0x0000013593dd9004: 8948 0848 | 33c9 8948 | 0c48 33c9 | 4889 4810 | 4889 4818 | 4889 4820 

  0x0000013593dd901c: ;   {metadata(method data for {method} {0x00000135a621b6a0} 'computeIfAbsent' '(Ljava/lang/ClassLoader;Ljava/util/function/BiFunction;)Ljava/lang/Object;' in 'jdk/internal/loader/AbstractClassLoaderValue')}
  0x0000013593dd901c: 488b d048 | be48 5f92 | bb35 0100 | 0048 8386 | 0802 0000 

  0x0000013593dd9030: ;   {metadata(method data for {method} {0x00000135a621c070} '<init>' '(Ljava/lang/ClassLoader;Ljdk/internal/loader/AbstractClassLoaderValue;Ljava/util/function/BiFunction;)V' in 'jdk/internal/loader/AbstractClassLoaderValue$Memoizer')}
  0x0000013593dd9030: 0148 baf0 | 6292 bb35 | 0100 008b | b2cc 0000 | 0083 c602 | 89b2 cc00 | 0000 81e6 | feff 1f00 
  0x0000013593dd9050: 85f6 0f84 | cb04 0000 

  0x0000013593dd9058: ;   {metadata(method data for {method} {0x00000135a621c070} '<init>' '(Ljava/lang/ClassLoader;Ljdk/internal/loader/AbstractClassLoaderValue;Ljava/util/function/BiFunction;)V' in 'jdk/internal/loader/AbstractClassLoaderValue$Memoizer')}
  0x0000013593dd9058: 488b d048 | bef0 6292 | bb35 0100 | 0048 8386 | 1001 0000 

  0x0000013593dd906c: ;   {metadata(method data for {method} {0x00000135a6474aa8} '<init>' '()V' in 'java/lang/Object')}
  0x0000013593dd906c: 0148 ba90 | 6700 bb35 | 0100 008b | b2cc 0000 | 0083 c602 | 89b2 cc00 | 0000 81e6 | feff 1f00 
  0x0000013593dd908c: 85f6 0f84 | b004 0000 | 410f be57 | 4085 d20f | 85c4 0400 | 004d 8bd0 | 4489 5010 | 488b d049 
  0x0000013593dd90ac: 33d0 48c1 | ea14 4883 | fa00 0f85 | c404 0000 | 410f be57 | 4085 d20f | 85cf 0400 | 004c 8bd3 
  0x0000013593dd90cc: 4489 5014 | 488b d048 | 33d3 48c1 | ea14 4883 | fa00 0f85 | cf04 0000 | 410f be57 | 4085 d20f 
  0x0000013593dd90ec: 85da 0400 | 004d 8bd1 | 4489 5018 | 488b d049 | 33d1 48c1 | ea14 4883 | fa00 0f85 | da04 0000 
  0x0000013593dd910c: ;   {metadata(method data for {method} {0x00000135a621b6a0} 'computeIfAbsent' '(Ljava/lang/ClassLoader;Ljava/util/function/BiFunction;)Ljava/lang/Object;' in 'jdk/internal/loader/AbstractClassLoaderValue')}
  0x0000013593dd910c: 48ba 485f | 92bb 3501 | 0000 8bb2 | d000 0000 | 83c6 0289 | b2d0 0000 | 0081 e6fe | 3f00 0085 
  0x0000013593dd912c: f60f 84cb | 0400 004d | 8b97 5804 

  0x0000013593dd9138: ; ImmutableOopMap {r8=Oop r9=Oop rbx=Oop rax=Oop [88]=Oop [96]=Oop [104]=Oop [112]=Oop }
                      ;*goto {reexecute=1 rethrow=0 return_oop=0}
                      ; - (reexecute) jdk.internal.loader.AbstractClassLoaderValue::computeIfAbsent@58
                      ;   {poll}
  0x0000013593dd9138: 0000 4185 

  0x0000013593dd913c: ;   {metadata(method data for {method} {0x00000135a621b6a0} 'computeIfAbsent' '(Ljava/lang/ClassLoader;Ljava/util/function/BiFunction;)Ljava/lang/Object;' in 'jdk/internal/loader/AbstractClassLoaderValue')}
  0x0000013593dd913c: 0248 ba48 | 5f92 bb35 | 0100 00ff | 8218 0200 | 0048 8bf8 | 488b 7424 | 7048 8bd3 | e93b faff 
  0x0000013593dd915c: ff4c 8b4c | 2468 4c8b | 4424 6048 | 8b5c 2458 | 498b 8700 | 0500 004d | 33d2 4d89 | 9700 0500 
  0x0000013593dd917c: 004d 33d2 | 4d89 9708 

  0x0000013593dd9184: ;   {metadata(method data for {method} {0x00000135a621b6a0} 'computeIfAbsent' '(Ljava/lang/ClassLoader;Ljava/util/function/BiFunction;)Ljava/lang/Object;' in 'jdk/internal/loader/AbstractClassLoaderValue')}
  0x0000013593dd9184: 0500 0048 | b848 5f92 | bb35 0100 | 008b 90d0 | 0000 0083 | c202 8990 | d000 0000 | 81e2 fe3f 
  0x0000013593dd91a4: 0000 85d2 | 0f84 7104 | 0000 4d8b | 9758 0400 

  0x0000013593dd91b4: ; ImmutableOopMap {rdi=Oop r8=Oop r9=Oop rbx=Oop [88]=Oop [96]=Oop [104]=Oop [112]=Oop }
                      ;*goto {reexecute=1 rethrow=0 return_oop=0}
                      ; - (reexecute) jdk.internal.loader.AbstractClassLoaderValue::computeIfAbsent@110
                      ;   {poll}
  0x0000013593dd91b4: 0041 8502 

  0x0000013593dd91b8: ;   {metadata(method data for {method} {0x00000135a621b6a0} 'computeIfAbsent' '(Ljava/lang/ClassLoader;Ljava/util/function/BiFunction;)Ljava/lang/Object;' in 'jdk/internal/loader/AbstractClassLoaderValue')}
  0x0000013593dd91b8: 48b8 485f | 92bb 3501 | 0000 ff80 | 1003 0000 | 488b 7424 | 7048 8bd3 | e9c3 f9ff | ff48 81c4 
  0x0000013593dd91d8: a000 0000 

  0x0000013593dd91dc: ;   {poll_return}
  0x0000013593dd91dc: 5d49 3ba7 | 5004 0000 | 0f87 5604 | 0000 c348 | 3b07 488b 

  0x0000013593dd91f0: ;   {metadata(method data for {method} {0x00000135a621b6a0} 'computeIfAbsent' '(Ljava/lang/ClassLoader;Ljava/util/function/BiFunction;)Ljava/lang/Object;' in 'jdk/internal/loader/AbstractClassLoaderValue')}
  0x0000013593dd91f0: f748 bb48 | 5f92 bb35 | 0100 0048 | 8383 3002 | 0000 0148 | 8bd7 4889 | 7c24 780f 

  0x0000013593dd920c: ;   {optimized virtual_call}
  0x0000013593dd920c: 1f40 00e8 

  0x0000013593dd9210: ; ImmutableOopMap {[88]=Oop [112]=Oop [120]=Oop }
                      ;*invokevirtual get {reexecute=0 rethrow=0 return_oop=0}
                      ; - jdk.internal.loader.AbstractClassLoaderValue::computeIfAbsent@63
  0x0000013593dd9210: 2f05 0000 

  0x0000013593dd9214: ;   {other}
  0x0000013593dd9214: 0f1f 8400 | 840b 0006 | 488b 7424 

  0x0000013593dd9220: ;   {metadata(method data for {method} {0x00000135a621b6a0} 'computeIfAbsent' '(Ljava/lang/ClassLoader;Ljava/util/function/BiFunction;)Ljava/lang/Object;' in 'jdk/internal/loader/AbstractClassLoaderValue')}
  0x0000013593dd9220: 7049 b848 | 5f92 bb35 

  0x0000013593dd9228: ;   {metadata('java/util/concurrent/ConcurrentHashMap')}
  0x0000013593dd9228: 0100 0049 | ba80 2706 | a635 0100 | 004d 8990 | 7802 0000 | 4983 8080 | 0200 0001 | 4c8b 4424 
  0x0000013593dd9248: 584c 8b4c | 2478 488b | f848 8b54 | 2470 4889 | 8424 8000 

  0x0000013593dd925c: ;   {optimized virtual_call}
  0x0000013593dd925c: 0000 90e8 

  0x0000013593dd9260: ; ImmutableOopMap {[88]=Oop [112]=Oop [120]=Oop [128]=Oop }
                      ;*invokevirtual replace {reexecute=0 rethrow=0 return_oop=0}
                      ; - jdk.internal.loader.AbstractClassLoaderValue::computeIfAbsent@75
  0x0000013593dd9260: c104 0000 

  0x0000013593dd9264: ;   {other}
  0x0000013593dd9264: 0f1f 8400 | d40b 0007 | 488b 8424 | 8000 0000 | 4881 c4a0 | 0000 005d 

  0x0000013593dd927c: ;   {poll_return}
  0x0000013593dd927c: 493b a750 | 0400 000f | 87d2 0300 | 00c3 498b | 8700 0500 | 004d 33d2 | 4d89 9700 | 0500 004d 
  0x0000013593dd929c: 33d2 4d89 | 9708 0500 | 0048 8b74 

  0x0000013593dd92a8: ;   {metadata(method data for {method} {0x00000135a621b6a0} 'computeIfAbsent' '(Ljava/lang/ClassLoader;Ljava/util/function/BiFunction;)Ljava/lang/Object;' in 'jdk/internal/loader/AbstractClassLoaderValue')}
  0x0000013593dd92a8: 2470 49b8 | 485f 92bb | 3501 0000 

  0x0000013593dd92b4: ;   {metadata('java/util/concurrent/ConcurrentHashMap')}
  0x0000013593dd92b4: 49ba 8027 | 06a6 3501 | 0000 4d89 | 90b0 0200 | 0049 8380 | b802 0000 

  0x0000013593dd92cc: ;   {metadata(method data for {method} {0x00000135a6063658} 'remove' '(Ljava/lang/Object;Ljava/lang/Object;)Z' in 'java/util/concurrent/ConcurrentHashMap')}
  0x0000013593dd92cc: 0149 b8a0 | 6692 bb35 | 0100 0045 | 8b88 cc00 | 0000 4183 | c102 4589 | 88cc 0000 | 0041 81e1 
  0x0000013593dd92ec: feff 1f00 | 4585 c90f | 8478 0300 

  0x0000013593dd92f8: ;   {metadata(method data for {method} {0x00000135a6063658} 'remove' '(Ljava/lang/Object;Ljava/lang/Object;)Z' in 'java/util/concurrent/ConcurrentHashMap')}
  0x0000013593dd92f8: 0049 b8a0 | 6692 bb35 | 0100 0041 | ff80 1001 | 0000 488b | 7c24 7848 

  0x0000013593dd9310: ;   {metadata(method data for {method} {0x00000135a6063658} 'remove' '(Ljava/lang/Object;Ljava/lang/Object;)Z' in 'java/util/concurrent/ConcurrentHashMap')}
  0x0000013593dd9310: 85ff 49b8 | a066 92bb | 3501 0000 | 49c7 c140 | 0100 0074 | 0749 c7c1 | 5001 0000 | 4b8b 1408 
  0x0000013593dd9330: 488d 5201 | 4b89 1408 | 4889 8424 | 8800 0000 | 0f84 6d00 | 0000 488b | 7424 7048 | 8b54 2458 
  0x0000013593dd9350: ;   {metadata(method data for {method} {0x00000135a6063658} 'remove' '(Ljava/lang/Object;Ljava/lang/Object;)Z' in 'java/util/concurrent/ConcurrentHashMap')}
  0x0000013593dd9350: 4c8b c649 | b9a0 6692 | bb35 0100 | 0049 8381 | 6001 0000 | 014c 8bc2 

  0x0000013593dd9368: ;   {oop(nullptr)}
  0x0000013593dd9368: 49b9 0000 | 0000 0000 | 0000 488b 

  0x0000013593dd9374: ;   {optimized virtual_call}
  0x0000013593dd9374: d666 90e8 

  0x0000013593dd9378: ; ImmutableOopMap {[136]=Oop }
                      ;*invokevirtual replaceNode {reexecute=0 rethrow=0 return_oop=0}
                      ; - java.util.concurrent.ConcurrentHashMap::remove@20
                      ; - jdk.internal.loader.AbstractClassLoaderValue::computeIfAbsent@89
  0x0000013593dd9378: 0457 1307 

  0x0000013593dd937c: ;   {other}
  0x0000013593dd937c: 0f1f 8400 | ec0c 0008 

  0x0000013593dd9384: ;   {metadata(method data for {method} {0x00000135a6063658} 'remove' '(Ljava/lang/Object;Ljava/lang/Object;)Z' in 'java/util/concurrent/ConcurrentHashMap')}
  0x0000013593dd9384: 4885 c048 | b8a0 6692 | bb35 0100 | 0048 c7c6 | a801 0000 | 7507 48c7 | c698 0100 | 0048 8b3c 
  0x0000013593dd93a4: 3048 8d7f | 0148 893c | 300f 850a | 0000 00be | 0000 0000 | e930 0000 

  0x0000013593dd93bc: ;   {metadata(method data for {method} {0x00000135a6063658} 'remove' '(Ljava/lang/Object;Ljava/lang/Object;)Z' in 'java/util/concurrent/ConcurrentHashMap')}
  0x0000013593dd93bc: 0048 b8a0 | 6692 bb35 | 0100 00ff | 80b8 0100 | 00be 0100 | 0000 e916 | 0000 0048 | 81c4 a000 
  0x0000013593dd93dc: ;   {poll_return}
  0x0000013593dd93dc: 0000 5d49 | 3ba7 5004 | 0000 0f87 | a602 0000 | c383 e601 | 488b 8424 | 8800 0000 | e9f0 0200 
  0x0000013593dd93fc: 0049 8b87 | 0005 0000 | 4d33 d24d | 8997 0005 | 0000 4d33 | d24d 8997 | 0805 0000 | e9d0 0200 
  0x0000013593dd941c: ;   {metadata({method} {0x00000135a621b6a0} 'computeIfAbsent' '(Ljava/lang/ClassLoader;Ljava/util/function/BiFunction;)Ljava/lang/Object;' in 'jdk/internal/loader/AbstractClassLoaderValue')}
  0x0000013593dd941c: 0049 ba98 | b621 a635 | 0100 004c | 8954 2408 | 48c7 0424 | ffff ffff 

  0x0000013593dd9434: ;   {runtime_call counter_overflow Runtime1 stub}
  0x0000013593dd9434: e847 8b1f 

  0x0000013593dd9438: ; ImmutableOopMap {rdx=Oop r8=Oop r9=Oop [88]=Oop [96]=Oop [104]=Oop }
                      ;*synchronization entry
                      ; - jdk.internal.loader.AbstractClassLoaderValue::computeIfAbsent@-1
  0x0000013593dd9438: 07e9 97f5 

  0x0000013593dd943c: ;   {metadata({method} {0x00000135a621b8b0} 'map' '(Ljava/lang/ClassLoader;)Ljava/util/concurrent/ConcurrentHashMap;' in 'jdk/internal/loader/AbstractClassLoaderValue')}
  0x0000013593dd943c: ffff 49ba | a8b8 21a6 | 3501 0000 | 4c89 5424 | 0848 c704 | 24ff ffff 

  0x0000013593dd9454: ;   {runtime_call counter_overflow Runtime1 stub}
  0x0000013593dd9454: ffe8 268b 

  0x0000013593dd9458: ; ImmutableOopMap {rdx=Oop r8=Oop r9=Oop [88]=Oop [96]=Oop [104]=Oop }
                      ;*synchronization entry
                      ; - jdk.internal.loader.AbstractClassLoaderValue::map@-1
                      ; - jdk.internal.loader.AbstractClassLoaderValue::computeIfAbsent@1
  0x0000013593dd9458: 1f07 e9af 

  0x0000013593dd945c: ;   {metadata({method} {0x00000135a60ed6c8} 'getClassLoaderValueMap' '()Ljava/util/concurrent/ConcurrentHashMap;' in 'jdk/internal/loader/BootLoader')}
  0x0000013593dd945c: f5ff ff49 | bac0 d60e | a635 0100 | 004c 8954 | 2408 48c7 | 0424 ffff 

  0x0000013593dd9474: ;   {runtime_call counter_overflow Runtime1 stub}
  0x0000013593dd9474: ffff e805 

  0x0000013593dd9478: ; ImmutableOopMap {rdx=Oop r8=Oop r9=Oop [88]=Oop [96]=Oop [104]=Oop }
                      ;*synchronization entry
                      ; - jdk.internal.loader.BootLoader::getClassLoaderValueMap@-1
                      ; - jdk.internal.loader.AbstractClassLoaderValue::map@4
                      ; - jdk.internal.loader.AbstractClassLoaderValue::computeIfAbsent@1
  0x0000013593dd9478: 8b1f 07e9 | f6f5 ffff 

  0x0000013593dd9480: ;   {metadata({method} {0x00000135a6019638} 'createOrGetClassLoaderValueMap' '(Ljava/lang/ClassLoader;)Ljava/util/concurrent/ConcurrentHashMap;' in 'java/lang/System$2')}
  0x0000013593dd9480: 49ba 3096 | 01a6 3501 | 0000 4c89 | 5424 0848 | c704 24ff 

  0x0000013593dd9494: ;   {runtime_call counter_overflow Runtime1 stub}
  0x0000013593dd9494: ffff ffe8 

  0x0000013593dd9498: ; ImmutableOopMap {r8=Oop [88]=Oop [96]=Oop [104]=Oop }
                      ;*synchronization entry
                      ; - java.lang.System$2::createOrGetClassLoaderValueMap@-1
                      ; - jdk.internal.loader.AbstractClassLoaderValue::map@14
                      ; - jdk.internal.loader.AbstractClassLoaderValue::computeIfAbsent@1
  0x0000013593dd9498: e48a 1f07 | e937 f6ff 

  0x0000013593dd94a0: ;   {runtime_call throw_null_pointer_exception Runtime1 stub}
  0x0000013593dd94a0: ffe8 5a4e 

  0x0000013593dd94a4: ; ImmutableOopMap {r8=Oop [88]=Oop [96]=Oop [104]=Oop }
                      ;*invokevirtual createOrGetClassLoaderValueMap {reexecute=0 rethrow=0 return_oop=0}
                      ; - java.lang.System$2::createOrGetClassLoaderValueMap@1
                      ; - jdk.internal.loader.AbstractClassLoaderValue::map@14
                      ; - jdk.internal.loader.AbstractClassLoaderValue::computeIfAbsent@1
                      ;   {runtime_call throw_null_pointer_exception Runtime1 stub}
  0x0000013593dd94a4: 1607 e855 

  0x0000013593dd94a8: ; ImmutableOopMap {rsi=Oop rdx=Oop [88]=Oop [96]=Oop [104]=Oop [120]=Oop }
                      ;*invokevirtual get {reexecute=0 rethrow=0 return_oop=0}
                      ; - jdk.internal.loader.AbstractClassLoaderValue::computeIfAbsent@19
                      ;   {runtime_call throw_null_pointer_exception Runtime1 stub}
  0x0000013593dd94a8: 4e16 07e8 

  0x0000013593dd94ac: ; ImmutableOopMap {rsi=Oop [88]=Oop [96]=Oop [104]=Oop [120]=Oop }
                      ;*invokevirtual putIfAbsent {reexecute=0 rethrow=0 return_oop=0}
                      ; - jdk.internal.loader.AbstractClassLoaderValue::computeIfAbsent@30
  0x0000013593dd94ac: 504e 1607 

  0x0000013593dd94b0: ;   {metadata({method} {0x00000135a6063810} 'putIfAbsent' '(Ljava/lang/Object;Ljava/lang/Object;)Ljava/lang/Object;' in 'java/util/concurrent/ConcurrentHashMap')}
  0x0000013593dd94b0: 49ba 0838 | 06a6 3501 | 0000 4c89 | 5424 0848 | c704 24ff 

  0x0000013593dd94c4: ;   {runtime_call counter_overflow Runtime1 stub}
  0x0000013593dd94c4: ffff ffe8 

  0x0000013593dd94c8: ; ImmutableOopMap {rsi=Oop [88]=Oop [96]=Oop [104]=Oop [120]=Oop }
                      ;*synchronization entry
                      ; - java.util.concurrent.ConcurrentHashMap::putIfAbsent@-1
                      ; - jdk.internal.loader.AbstractClassLoaderValue::computeIfAbsent@30
  0x0000013593dd94c8: b48a 1f07 | e9ae f7ff 

  0x0000013593dd94d0: ;   {metadata({method} {0x00000135a621b908} 'extractValue' '(Ljava/lang/Object;)Ljava/lang/Object;' in 'jdk/internal/loader/AbstractClassLoaderValue')}
  0x0000013593dd94d0: ff49 ba00 | b921 a635 | 0100 004c | 8954 2408 | 48c7 0424 | ffff ffff 

  0x0000013593dd94e8: ;   {runtime_call counter_overflow Runtime1 stub}
  0x0000013593dd94e8: e893 8a1f 

  0x0000013593dd94ec: ; ImmutableOopMap {rdi=Oop rax=Oop [88]=Oop [96]=Oop [104]=Oop [112]=Oop }
                      ;*synchronization entry
                      ; - jdk.internal.loader.AbstractClassLoaderValue::extractValue@-1
                      ; - jdk.internal.loader.AbstractClassLoaderValue::computeIfAbsent@99
  0x0000013593dd94ec: 07e9 70f8 | ffff 4889 

  0x0000013593dd94f4: ;   {runtime_call throw_class_cast_exception Runtime1 stub}
  0x0000013593dd94f4: 0424 e885 

  0x0000013593dd94f8: ; ImmutableOopMap {[88]=Oop [96]=Oop [104]=Oop [112]=Oop [120]=Oop }
                      ;*checkcast {reexecute=0 rethrow=0 return_oop=0}
                      ; - jdk.internal.loader.AbstractClassLoaderValue::extractValue@8
                      ; - jdk.internal.loader.AbstractClassLoaderValue::computeIfAbsent@99
                      ;   {runtime_call throw_null_pointer_exception Runtime1 stub}
  0x0000013593dd94f8: 5d1f 07e8 

  0x0000013593dd94fc: ; ImmutableOopMap {rdx=Oop [88]=Oop [96]=Oop [104]=Oop [112]=Oop [120]=Oop }
                      ;*invokevirtual get {reexecute=0 rethrow=0 return_oop=0}
                      ; - jdk.internal.loader.AbstractClassLoaderValue::extractValue@11
                      ; - jdk.internal.loader.AbstractClassLoaderValue::computeIfAbsent@99
  0x0000013593dd94fc: 004e 1607 

  0x0000013593dd9500: ;   {internal_word}
  0x0000013593dd9500: 49ba a48f | dd93 3501 | 0000 4d89 | 9768 0400 

  0x0000013593dd9510: ;   {runtime_call SafepointBlob}
  0x0000013593dd9510: 00e9 6abf | 1307 488b 

  0x0000013593dd9518: ;   {runtime_call fast_new_instance Runtime1 stub}
  0x0000013593dd9518: d2e8 e244 

  0x0000013593dd951c: ; ImmutableOopMap {r8=Oop r9=Oop rbx=Oop [88]=Oop [96]=Oop [104]=Oop [112]=Oop }
                      ;*new {reexecute=0 rethrow=0 return_oop=0}
                      ; - jdk.internal.loader.AbstractClassLoaderValue::computeIfAbsent@45
  0x0000013593dd951c: 1607 e9f9 

  0x0000013593dd9520: ;   {metadata({method} {0x00000135a621c070} '<init>' '(Ljava/lang/ClassLoader;Ljdk/internal/loader/AbstractClassLoaderValue;Ljava/util/function/BiFunction;)V' in 'jdk/internal/loader/AbstractClassLoaderValue$Memoizer')}
  0x0000013593dd9520: faff ff49 | ba68 c021 | a635 0100 | 004c 8954 | 2408 48c7 | 0424 ffff 

  0x0000013593dd9538: ;   {runtime_call counter_overflow Runtime1 stub}
  0x0000013593dd9538: ffff e841 

  0x0000013593dd953c: ; ImmutableOopMap {r8=Oop r9=Oop rbx=Oop rax=Oop [88]=Oop [96]=Oop [104]=Oop [112]=Oop }
                      ;*synchronization entry
                      ; - jdk.internal.loader.AbstractClassLoaderValue$Memoizer::<init>@-1
                      ; - jdk.internal.loader.AbstractClassLoaderValue::computeIfAbsent@53
  0x0000013593dd953c: 8a1f 07e9 | 14fb ffff 

  0x0000013593dd9544: ;   {metadata({method} {0x00000135a6474aa8} '<init>' '()V' in 'java/lang/Object')}
  0x0000013593dd9544: 49ba a04a | 47a6 3501 | 0000 4c89 | 5424 0848 | c704 24ff 

  0x0000013593dd9558: ;   {runtime_call counter_overflow Runtime1 stub}
  0x0000013593dd9558: ffff ffe8 

  0x0000013593dd955c: ; ImmutableOopMap {r8=Oop r9=Oop rbx=Oop rax=Oop [88]=Oop [96]=Oop [104]=Oop [112]=Oop }
                      ;*synchronization entry
                      ; - java.lang.Object::<init>@-1
                      ; - jdk.internal.loader.AbstractClassLoaderValue$Memoizer::<init>@1
                      ; - jdk.internal.loader.AbstractClassLoaderValue::computeIfAbsent@53
  0x0000013593dd955c: 208a 1f07 | e92f fbff | ff8b 5010 | 4883 fa00 | 0f84 2ffb | ffff 4889 

  0x0000013593dd9574: ;   {runtime_call g1_pre_barrier_slow}
  0x0000013593dd9574: 1424 e805 | 901f 07e9 | 21fb ffff | 4983 f800 | 0f84 32fb | ffff 4889 

  0x0000013593dd958c: ;   {runtime_call g1_post_barrier_slow}
  0x0000013593dd958c: 0424 e8ed | 921f 07e9 | 24fb ffff | 8b50 1448 | 83fa 000f | 8424 fbff | ff48 8914 

  0x0000013593dd95a8: ;   {runtime_call g1_pre_barrier_slow}
  0x0000013593dd95a8: 24e8 d28f | 1f07 e916 | fbff ff48 | 83fb 000f | 8427 fbff | ff48 8904 

  0x0000013593dd95c0: ;   {runtime_call g1_post_barrier_slow}
  0x0000013593dd95c0: 24e8 ba92 | 1f07 e919 | fbff ff8b | 5018 4883 | fa00 0f84 | 19fb ffff | 4889 1424 

  0x0000013593dd95dc: ;   {runtime_call g1_pre_barrier_slow}
  0x0000013593dd95dc: e89f 8f1f | 07e9 0bfb | ffff 4983 | f900 0f84 | 1cfb ffff | 4889 0424 

  0x0000013593dd95f4: ;   {runtime_call g1_post_barrier_slow}
  0x0000013593dd95f4: e887 921f | 07e9 0efb 

  0x0000013593dd95fc: ;   {metadata({method} {0x00000135a621b6a0} 'computeIfAbsent' '(Ljava/lang/ClassLoader;Ljava/util/function/BiFunction;)Ljava/lang/Object;' in 'jdk/internal/loader/AbstractClassLoaderValue')}
  0x0000013593dd95fc: ffff 49ba | 98b6 21a6 | 3501 0000 | 4c89 5424 | 0848 c704 | 243a 0000 

  0x0000013593dd9614: ;   {runtime_call counter_overflow Runtime1 stub}
  0x0000013593dd9614: 00e8 6689 

  0x0000013593dd9618: ; ImmutableOopMap {r8=Oop r9=Oop rbx=Oop rax=Oop [88]=Oop [96]=Oop [104]=Oop [112]=Oop }
                      ;*goto {reexecute=1 rethrow=0 return_oop=0}
                      ; - (reexecute) jdk.internal.loader.AbstractClassLoaderValue::computeIfAbsent@58
  0x0000013593dd9618: 1f07 e914 

  0x0000013593dd961c: ;   {metadata({method} {0x00000135a621b6a0} 'computeIfAbsent' '(Ljava/lang/ClassLoader;Ljava/util/function/BiFunction;)Ljava/lang/Object;' in 'jdk/internal/loader/AbstractClassLoaderValue')}
  0x0000013593dd961c: fbff ff49 | ba98 b621 | a635 0100 | 004c 8954 | 2408 48c7 | 0424 6e00 

  0x0000013593dd9634: ;   {runtime_call counter_overflow Runtime1 stub}
  0x0000013593dd9634: 0000 e845 

  0x0000013593dd9638: ; ImmutableOopMap {rdi=Oop r8=Oop r9=Oop rbx=Oop [88]=Oop [96]=Oop [104]=Oop [112]=Oop }
                      ;*goto {reexecute=1 rethrow=0 return_oop=0}
                      ; - (reexecute) jdk.internal.loader.AbstractClassLoaderValue::computeIfAbsent@110
  0x0000013593dd9638: 891f 07e9 | 6efb ffff 

  0x0000013593dd9640: ;   {internal_word}
  0x0000013593dd9640: 49ba dd91 | dd93 3501 | 0000 4d89 | 9768 0400 

  0x0000013593dd9650: ;   {runtime_call SafepointBlob}
  0x0000013593dd9650: 00e9 2abe 

  0x0000013593dd9654: ;   {runtime_call throw_null_pointer_exception Runtime1 stub}
  0x0000013593dd9654: 1307 e8a5 

  0x0000013593dd9658: ; ImmutableOopMap {rdi=Oop [88]=Oop [112]=Oop }
                      ;*invokevirtual get {reexecute=0 rethrow=0 return_oop=0}
                      ; - jdk.internal.loader.AbstractClassLoaderValue::computeIfAbsent@63
                      ;   {internal_word}
  0x0000013593dd9658: 4c16 0749 | ba7c 92dd | 9335 0100 | 004d 8997 | 6804 0000 

  0x0000013593dd966c: ;   {runtime_call SafepointBlob}
  0x0000013593dd966c: e90f be13 

  0x0000013593dd9670: ;   {metadata({method} {0x00000135a6063658} 'remove' '(Ljava/lang/Object;Ljava/lang/Object;)Z' in 'java/util/concurrent/ConcurrentHashMap')}
  0x0000013593dd9670: 0749 ba50 | 3606 a635 | 0100 004c | 8954 2408 | 48c7 0424 | ffff ffff 

  0x0000013593dd9688: ;   {runtime_call counter_overflow Runtime1 stub}
  0x0000013593dd9688: e8f3 881f 

  0x0000013593dd968c: ; ImmutableOopMap {rax=Oop [88]=Oop [112]=Oop [120]=Oop }
                      ;*synchronization entry
                      ; - java.util.concurrent.ConcurrentHashMap::remove@-1
                      ; - jdk.internal.loader.AbstractClassLoaderValue::computeIfAbsent@89
  0x0000013593dd968c: 07e9 67fc 

  0x0000013593dd9690: ;   {internal_word}
  0x0000013593dd9690: ffff 49ba | df93 dd93 | 3501 0000 | 4d89 9768 

  0x0000013593dd96a0: ;   {runtime_call SafepointBlob}
  0x0000013593dd96a0: 0400 00e9 | d8bd 1307 | 488b 7c24 | 78e9 abfa | ffff 488b | 7c24 78e9 | a1fa ffff | 488b 7c24 
  0x0000013593dd96c0: 78e9 97fa | ffff 4889 | 7c24 78e9 | bafb ffff | 498b 8700 | 0500 0049 | c787 0005 | 0000 0000 
  0x0000013593dd96e0: 0000 49c7 | 8708 0500 | 0000 0000 | 0048 81c4 | a000 0000 

  0x0000013593dd96f4: ;   {runtime_call unwind_exception Runtime1 stub}
  0x0000013593dd96f4: 5de9 065b | 1607 f4f4 | f4f4 f4f4 
[Stub Code]
  0x0000013593dd9700: ;   {no_reloc}
  0x0000013593dd9700: 0f1f 4400 

  0x0000013593dd9704: ;   {static_stub}
  0x0000013593dd9704: 0048 bbd8 | 4c01 a635 

  0x0000013593dd970c: ;   {runtime_call I2C/C2I adapters}
  0x0000013593dd970c: 0100 00e9 | 4f9d 1307 

  0x0000013593dd9714: ;   {static_stub}
  0x0000013593dd9714: 9048 bbe0 | 3206 a635 

  0x0000013593dd971c: ;   {runtime_call I2C/C2I adapters}
  0x0000013593dd971c: 0100 00e9 | c3a8 1307 

  0x0000013593dd9724: ;   {static_stub}
  0x0000013593dd9724: 9048 bb00 | 3706 a635 

  0x0000013593dd972c: ;   {runtime_call I2C/C2I adapters}
  0x0000013593dd972c: 0100 00e9 | bb9a 1207 

  0x0000013593dd9734: ;   {static_stub}
  0x0000013593dd9734: 48bb 0000 | 0000 0000 

  0x0000013593dd973c: ;   {runtime_call nmethod}
  0x0000013593dd973c: 0000 e9fb 

  0x0000013593dd9740: ;   {static_stub}
  0x0000013593dd9740: ffff ff48 | bbc0 c021 | a635 0100 

  0x0000013593dd974c: ;   {runtime_call I2C/C2I adapters}
  0x0000013593dd974c: 00e9 119d 

  0x0000013593dd9750: ;   {static_stub}
  0x0000013593dd9750: 1307 48bb | 0000 0000 | 0000 0000 

  0x0000013593dd975c: ;   {runtime_call nmethod}
  0x0000013593dd975c: e9fb ffff 

  0x0000013593dd9760: ;   {runtime_call handle_exception_from_callee Runtime1 stub}
  0x0000013593dd9760: ffe8 9a2d 

  0x0000013593dd9764: ;   {external_word}
  0x0000013593dd9764: 1607 48b9 | 5063 27eb | fa7f 0000 | 4883 e4f0 

  0x0000013593dd9774: ;   {runtime_call}
  0x0000013593dd9774: 48b8 c0c9 | e9ea fa7f | 0000 ffd0 

  0x0000013593dd9780: ;   {section_word}
  0x0000013593dd9780: f449 ba81 | 97dd 9335 | 0100 0041 

  0x0000013593dd978c: ;   {runtime_call DeoptimizationBlob}
  0x0000013593dd978c: 52e9 8eaf | 1307 f4f4 | f4f4 f4f4 
[/MachCode]


Compiled method (c1) 151739 2495       3       java.lang.reflect.Proxy::getProxyConstructor (92 bytes)
 total in heap  [0x0000013593e2fb90,0x0000013593e31a18] = 7816
 relocation     [0x0000013593e2fcf0,0x0000013593e2fe98] = 424
 main code      [0x0000013593e2fea0,0x0000013593e31428] = 5512
 stub code      [0x0000013593e31428,0x0000013593e314c0] = 152
 oops           [0x0000013593e314c0,0x0000013593e314d8] = 24
 metadata       [0x0000013593e314d8,0x0000013593e31538] = 96
 scopes data    [0x0000013593e31538,0x0000013593e31778] = 576
 scopes pcs     [0x0000013593e31778,0x0000013593e319f8] = 640
 dependencies   [0x0000013593e319f8,0x0000013593e31a00] = 8
 nul chk table  [0x0000013593e31a00,0x0000013593e31a18] = 24

[Constant Pool (empty)]

[MachCode]
[Verified Entry Point]
  # {method} {0x00000135bb0eb1a8} 'getProxyConstructor' '(Ljava/lang/Class;Ljava/lang/ClassLoader;[Ljava/lang/Class;)Ljava/lang/reflect/Constructor;' in 'java/lang/reflect/Proxy'
  # parm0:    rdx:rdx   = 'java/lang/Class'
  # parm1:    r8:r8     = 'java/lang/ClassLoader'
  # parm2:    r9:r9     = '[Ljava/lang/Class;'
  #           [sp+0xf0]  (sp of caller)
  0x0000013593e2fea0: 8984 2400 | 80ff ff55 | 4881 ece0 | 0000 0090 | 4181 7f20 | 0300 0000 

  0x0000013593e2feb8: ;   {runtime_call StubRoutines (final stubs)}
  0x0000013593e2feb8: 7405 e8e1 | 650c 074c | 8984 24a8 

  0x0000013593e2fec4: ;   {metadata(method data for {method} {0x00000135bb0eb1a8} 'getProxyConstructor' '(Ljava/lang/Class;Ljava/lang/ClassLoader;[Ljava/lang/Class;)Ljava/lang/reflect/Constructor;' in 'java/lang/reflect/Proxy')}
  0x0000013593e2fec4: 0000 0048 | bed0 f91f | bb35 0100 | 008b becc | 0000 0083 | c702 89be | cc00 0000 | 81e7 fe07 
  0x0000013593e2fee4: 0000 85ff | 0f84 cb10 | 0000 418b | 710c 83fe 

  0x0000013593e2fef4: ;   {metadata(method data for {method} {0x00000135bb0eb1a8} 'getProxyConstructor' '(Ljava/lang/Class;Ljava/lang/ClassLoader;[Ljava/lang/Class;)Ljava/lang/reflect/Constructor;' in 'java/lang/reflect/Proxy')}
  0x0000013593e2fef4: 0148 bed0 | f91f bb35 | 0100 0048 | c7c7 1001 | 0000 7507 | 48c7 c720 | 0100 0048 | 8b1c 3e48 
  0x0000013593e2ff14: 8d5b 0148 | 891c 3e0f | 8543 0000 | 0041 8379 | 0c00 0f86 | b310 0000 | 458b 5910 

  0x0000013593e2ff30: ;   {metadata(method data for {method} {0x00000135bb0eb1a8} 'getProxyConstructor' '(Ljava/lang/Class;Ljava/lang/ClassLoader;[Ljava/lang/Class;)Ljava/lang/reflect/Constructor;' in 'java/lang/reflect/Proxy')}
  0x0000013593e2ff30: 4885 d248 | bed0 f91f | bb35 0100 | 0048 c7c7 | 3001 0000 | 7407 48c7 | c740 0100 | 0048 8b1c 
  0x0000013593e2ff50: 3e48 8d5b | 0148 891c | 3e0f 84bd | 0a00 00e9 | a508 0000 | 4889 9424 | a000 0000 

  0x0000013593e2ff6c: ;   {metadata(method data for {method} {0x00000135bb0eb1a8} 'getProxyConstructor' '(Ljava/lang/Class;Ljava/lang/ClassLoader;[Ljava/lang/Class;)Ljava/lang/reflect/Constructor;' in 'java/lang/reflect/Proxy')}
  0x0000013593e2ff6c: 498b f148 | bfd0 f91f | bb35 0100 | 008b 7608 | 49ba 0000 | 00a6 3501 | 0000 4903 | f248 3bb7 
  0x0000013593e2ff8c: 7002 0000 | 750d 4883 | 8778 0200 | 0001 e960 | 0000 0048 | 3bb7 8002 | 0000 750d | 4883 8788 
  0x0000013593e2ffac: 0200 0001 | e94a 0000 | 0048 83bf | 7002 0000 | 0075 1748 | 89b7 7002 | 0000 48c7 | 8778 0200 
  0x0000013593e2ffcc: 0001 0000 | 00e9 2900 | 0000 4883 | bf80 0200 | 0000 7517 | 4889 b780 | 0200 0048 | c787 8802 
  0x0000013593e2ffec: 0000 0100 | 0000 e908 | 0000 0048 | 8387 6002 | 0000 0149 | 8bd1 6666 | 9048 b8ff | ffff ffff 
  0x0000013593e3000c: ;   {virtual_call}
  0x0000013593e3000c: ffff ffe8 

  0x0000013593e30010: ; ImmutableOopMap {[160]=Oop [168]=Oop }
                      ;*invokevirtual clone {reexecute=0 rethrow=0 return_oop=0}
                      ; - java.lang.reflect.Proxy::getProxyConstructor@48
  0x0000013593e30010: 6ced 0d07 

  0x0000013593e30014: ;   {other}
  0x0000013593e30014: 0f1f 8400 | 8404 0000 | 4885 c075 

  0x0000013593e30020: ;   {metadata(method data for {method} {0x00000135bb0eb1a8} 'getProxyConstructor' '(Ljava/lang/Class;Ljava/lang/ClassLoader;[Ljava/lang/Class;)Ljava/lang/reflect/Constructor;' in 'java/lang/reflect/Proxy')}
  0x0000013593e30020: 1749 b8d0 | f91f bb35 | 0100 0041 | 8088 9102 | 0000 01e9 | cf00 0000 

  0x0000013593e30038: ;   {metadata('java/lang/Class'[])}
  0x0000013593e30038: 49b9 a86e | 00a6 3501 | 0000 448b | 4008 49ba | 0000 00a6 | 3501 0000 | 4d03 c24d | 3b48 400f 
  0x0000013593e30058: 858e 0000 

  0x0000013593e3005c: ;   {metadata(method data for {method} {0x00000135bb0eb1a8} 'getProxyConstructor' '(Ljava/lang/Class;Ljava/lang/ClassLoader;[Ljava/lang/Class;)Ljava/lang/reflect/Constructor;' in 'java/lang/reflect/Proxy')}
  0x0000013593e3005c: 0049 b8d0 | f91f bb35 | 0100 0044 | 8b48 0849 | ba00 0000 | a635 0100 | 004d 03ca | 4d3b 88a8 
  0x0000013593e3007c: 0200 0075 | 0d49 8380 | b002 0000 | 01e9 7900 | 0000 4d3b | 88b8 0200 | 0075 0d49 | 8380 c002 
  0x0000013593e3009c: 0000 01e9 | 6300 0000 | 4983 b8a8 | 0200 0000 | 7517 4d89 | 88a8 0200 | 0049 c780 | b002 0000 
  0x0000013593e300bc: 0100 0000 | e942 0000 | 0049 83b8 | b802 0000 | 0075 174d | 8988 b802 | 0000 49c7 | 80c0 0200 
  0x0000013593e300dc: 0001 0000 | 00e9 2100 | 0000 e91c 

  0x0000013593e300e8: ;   {metadata(method data for {method} {0x00000135bb0eb1a8} 'getProxyConstructor' '(Ljava/lang/Class;Ljava/lang/ClassLoader;[Ljava/lang/Class;)Ljava/lang/reflect/Constructor;' in 'java/lang/reflect/Proxy')}
  0x0000013593e300e8: 0000 0049 | b8d0 f91f | bb35 0100 | 0049 83a8 | 9802 0000 | 01e9 ef0e | 0000 e900 | 0000 0048 
  0x0000013593e30108: 8bf0 4c8b | 8424 a000 | 0000 4d85 

  0x0000013593e30114: ;   {metadata(method data for {method} {0x00000135bb0eb1a8} 'getProxyConstructor' '(Ljava/lang/Class;Ljava/lang/ClassLoader;[Ljava/lang/Class;)Ljava/lang/reflect/Constructor;' in 'java/lang/reflect/Proxy')}
  0x0000013593e30114: c048 bad0 | f91f bb35 | 0100 0049 | c7c1 e002 | 0000 7507 | 49c7 c1d0 | 0200 004a | 8b3c 0a48 
  0x0000013593e30134: 8d7f 014a | 893c 0a0f | 8508 0000 | 0048 8bde | e943 0000 

  0x0000013593e30148: ;   {metadata(method data for {method} {0x00000135bb0eb1a8} 'getProxyConstructor' '(Ljava/lang/Class;Ljava/lang/ClassLoader;[Ljava/lang/Class;)Ljava/lang/reflect/Constructor;' in 'java/lang/reflect/Proxy')}
  0x0000013593e30148: 0048 bad0 | f91f bb35 | 0100 0048 | 8382 f002 | 0000 0149 | 8bd0 4c8b | 8424 a800 | 0000 4c8b 
  0x0000013593e30168: ce48 89b4 | 24b0 0000 | 0066 0f1f 

  0x0000013593e30174: ;   {static_call}
  0x0000013593e30174: 4400 00e8 

  0x0000013593e30178: ; ImmutableOopMap {[168]=Oop [176]=Oop }
                      ;*invokestatic checkProxyAccess {reexecute=0 rethrow=0 return_oop=0}
                      ; - java.lang.reflect.Proxy::getProxyConstructor@62
  0x0000013593e30178: 04ef 0d07 

  0x0000013593e3017c: ;   {other}
  0x0000013593e3017c: 0f1f 8400 | ec05 0001 | 488b 9c24 | b000 0000 

  0x0000013593e3018c: ;   {metadata(method data for {method} {0x00000135bb0eb1a8} 'getProxyConstructor' '(Ljava/lang/Class;Ljava/lang/ClassLoader;[Ljava/lang/Class;)Ljava/lang/reflect/Constructor;' in 'java/lang/reflect/Proxy')}
  0x0000013593e3018c: 48ba d0f9 | 1fbb 3501 | 0000 4883 | 8200 0300 

  0x0000013593e3019c: ;   {metadata(method data for {method} {0x00000135a6419690} 'asList' '([Ljava/lang/Object;)Ljava/util/List;' in 'java/util/Arrays')}
  0x0000013593e3019c: 0001 48ba | c05d 07bb | 3501 0000 | 8bb2 cc00 | 0000 83c6 | 0289 b2cc | 0000 0081 | e6fe ff1f 
  0x0000013593e301bc: 0085 f60f | 8435 0e00 

  0x0000013593e301c4: ;   {metadata('java/util/Arrays$ArrayList')}
  0x0000013593e301c4: 0048 ba60 | 9b1a a635 | 0100 0049 | 8b87 b801 | 0000 488d | 7818 493b | bfc8 0100 | 000f 8734 
  0x0000013593e301e4: 0e00 0049 | 89bf b801 | 0000 48c7 | 0001 0000 | 0048 8bca | 49ba 0000 | 00a6 3501 | 0000 492b 
  0x0000013593e30204: ca89 4808 | 4833 c989 | 480c 4833 | c948 8948 | 1048 8bd0 

  0x0000013593e30218: ;   {metadata(method data for {method} {0x00000135a6419690} 'asList' '([Ljava/lang/Object;)Ljava/util/List;' in 'java/util/Arrays')}
  0x0000013593e30218: 48be c05d | 07bb 3501 | 0000 4883 | 8610 0100 

  0x0000013593e30228: ;   {metadata(method data for {method} {0x00000135a61aa8a0} '<init>' '([Ljava/lang/Object;)V' in 'java/util/Arrays$ArrayList')}
  0x0000013593e30228: 0001 48ba | 085f 07bb | 3501 0000 | 8bb2 cc00 | 0000 83c6 | 0289 b2cc | 0000 0081 | e6fe ff1f 
  0x0000013593e30248: 0085 f60f | 84d7 0d00 | 0048 8bd0 

  0x0000013593e30254: ;   {metadata(method data for {method} {0x00000135a61aa8a0} '<init>' '([Ljava/lang/Object;)V' in 'java/util/Arrays$ArrayList')}
  0x0000013593e30254: 48be 085f | 07bb 3501 | 0000 4883 | 8610 0100 

  0x0000013593e30264: ;   {metadata(method data for {method} {0x00000135a60594e0} '<init>' '()V' in 'java/util/AbstractList')}
  0x0000013593e30264: 0001 48ba | 282a 07bb | 3501 0000 | 8bb2 cc00 | 0000 83c6 | 0289 b2cc | 0000 0081 | e6fe ff1f 
  0x0000013593e30284: 0085 f60f | 84bc 0d00 | 0048 8bd0 

  0x0000013593e30290: ;   {metadata(method data for {method} {0x00000135a60594e0} '<init>' '()V' in 'java/util/AbstractList')}
  0x0000013593e30290: 48be 282a | 07bb 3501 | 0000 4883 | 8610 0100 

  0x0000013593e302a0: ;   {metadata(method data for {method} {0x00000135a6058890} '<init>' '()V' in 'java/util/AbstractCollection')}
  0x0000013593e302a0: 0001 48ba | 20dc 00bb | 3501 0000 | 8bb2 cc00 | 0000 83c6 | 0289 b2cc | 0000 0081 | e6fe ff1f 
  0x0000013593e302c0: 0085 f60f | 84a1 0d00 | 0048 8bd0 

  0x0000013593e302cc: ;   {metadata(method data for {method} {0x00000135a6058890} '<init>' '()V' in 'java/util/AbstractCollection')}
  0x0000013593e302cc: 48be 20dc | 00bb 3501 | 0000 4883 | 8610 0100 

  0x0000013593e302dc: ;   {metadata(method data for {method} {0x00000135a6474aa8} '<init>' '()V' in 'java/lang/Object')}
  0x0000013593e302dc: 0001 48ba | 9067 00bb | 3501 0000 | 8bb2 cc00 | 0000 83c6 | 0289 b2cc | 0000 0081 | e6fe ff1f 
  0x0000013593e302fc: 0085 f60f | 8486 0d00 

  0x0000013593e30304: ;   {metadata(method data for {method} {0x00000135a61aa8a0} '<init>' '([Ljava/lang/Object;)V' in 'java/util/Arrays$ArrayList')}
  0x0000013593e30304: 0048 ba08 | 5f07 bb35 | 0100 0048 | 8382 2001 

  0x0000013593e30314: ;   {metadata(method data for {method} {0x00000135a6055658} 'requireNonNull' '(Ljava/lang/Object;)Ljava/lang/Object;' in 'java/util/Objects')}
  0x0000013593e30314: 0000 0148 | ba88 e600 | bb35 0100 | 008b b2cc | 0000 0083 | c602 89b2 | cc00 0000 | 81e6 feff 
  0x0000013593e30334: 1f00 85f6 | 0f84 6e0d | 0000 4885 

  0x0000013593e30340: ;   {metadata(method data for {method} {0x00000135a6055658} 'requireNonNull' '(Ljava/lang/Object;)Ljava/lang/Object;' in 'java/util/Objects')}
  0x0000013593e30340: db48 ba88 | e600 bb35 | 0100 0048 | c7c6 2001 | 0000 7407 | 48c7 c610 | 0100 0048 | 8b3c 3248 
  0x0000013593e30360: 8d7f 0148 | 893c 320f | 84a4 0b00 | 0041 0fbe | 5740 85d2 | 0f85 530d | 0000 4c8b | d344 8950 
  0x0000013593e30380: 1048 8bd0 | 4833 d348 | c1ea 1448 | 83fa 000f | 8553 0d00 

  0x0000013593e30394: ;   {oop(a 'jdk/internal/loader/ClassLoaderValue'{0x00000000e0ce7cb8})}
  0x0000013593e30394: 0048 bab8 | 7cce e000 

  0x0000013593e3039c: ;   {metadata(method data for {method} {0x00000135bb0eb1a8} 'getProxyConstructor' '(Ljava/lang/Class;Ljava/lang/ClassLoader;[Ljava/lang/Class;)Ljava/lang/reflect/Constructor;' in 'java/lang/reflect/Proxy')}
  0x0000013593e3039c: 0000 0048 | bed0 f91f | bb35 0100 | 008b 5208 | 49ba 0000 | 00a6 3501 | 0000 4903 | d248 3b96 
  0x0000013593e303bc: 2003 0000 | 750d 4883 | 8628 0300 | 0001 e960 | 0000 0048 | 3b96 3003 | 0000 750d | 4883 8638 
  0x0000013593e303dc: 0300 0001 | e94a 0000 | 0048 83be | 2003 0000 | 0075 1748 | 8996 2003 | 0000 48c7 | 8628 0300 
  0x0000013593e303fc: 0001 0000 | 00e9 2900 | 0000 4883 | be30 0300 | 0000 7517 | 4889 9630 | 0300 0048 | c786 3803 
  0x0000013593e3041c: 0000 0100 | 0000 e908 | 0000 0048 | 8386 1003 

  0x0000013593e3042c: ;   {metadata(method data for {method} {0x00000135a621b750} 'sub' '(Ljava/lang/Object;)Ljdk/internal/loader/AbstractClassLoaderValue$Sub;' in 'jdk/internal/loader/AbstractClassLoaderValue')}
  0x0000013593e3042c: 0000 0148 | bae8 f31f | bb35 0100 | 008b b2cc | 0000 0083 | c602 89b2 | cc00 0000 | 81e6 feff 
  0x0000013593e3044c: 1f00 85f6 | 0f84 aa0c 

  0x0000013593e30454: ;   {metadata('jdk/internal/loader/AbstractClassLoaderValue$Sub')}
  0x0000013593e30454: 0000 48ba | 68f4 04a7 | 3501 0000 | 488b d849 | 8b87 b801 | 0000 488d | 7818 493b | bfc8 0100 
  0x0000013593e30474: 000f 87a6 | 0c00 0049 | 89bf b801 | 0000 48c7 | 0001 0000 | 0048 8bca | 49ba 0000 | 00a6 3501 
  0x0000013593e30494: 0000 492b | ca89 4808 | 4833 c989 | 480c 4833 | c948 8948 | 1048 8bd0 

  0x0000013593e304ac: ;   {metadata(method data for {method} {0x00000135a621b750} 'sub' '(Ljava/lang/Object;)Ljdk/internal/loader/AbstractClassLoaderValue$Sub;' in 'jdk/internal/loader/AbstractClassLoaderValue')}
  0x0000013593e304ac: 48be e8f3 | 1fbb 3501 | 0000 4883 | 8610 0100 

  0x0000013593e304bc: ;   {metadata(method data for {method} {0x00000135bb0edcd0} '<init>' '(Ljdk/internal/loader/AbstractClassLoaderValue;Ljava/lang/Object;)V' in 'jdk/internal/loader/AbstractClassLoaderValue$Sub')}
  0x0000013593e304bc: 0001 48ba | 38f5 1fbb | 3501 0000 | 8bb2 cc00 | 0000 83c6 | 0289 b2cc | 0000 0081 | e6fe ff1f 
  0x0000013593e304dc: 0085 f60f | 8449 0c00 | 0041 0fbe | 5740 85d2 | 0f85 5d0c 

  0x0000013593e304f0: ;   {oop(a 'jdk/internal/loader/ClassLoaderValue'{0x00000000e0ce7cb8})}
  0x0000013593e304f0: 0000 49ba | b87c cee0 | 0000 0000 | 4489 5010 

  0x0000013593e30500: ;   {oop(a 'jdk/internal/loader/ClassLoaderValue'{0x00000000e0ce7cb8})}
  0x0000013593e30500: 48ba b87c | cee0 0000 | 0000 488b | f048 33f2 | 48c1 ee14 | 4883 fe00 | 0f85 4c0c | 0000 488b 
  0x0000013593e30520: ;   {metadata(method data for {method} {0x00000135bb0edcd0} '<init>' '(Ljdk/internal/loader/AbstractClassLoaderValue;Ljava/lang/Object;)V' in 'jdk/internal/loader/AbstractClassLoaderValue$Sub')}
  0x0000013593e30520: d048 be38 | f51f bb35 | 0100 0048 | 8386 1001 

  0x0000013593e30530: ;   {metadata(method data for {method} {0x00000135a621b800} '<init>' '()V' in 'jdk/internal/loader/AbstractClassLoaderValue')}
  0x0000013593e30530: 0000 0148 | ba70 c21f | bb35 0100 | 008b b2cc | 0000 0083 | c602 89b2 | cc00 0000 | 81e6 feff 
  0x0000013593e30550: 1f00 85f6 | 0f84 280c | 0000 488b 

  0x0000013593e3055c: ;   {metadata(method data for {method} {0x00000135a621b800} '<init>' '()V' in 'jdk/internal/loader/AbstractClassLoaderValue')}
  0x0000013593e3055c: d048 be70 | c21f bb35 | 0100 0048 | 8386 1001 

  0x0000013593e3056c: ;   {metadata(method data for {method} {0x00000135a6474aa8} '<init>' '()V' in 'java/lang/Object')}
  0x0000013593e3056c: 0000 0148 | ba90 6700 | bb35 0100 | 008b b2cc | 0000 0083 | c602 89b2 | cc00 0000 | 81e6 feff 
  0x0000013593e3058c: 1f00 85f6 | 0f84 0d0c | 0000 410f | be57 4085 | d20f 8521 | 0c00 004c | 8bd3 4489 | 500c 488b 
  0x0000013593e305ac: d048 33d3 | 48c1 ea14 | 4883 fa00 | 0f85 210c | 0000 6690 

  0x0000013593e305c0: ;   {no_reloc}
  0x0000013593e305c0: e941 0c00 | 0090 9090 | 9090 4889 | 8424 b800 | 0000 0f1f 

  0x0000013593e305d4: ;   {static_call}
  0x0000013593e305d4: 4400 00e8 

  0x0000013593e305d8: ; ImmutableOopMap {[168]=Oop [184]=Oop }
                      ;*invokedynamic {reexecute=0 rethrow=0 return_oop=0}
                      ; - java.lang.reflect.Proxy::getProxyConstructor@80
  0x0000013593e305d8: a4ea 0d07 

  0x0000013593e305dc: ;   {other}
  0x0000013593e305dc: 0f1f 8400 | 4c0a 0002 

  0x0000013593e305e4: ;   {metadata(method data for {method} {0x00000135bb0eb1a8} 'getProxyConstructor' '(Ljava/lang/Class;Ljava/lang/ClassLoader;[Ljava/lang/Class;)Ljava/lang/reflect/Constructor;' in 'java/lang/reflect/Proxy')}
  0x0000013593e305e4: 49b8 d0f9 | 1fbb 3501 | 0000 4d8d | 8058 0300 | 0048 85c0 | 750d 41f6 | 0001 754e | f049 8308 
  0x0000013593e30604: 01eb 4744 | 8b48 0849 | ba00 0000 | a635 0100 | 004d 03ca | 4d8b d14d | 3308 49f7 | c1fc ffff 
  0x0000013593e30624: ff74 2741 | f6c1 0275 | 2149 f700 | feff ffff | 7415 4d8b | ca4d 3308 | 49f7 c1fc | ffff ff74 
  0x0000013593e30644: 0949 8308 | 02eb 034d | 8908 4c8b | 8424 b800 

  0x0000013593e30654: ;   {metadata(method data for {method} {0x00000135bb0eb1a8} 'getProxyConstructor' '(Ljava/lang/Class;Ljava/lang/ClassLoader;[Ljava/lang/Class;)Ljava/lang/reflect/Constructor;' in 'java/lang/reflect/Proxy')}
  0x0000013593e30654: 0000 49b9 | d0f9 1fbb | 3501 0000 | 458b 4008 | 49ba 0000 | 00a6 3501 | 0000 4d03 | c24d 3b81 
  0x0000013593e30674: 7803 0000 | 750d 4983 | 8180 0300 | 0001 e960 | 0000 004d | 3b81 8803 | 0000 750d | 4983 8190 
  0x0000013593e30694: 0300 0001 | e94a 0000 | 0049 83b9 | 7803 0000 | 0075 174d | 8981 7803 | 0000 49c7 | 8180 0300 
  0x0000013593e306b4: 0001 0000 | 00e9 2900 | 0000 4983 | b988 0300 | 0000 7517 | 4d89 8188 | 0300 0049 | c781 9003 
  0x0000013593e306d4: 0000 0100 | 0000 e908 | 0000 0049 | 8381 6803 | 0000 014c | 8b84 24a8 | 0000 004c | 8bc8 488b 
  0x0000013593e306f4: 9424 b800 | 0000 0f1f 

  0x0000013593e306fc: ;   {optimized virtual_call}
  0x0000013593e306fc: 4400 00e8 

  0x0000013593e30700: ; ImmutableOopMap {}
                      ;*invokevirtual computeIfAbsent {reexecute=0 rethrow=0 return_oop=0}
                      ; - java.lang.reflect.Proxy::getProxyConstructor@85
  0x0000013593e30700: 7ce3 0d07 

  0x0000013593e30704: ;   {other}
  0x0000013593e30704: 0f1f 8400 | 740b 0003 | 4885 c075 

  0x0000013593e30710: ;   {metadata(method data for {method} {0x00000135bb0eb1a8} 'getProxyConstructor' '(Ljava/lang/Class;Ljava/lang/ClassLoader;[Ljava/lang/Class;)Ljava/lang/reflect/Constructor;' in 'java/lang/reflect/Proxy')}
  0x0000013593e30710: 1648 bad0 | f91f bb35 | 0100 0080 | 8a99 0300 | 0001 e9cc 

  0x0000013593e30724: ;   {metadata('java/lang/reflect/Constructor')}
  0x0000013593e30724: 0000 0048 | be50 4f01 | a635 0100 | 008b 5808 | 49ba 0000 | 00a6 3501 | 0000 4903 | da48 3bf3 
  0x0000013593e30744: 0f85 8d00 

  0x0000013593e30748: ;   {metadata(method data for {method} {0x00000135bb0eb1a8} 'getProxyConstructor' '(Ljava/lang/Class;Ljava/lang/ClassLoader;[Ljava/lang/Class;)Ljava/lang/reflect/Constructor;' in 'java/lang/reflect/Proxy')}
  0x0000013593e30748: 0000 48ba | d0f9 1fbb | 3501 0000 | 8b70 0849 | ba00 0000 | a635 0100 | 0049 03f2 | 483b b2b0 
  0x0000013593e30768: 0300 0075 | 0d48 8382 | b803 0000 | 01e9 7900 | 0000 483b | b2c0 0300 | 0075 0d48 | 8382 c803 
  0x0000013593e30788: 0000 01e9 | 6300 0000 | 4883 bab0 | 0300 0000 | 7517 4889 | b2b0 0300 | 0048 c782 | b803 0000 
  0x0000013593e307a8: 0100 0000 | e942 0000 | 0048 83ba | c003 0000 | 0075 1748 | 89b2 c003 | 0000 48c7 | 82c8 0300 
  0x0000013593e307c8: 0001 0000 | 00e9 2100 | 0000 e91c 

  0x0000013593e307d4: ;   {metadata(method data for {method} {0x00000135bb0eb1a8} 'getProxyConstructor' '(Ljava/lang/Class;Ljava/lang/ClassLoader;[Ljava/lang/Class;)Ljava/lang/reflect/Constructor;' in 'java/lang/reflect/Proxy')}
  0x0000013593e307d4: 0000 0048 | bad0 f91f | bb35 0100 | 0048 83aa | a003 0000 | 01e9 220a | 0000 e900 | 0000 0048 
  0x0000013593e307f4: 81c4 e000 

  0x0000013593e307f8: ;   {poll_return}
  0x0000013593e307f8: 0000 5d49 | 3ba7 5004 | 0000 0f87 | 110a 0000 | c34c 8bc2 | bb01 0000 

  0x0000013593e30810: ;   {metadata('java/lang/Class'[])}
  0x0000013593e30810: 0048 baa8 | 6e00 a635 | 0100 0048 | 63db 488b | fb48 81fb | ffff ff00 | 0f87 010a | 0000 48c7 
  0x0000013593e30830: c617 0000 | 0048 8d34 | 9e48 83e6 | f849 8b87 | b801 0000 | 488d 3430 | 493b b7c8 | 0100 000f 
  0x0000013593e30850: 87da 0900 | 0049 89b7 | b801 0000 | 482b f048 | c700 0100 | 0000 488b | ca49 ba00 | 0000 a635 
  0x0000013593e30870: 0100 0049 | 2bca 8948 | 0889 580c | 4883 ee10 | 4885 f60f | 8411 0000 | 0048 33db | 48c1 ee03 
  0x0000013593e30890: 4889 5cf0 | 0848 ffce | 75f6 4d85 

  0x0000013593e3089c: ;   {metadata(method data for {method} {0x00000135bb0eb1a8} 'getProxyConstructor' '(Ljava/lang/Class;Ljava/lang/ClassLoader;[Ljava/lang/Class;)Ljava/lang/reflect/Constructor;' in 'java/lang/reflect/Proxy')}
  0x0000013593e3089c: db75 1749 | b9d0 f91f | bb35 0100 | 0041 8089 | 4901 0000 | 01e9 fc00 | 0000 8b50 | 0849 ba00 
  0x0000013593e308bc: 0000 a635 | 0100 0049 | 03d2 458b | 4b08 49ba | 0000 00a6 | 3501 0000 | 4d03 ca48 | 8b92 e000 
  0x0000013593e308dc: 0000 4c3b | ca0f 8429 | 0000 008b | 7214 493b | 1431 0f84 | 1c00 0000 | 83fe 200f | 859e 0000 
  0x0000013593e308fc: 0041 5152 

  0x0000013593e30900: ;   {runtime_call slow_subtype_check Runtime1 stub}
  0x0000013593e30900: e87b ef19 | 0741 595a | 85d2 0f84 | 8b00 0000 

  0x0000013593e30910: ;   {metadata(method data for {method} {0x00000135bb0eb1a8} 'getProxyConstructor' '(Ljava/lang/Class;Ljava/lang/ClassLoader;[Ljava/lang/Class;)Ljava/lang/reflect/Constructor;' in 'java/lang/reflect/Proxy')}
  0x0000013593e30910: 49b9 d0f9 | 1fbb 3501 | 0000 418b | 5308 49ba | 0000 00a6 | 3501 0000 | 4903 d249 | 3b91 6001 
  0x0000013593e30930: 0000 750d | 4983 8168 | 0100 0001 | e971 0000 | 0049 3b91 | 7001 0000 | 750d 4983 | 8178 0100 
  0x0000013593e30950: 0001 e95b | 0000 0049 | 83b9 6001 | 0000 0075 | 1749 8991 | 6001 0000 | 49c7 8168 | 0100 0001 
  0x0000013593e30970: 0000 00e9 | 3a00 0000 | 4983 b970 | 0100 0000 | 7517 4989 | 9170 0100 | 0049 c781 | 7801 0000 
  0x0000013593e30990: 0100 0000 | e919 0000 

  0x0000013593e30998: ;   {metadata(method data for {method} {0x00000135bb0eb1a8} 'getProxyConstructor' '(Ljava/lang/Class;Ljava/lang/ClassLoader;[Ljava/lang/Class;)Ljava/lang/reflect/Constructor;' in 'java/lang/reflect/Proxy')}
  0x0000013593e30998: 00eb 1749 | b9d0 f91f | bb35 0100 | 0049 83a9 | 5001 0000 | 01e9 8c08 | 0000 488d | 5010 450f 
  0x0000013593e309b8: be4f 4045 | 85c9 0f85 | 8308 0000 | 4d8b d344 | 8912 4c8b | ca4d 33cb | 49c1 e914 | 4983 f900 
  0x0000013593e309d8: 0f85 8408 

  0x0000013593e309dc: ;   {metadata(method data for {method} {0x00000135bb0eb1a8} 'getProxyConstructor' '(Ljava/lang/Class;Ljava/lang/ClassLoader;[Ljava/lang/Class;)Ljava/lang/reflect/Constructor;' in 'java/lang/reflect/Proxy')}
  0x0000013593e309dc: 0000 48ba | d0f9 1fbb | 3501 0000 | 4883 8288 | 0100 0001 | 498b d04c | 8b84 24a8 | 0000 004c 
  0x0000013593e309fc: 8bc8 4c89 | 9c24 c000 

  0x0000013593e30a04: ;   {static_call}
  0x0000013593e30a04: 0000 90e8 

  0x0000013593e30a08: ; ImmutableOopMap {[168]=Oop [192]=Oop }
                      ;*invokestatic checkProxyAccess {reexecute=0 rethrow=0 return_oop=0}
                      ; - java.lang.reflect.Proxy::getProxyConstructor@24
  0x0000013593e30a08: 74e6 0d07 

  0x0000013593e30a0c: ;   {other}
  0x0000013593e30a0c: 0f1f 8400 | 7c0e 0004 | 4c8b 9c24 | c000 0000 

  0x0000013593e30a1c: ;   {oop(a 'jdk/internal/loader/ClassLoaderValue'{0x00000000e0ce7cb8})}
  0x0000013593e30a1c: 48ba b87c | cee0 0000 

  0x0000013593e30a24: ;   {metadata(method data for {method} {0x00000135bb0eb1a8} 'getProxyConstructor' '(Ljava/lang/Class;Ljava/lang/ClassLoader;[Ljava/lang/Class;)Ljava/lang/reflect/Constructor;' in 'java/lang/reflect/Proxy')}
  0x0000013593e30a24: 0000 48be | d0f9 1fbb | 3501 0000 | 8b52 0849 | ba00 0000 | a635 0100 | 0049 03d2 | 483b 96a8 
  0x0000013593e30a44: 0100 0075 | 0d48 8386 | b001 0000 | 01e9 6000 | 0000 483b | 96b8 0100 | 0075 0d48 | 8386 c001 
  0x0000013593e30a64: 0000 01e9 | 4a00 0000 | 4883 bea8 | 0100 0000 | 7517 4889 | 96a8 0100 | 0048 c786 | b001 0000 
  0x0000013593e30a84: 0100 0000 | e929 0000 | 0048 83be | b801 0000 | 0075 1748 | 8996 b801 | 0000 48c7 | 86c0 0100 
  0x0000013593e30aa4: 0001 0000 | 00e9 0800 | 0000 4883 | 8698 0100 

  0x0000013593e30ab4: ;   {metadata(method data for {method} {0x00000135a621b750} 'sub' '(Ljava/lang/Object;)Ljdk/internal/loader/AbstractClassLoaderValue$Sub;' in 'jdk/internal/loader/AbstractClassLoaderValue')}
  0x0000013593e30ab4: 0001 48ba | e8f3 1fbb | 3501 0000 | 8bb2 cc00 | 0000 83c6 | 0289 b2cc | 0000 0081 | e6fe ff1f 
  0x0000013593e30ad4: 0085 f60f | 849d 0700 

  0x0000013593e30adc: ;   {metadata('jdk/internal/loader/AbstractClassLoaderValue$Sub')}
  0x0000013593e30adc: 0048 ba68 | f404 a735 | 0100 0049 | 8b87 b801 | 0000 488d | 7818 493b | bfc8 0100 | 000f 879c 
  0x0000013593e30afc: 0700 0049 | 89bf b801 | 0000 48c7 | 0001 0000 | 0048 8bca | 49ba 0000 | 00a6 3501 | 0000 492b 
  0x0000013593e30b1c: ca89 4808 | 4833 c989 | 480c 4833 | c948 8948 | 104c 8bc0 

  0x0000013593e30b30: ;   {metadata(method data for {method} {0x00000135a621b750} 'sub' '(Ljava/lang/Object;)Ljdk/internal/loader/AbstractClassLoaderValue$Sub;' in 'jdk/internal/loader/AbstractClassLoaderValue')}
  0x0000013593e30b30: 49b9 e8f3 | 1fbb 3501 | 0000 4983 | 8110 0100 

  0x0000013593e30b40: ;   {metadata(method data for {method} {0x00000135bb0edcd0} '<init>' '(Ljdk/internal/loader/AbstractClassLoaderValue;Ljava/lang/Object;)V' in 'jdk/internal/loader/AbstractClassLoaderValue$Sub')}
  0x0000013593e30b40: 0001 49b8 | 38f5 1fbb | 3501 0000 | 458b 88cc | 0000 0041 | 83c1 0245 | 8988 cc00 | 0000 4181 
  0x0000013593e30b60: e1fe ff1f | 0045 85c9 | 0f84 3a07 | 0000 450f | be47 4045 | 85c0 0f85 | 4d07 0000 

  0x0000013593e30b7c: ;   {oop(a 'jdk/internal/loader/ClassLoaderValue'{0x00000000e0ce7cb8})}
  0x0000013593e30b7c: 49ba b87c | cee0 0000 | 0000 4489 

  0x0000013593e30b88: ;   {oop(a 'jdk/internal/loader/ClassLoaderValue'{0x00000000e0ce7cb8})}
  0x0000013593e30b88: 5010 49b8 | b87c cee0 | 0000 0000 | 4c8b c84d | 33c8 49c1 | e914 4983 | f900 0f85 | 3d07 0000 
  0x0000013593e30ba8: ;   {metadata(method data for {method} {0x00000135bb0edcd0} '<init>' '(Ljdk/internal/loader/AbstractClassLoaderValue;Ljava/lang/Object;)V' in 'jdk/internal/loader/AbstractClassLoaderValue$Sub')}
  0x0000013593e30ba8: 4c8b c049 | b938 f51f | bb35 0100 | 0049 8381 | 1001 0000 

  0x0000013593e30bbc: ;   {metadata(method data for {method} {0x00000135a621b800} '<init>' '()V' in 'jdk/internal/loader/AbstractClassLoaderValue')}
  0x0000013593e30bbc: 0149 b870 | c21f bb35 | 0100 0045 | 8b88 cc00 | 0000 4183 | c102 4589 | 88cc 0000 | 0041 81e1 
  0x0000013593e30bdc: feff 1f00 | 4585 c90f | 8414 0700 | 004c 8bc0 

  0x0000013593e30bec: ;   {metadata(method data for {method} {0x00000135a621b800} '<init>' '()V' in 'jdk/internal/loader/AbstractClassLoaderValue')}
  0x0000013593e30bec: 49b9 70c2 | 1fbb 3501 | 0000 4983 | 8110 0100 

  0x0000013593e30bfc: ;   {metadata(method data for {method} {0x00000135a6474aa8} '<init>' '()V' in 'java/lang/Object')}
  0x0000013593e30bfc: 0001 49b8 | 9067 00bb | 3501 0000 | 458b 88cc | 0000 0041 | 83c1 0245 | 8988 cc00 | 0000 4181 
  0x0000013593e30c1c: e1fe ff1f | 0045 85c9 | 0f84 f406 | 0000 450f | be47 4045 | 85c0 0f85 | 0707 0000 | 4d8b d344 
  0x0000013593e30c3c: 8950 0c4c | 8bc0 4d33 | c349 c1e8 | 1449 83f8 | 000f 8508 

  0x0000013593e30c50: ;   {metadata(method data for {method} {0x00000135a60ad9c0} 'linkToTargetMethod' '(Ljava/lang/Object;)Ljava/lang/Object;' in 'java/lang/invoke/Invokers$Holder')}
  0x0000013593e30c50: 0700 0049 | b800 5317 | bb35 0100 | 004d 8d80 | e801 0000 

  0x0000013593e30c64: ;   {oop(a 'java/lang/invoke/BoundMethodHandle$Species_L'{0x00000000e0872ca0})}
  0x0000013593e30c64: 49b9 a02c | 87e0 0000 | 0000 4d85 | c975 0b41 | f600 0175 | 05f0 4983 

  0x0000013593e30c7c: ;   {metadata(method data for {method} {0x00000135bb0eb1a8} 'getProxyConstructor' '(Ljava/lang/Class;Ljava/lang/ClassLoader;[Ljava/lang/Class;)Ljava/lang/reflect/Constructor;' in 'java/lang/reflect/Proxy')}
  0x0000013593e30c7c: 0801 49b8 | d0f9 1fbb | 3501 0000 | 4983 80d0 | 0100 0001 

  0x0000013593e30c90: ;   {metadata(method data for {method} {0x00000135a60ad9c0} 'linkToTargetMethod' '(Ljava/lang/Object;)Ljava/lang/Object;' in 'java/lang/invoke/Invokers$Holder')}
  0x0000013593e30c90: 49b8 0053 | 17bb 3501 | 0000 418b | 90cc 0000 | 0083 c202 | 4189 90cc | 0000 0081 | e2fe ff1f 
  0x0000013593e30cb0: 0085 d20f | 84ba 0600 

  0x0000013593e30cb8: ;   {metadata(method data for {method} {0x00000135bb400a28} 'invoke' '(Ljava/lang/Object;)Ljava/lang/Object;' in 'java/lang/invoke/LambdaForm$MH+0x00000135a7000800')}
  0x0000013593e30cb8: 0049 b848 | 0c40 bb35 | 0100 004d | 8d80 a001 | 0000 4d85 | c975 0b41 | f600 0175 | 05f0 4983 
  0x0000013593e30cd8: ;   {metadata(method data for {method} {0x00000135a60ad9c0} 'linkToTargetMethod' '(Ljava/lang/Object;)Ljava/lang/Object;' in 'java/lang/invoke/Invokers$Holder')}
  0x0000013593e30cd8: 0801 49b8 | 0053 17bb | 3501 0000 | 4983 8048 | 0100 0001 

  0x0000013593e30cec: ;   {metadata(method data for {method} {0x00000135bb400a28} 'invoke' '(Ljava/lang/Object;)Ljava/lang/Object;' in 'java/lang/invoke/LambdaForm$MH+0x00000135a7000800')}
  0x0000013593e30cec: 49b8 480c | 40bb 3501 | 0000 458b | 88cc 0000 | 0041 83c1 | 0245 8988 | cc00 0000 | 4181 e1fe 
  0x0000013593e30d0c: ff1f 0045 | 85c9 0f84 | 7c06 0000 

  0x0000013593e30d18: ;   {metadata(method data for {method} {0x00000135a60ad9c0} 'linkToTargetMethod' '(Ljava/lang/Object;)Ljava/lang/Object;' in 'java/lang/invoke/Invokers$Holder')}
  0x0000013593e30d18: 49b8 0053 | 17bb 3501 | 0000 4d8d | 8080 0100 

  0x0000013593e30d28: ;   {oop(a 'java/lang/reflect/Proxy$$Lambda+0x00000135a704f6b8'{0x00000000e0872cc8})}
  0x0000013593e30d28: 0049 b9c8 | 2c87 e000 | 0000 004d | 85c9 750b | 41f6 0001 | 7505 f049 

  0x0000013593e30d40: ;   {metadata(method data for {method} {0x00000135bb0eb1a8} 'getProxyConstructor' '(Ljava/lang/Class;Ljava/lang/ClassLoader;[Ljava/lang/Class;)Ljava/lang/reflect/Constructor;' in 'java/lang/reflect/Proxy')}
  0x0000013593e30d40: 8308 0149 | b8d0 f91f | bb35 0100 | 004d 8d80 | e001 0000 | 4d85 c975 | 0b41 f600 | 0175 05f0 
  0x0000013593e30d60: 4983 0801 

  0x0000013593e30d64: ;   {metadata(method data for {method} {0x00000135bb0eb1a8} 'getProxyConstructor' '(Ljava/lang/Class;Ljava/lang/ClassLoader;[Ljava/lang/Class;)Ljava/lang/reflect/Constructor;' in 'java/lang/reflect/Proxy')}
  0x0000013593e30d64: 4c8b c048 | bad0 f91f | bb35 0100 | 0045 8b40 | 0849 ba00 | 0000 a635 | 0100 004d | 03c2 4c3b 
  0x0000013593e30d84: 8200 0200 | 0075 0d48 | 8382 0802 | 0000 01e9 | 6000 0000 | 4c3b 8210 | 0200 0075 | 0d48 8382 
  0x0000013593e30da4: 1802 0000 | 01e9 4a00 | 0000 4883 | ba00 0200 | 0000 7517 | 4c89 8200 | 0200 0048 | c782 0802 
  0x0000013593e30dc4: 0000 0100 | 0000 e929 | 0000 0048 | 83ba 1002 | 0000 0075 | 174c 8982 | 1002 0000 | 48c7 8218 
  0x0000013593e30de4: 0200 0001 | 0000 00e9 | 0800 0000 | 4883 82f0 | 0100 0001 | 4c8b 8424 | a800 0000 | 488b d00f 
  0x0000013593e30e04: ;   {optimized virtual_call}
  0x0000013593e30e04: 1f40 00e8 

  0x0000013593e30e08: ; ImmutableOopMap {}
                      ;*invokevirtual computeIfAbsent {reexecute=0 rethrow=0 return_oop=0}
                      ; - java.lang.reflect.Proxy::getProxyConstructor@40
  0x0000013593e30e08: 747b faff 

  0x0000013593e30e0c: ;   {other}
  0x0000013593e30e0c: 0f1f 8400 | 7c12 0005 | 4885 c075 

  0x0000013593e30e18: ;   {metadata(method data for {method} {0x00000135bb0eb1a8} 'getProxyConstructor' '(Ljava/lang/Class;Ljava/lang/ClassLoader;[Ljava/lang/Class;)Ljava/lang/reflect/Constructor;' in 'java/lang/reflect/Proxy')}
  0x0000013593e30e18: 1648 bed0 | f91f bb35 | 0100 0080 | 8e21 0200 | 0001 e9cc 

  0x0000013593e30e2c: ;   {metadata('java/lang/reflect/Constructor')}
  0x0000013593e30e2c: 0000 0048 | bf50 4f01 | a635 0100 | 008b 5008 | 49ba 0000 | 00a6 3501 | 0000 4903 | d248 3bfa 
  0x0000013593e30e4c: 0f85 8d00 

  0x0000013593e30e50: ;   {metadata(method data for {method} {0x00000135bb0eb1a8} 'getProxyConstructor' '(Ljava/lang/Class;Ljava/lang/ClassLoader;[Ljava/lang/Class;)Ljava/lang/reflect/Constructor;' in 'java/lang/reflect/Proxy')}
  0x0000013593e30e50: 0000 48be | d0f9 1fbb | 3501 0000 | 8b78 0849 | ba00 0000 | a635 0100 | 0049 03fa | 483b be38 
  0x0000013593e30e70: 0200 0075 | 0d48 8386 | 4002 0000 | 01e9 7900 | 0000 483b | be48 0200 | 0075 0d48 | 8386 5002 
  0x0000013593e30e90: 0000 01e9 | 6300 0000 | 4883 be38 | 0200 0000 | 7517 4889 | be38 0200 | 0048 c786 | 4002 0000 
  0x0000013593e30eb0: 0100 0000 | e942 0000 | 0048 83be | 4802 0000 | 0075 1748 | 89be 4802 | 0000 48c7 | 8650 0200 
  0x0000013593e30ed0: 0001 0000 | 00e9 2100 | 0000 e91c 

  0x0000013593e30edc: ;   {metadata(method data for {method} {0x00000135bb0eb1a8} 'getProxyConstructor' '(Ljava/lang/Class;Ljava/lang/ClassLoader;[Ljava/lang/Class;)Ljava/lang/reflect/Constructor;' in 'java/lang/reflect/Proxy')}
  0x0000013593e30edc: 0000 0048 | bed0 f91f | bb35 0100 | 0048 83ae | 2802 0000 | 01e9 bf04 | 0000 e900 | 0000 0048 
  0x0000013593e30efc: 81c4 e000 

  0x0000013593e30f00: ;   {poll_return}
  0x0000013593e30f00: 0000 5d49 | 3ba7 5004 | 0000 0f87 | ae04 0000 | c348 8984 | 24d0 0000 | 000f 1f80 | 0000 0000 
  0x0000013593e30f20: ;   {no_reloc}
  0x0000013593e30f20: e9be 0400 | 0000 0000 | 0000 498b | 87b8 0100 | 0048 8d78 | 3049 3bbf | c801 0000 | 0f87 ab04 
  0x0000013593e30f40: 0000 4989 | bfb8 0100 | 0048 c700 | 0100 0000 | 488b ca49 | ba00 0000 | a635 0100 | 0049 2bca 
  0x0000013593e30f60: 8948 0848 | 33c9 8948 | 0c48 33c9 | 4889 4810 | 4889 4818 | 4889 4820 | 4889 4828 

  0x0000013593e30f7c: ;   {metadata(method data for {method} {0x00000135a6055658} 'requireNonNull' '(Ljava/lang/Object;)Ljava/lang/Object;' in 'java/util/Objects')}
  0x0000013593e30f7c: 488b d048 | be88 e600 | bb35 0100 | 0048 8386 | 3001 0000 | 0148 8bd0 | 4889 8424 | c800 0000 
  0x0000013593e30f9c: ;   {optimized virtual_call}
  0x0000013593e30f9c: 6666 90e8 

  0x0000013593e30fa0: ; ImmutableOopMap {[168]=Oop [200]=Oop [208]=Oop }
                      ;*invokespecial <init> {reexecute=0 rethrow=0 return_oop=0}
                      ; - java.util.Objects::requireNonNull@8
                      ; - java.util.Arrays$ArrayList::<init>@6
                      ; - java.util.Arrays::asList@5
                      ; - java.lang.reflect.Proxy::getProxyConstructor@66
  0x0000013593e30fa0: dcda 0d07 

  0x0000013593e30fa4: ;   {other}
  0x0000013593e30fa4: 0f1f 8400 | 1414 0006 | 488b 8424 | c800 0000 | e95e 0400 

  0x0000013593e30fb8: ;   {metadata({method} {0x00000135bb0eb1a8} 'getProxyConstructor' '(Ljava/lang/Class;Ljava/lang/ClassLoader;[Ljava/lang/Class;)Ljava/lang/reflect/Constructor;' in 'java/lang/reflect/Proxy')}
  0x0000013593e30fb8: 0049 baa0 | b10e bb35 | 0100 004c | 8954 2408 | 48c7 0424 | ffff ffff 

  0x0000013593e30fd0: ;   {runtime_call counter_overflow Runtime1 stub}
  0x0000013593e30fd0: e8ab 0f1a 

  0x0000013593e30fd4: ; ImmutableOopMap {rdx=Oop r8=Oop r9=Oop [168]=Oop }
                      ;*synchronization entry
                      ; - java.lang.reflect.Proxy::getProxyConstructor@-1
  0x0000013593e30fd4: 07e9 14ef 

  0x0000013593e30fd8: ;   {runtime_call throw_null_pointer_exception Runtime1 stub}
  0x0000013593e30fd8: ffff e821 

  0x0000013593e30fdc: ; ImmutableOopMap {rdx=Oop r8=Oop r9=Oop [168]=Oop }
                      ;*arraylength {reexecute=0 rethrow=0 return_oop=0}
                      ; - java.lang.reflect.Proxy::getProxyConstructor@1
  0x0000013593e30fdc: d310 0748 | c704 2400 | 0000 004c | 894c 2408 

  0x0000013593e30fec: ;   {runtime_call throw_range_check_failed Runtime1 stub}
  0x0000013593e30fec: e80f dc10 

  0x0000013593e30ff0: ; ImmutableOopMap {rdx=Oop r8=Oop r9=Oop [168]=Oop }
                      ;*aaload {reexecute=0 rethrow=0 return_oop=0}
                      ; - java.lang.reflect.Proxy::getProxyConstructor@8
  0x0000013593e30ff0: 0748 8904 

  0x0000013593e30ff4: ;   {runtime_call throw_class_cast_exception Runtime1 stub}
  0x0000013593e30ff4: 24e8 86e2 

  0x0000013593e30ff8: ; ImmutableOopMap {[160]=Oop [168]=Oop }
                      ;*checkcast {reexecute=0 rethrow=0 return_oop=0}
                      ; - java.lang.reflect.Proxy::getProxyConstructor@51
                      ;   {metadata({method} {0x00000135a6419690} 'asList' '([Ljava/lang/Object;)Ljava/util/List;' in 'java/util/Arrays')}
  0x0000013593e30ff8: 1907 49ba | 8896 41a6 | 3501 0000 | 4c89 5424 | 0848 c704 | 24ff ffff 

  0x0000013593e31010: ;   {runtime_call counter_overflow Runtime1 stub}
  0x0000013593e31010: ffe8 6a0f 

  0x0000013593e31014: ; ImmutableOopMap {rbx=Oop [168]=Oop }
                      ;*synchronization entry
                      ; - java.util.Arrays::asList@-1
                      ; - java.lang.reflect.Proxy::getProxyConstructor@66
  0x0000013593e31014: 1a07 e9aa | f1ff ff48 

  0x0000013593e3101c: ;   {runtime_call fast_new_instance Runtime1 stub}
  0x0000013593e3101c: 8bd2 e8dd 

  0x0000013593e31020: ; ImmutableOopMap {rbx=Oop [168]=Oop }
                      ;*new {reexecute=0 rethrow=0 return_oop=0}
                      ; - java.util.Arrays::asList@0
                      ; - java.lang.reflect.Proxy::getProxyConstructor@66
  0x0000013593e31020: c910 07e9 | edf1 ffff 

  0x0000013593e31028: ;   {metadata({method} {0x00000135a61aa8a0} '<init>' '([Ljava/lang/Object;)V' in 'java/util/Arrays$ArrayList')}
  0x0000013593e31028: 49ba 98a8 | 1aa6 3501 | 0000 4c89 | 5424 0848 | c704 24ff 

  0x0000013593e3103c: ;   {runtime_call counter_overflow Runtime1 stub}
  0x0000013593e3103c: ffff ffe8 

  0x0000013593e31040: ; ImmutableOopMap {rbx=Oop rax=Oop [168]=Oop }
                      ;*synchronization entry
                      ; - java.util.Arrays$ArrayList::<init>@-1
                      ; - java.util.Arrays::asList@5
                      ; - java.lang.reflect.Proxy::getProxyConstructor@66
  0x0000013593e31040: 3c0f 1a07 | e908 f2ff 

  0x0000013593e31048: ;   {metadata({method} {0x00000135a60594e0} '<init>' '()V' in 'java/util/AbstractList')}
  0x0000013593e31048: ff49 bad8 | 9405 a635 | 0100 004c | 8954 2408 | 48c7 0424 | ffff ffff 

  0x0000013593e31060: ;   {runtime_call counter_overflow Runtime1 stub}
  0x0000013593e31060: e81b 0f1a 

  0x0000013593e31064: ; ImmutableOopMap {rbx=Oop rax=Oop [168]=Oop }
                      ;*synchronization entry
                      ; - java.util.AbstractList::<init>@-1
                      ; - java.util.Arrays$ArrayList::<init>@1
                      ; - java.util.Arrays::asList@5
                      ; - java.lang.reflect.Proxy::getProxyConstructor@66
  0x0000013593e31064: 07e9 23f2 

  0x0000013593e31068: ;   {metadata({method} {0x00000135a6058890} '<init>' '()V' in 'java/util/AbstractCollection')}
  0x0000013593e31068: ffff 49ba | 8888 05a6 | 3501 0000 | 4c89 5424 | 0848 c704 | 24ff ffff 

  0x0000013593e31080: ;   {runtime_call counter_overflow Runtime1 stub}
  0x0000013593e31080: ffe8 fa0e 

  0x0000013593e31084: ; ImmutableOopMap {rbx=Oop rax=Oop [168]=Oop }
                      ;*synchronization entry
                      ; - java.util.AbstractCollection::<init>@-1
                      ; - java.util.AbstractList::<init>@1
                      ; - java.util.Arrays$ArrayList::<init>@1
                      ; - java.util.Arrays::asList@5
                      ; - java.lang.reflect.Proxy::getProxyConstructor@66
  0x0000013593e31084: 1a07 e93e 

  0x0000013593e31088: ;   {metadata({method} {0x00000135a6474aa8} '<init>' '()V' in 'java/lang/Object')}
  0x0000013593e31088: f2ff ff49 | baa0 4a47 | a635 0100 | 004c 8954 | 2408 48c7 | 0424 ffff 

  0x0000013593e310a0: ;   {runtime_call counter_overflow Runtime1 stub}
  0x0000013593e310a0: ffff e8d9 

  0x0000013593e310a4: ; ImmutableOopMap {rbx=Oop rax=Oop [168]=Oop }
                      ;*synchronization entry
                      ; - java.lang.Object::<init>@-1
                      ; - java.util.AbstractCollection::<init>@1
                      ; - java.util.AbstractList::<init>@1
                      ; - java.util.Arrays$ArrayList::<init>@1
                      ; - java.util.Arrays::asList@5
                      ; - java.lang.reflect.Proxy::getProxyConstructor@66
  0x0000013593e310a4: 0e1a 07e9 | 59f2 ffff 

  0x0000013593e310ac: ;   {metadata({method} {0x00000135a6055658} 'requireNonNull' '(Ljava/lang/Object;)Ljava/lang/Object;' in 'java/util/Objects')}
  0x0000013593e310ac: 49ba 5056 | 05a6 3501 | 0000 4c89 | 5424 0848 | c704 24ff 

  0x0000013593e310c0: ;   {runtime_call counter_overflow Runtime1 stub}
  0x0000013593e310c0: ffff ffe8 

  0x0000013593e310c4: ; ImmutableOopMap {rbx=Oop rax=Oop [168]=Oop }
                      ;*synchronization entry
                      ; - java.util.Objects::requireNonNull@-1
                      ; - java.util.Arrays$ArrayList::<init>@6
                      ; - java.util.Arrays::asList@5
                      ; - java.lang.reflect.Proxy::getProxyConstructor@66
  0x0000013593e310c4: b80e 1a07 | e971 f2ff | ff8b 5010 | 4883 fa00 | 0f84 a0f2 | ffff 4889 

  0x0000013593e310dc: ;   {runtime_call g1_pre_barrier_slow}
  0x0000013593e310dc: 1424 e89d | 141a 07e9 | 92f2 ffff | 4883 fb00 | 0f84 a3f2 | ffff 4889 

  0x0000013593e310f4: ;   {runtime_call g1_post_barrier_slow}
  0x0000013593e310f4: 0424 e885 | 171a 07e9 | 95f2 ffff 

  0x0000013593e31100: ;   {metadata({method} {0x00000135a621b750} 'sub' '(Ljava/lang/Object;)Ljdk/internal/loader/AbstractClassLoaderValue$Sub;' in 'jdk/internal/loader/AbstractClassLoaderValue')}
  0x0000013593e31100: 49ba 48b7 | 21a6 3501 | 0000 4c89 | 5424 0848 | c704 24ff 

  0x0000013593e31114: ;   {runtime_call counter_overflow Runtime1 stub}
  0x0000013593e31114: ffff ffe8 

  0x0000013593e31118: ; ImmutableOopMap {rax=Oop [168]=Oop }
                      ;*synchronization entry
                      ; - jdk.internal.loader.AbstractClassLoaderValue::sub@-1
                      ; - java.lang.reflect.Proxy::getProxyConstructor@76
  0x0000013593e31118: 640e 1a07 | e935 f3ff | ff48 8bd2 

  0x0000013593e31124: ;   {runtime_call fast_new_instance Runtime1 stub}
  0x0000013593e31124: e8d7 c810 

  0x0000013593e31128: ; ImmutableOopMap {rbx=Oop [168]=Oop }
                      ;*new {reexecute=0 rethrow=0 return_oop=0}
                      ; - jdk.internal.loader.AbstractClassLoaderValue::sub@0
                      ; - java.lang.reflect.Proxy::getProxyConstructor@76
  0x0000013593e31128: 07e9 7bf3 

  0x0000013593e3112c: ;   {metadata({method} {0x00000135bb0edcd0} '<init>' '(Ljdk/internal/loader/AbstractClassLoaderValue;Ljava/lang/Object;)V' in 'jdk/internal/loader/AbstractClassLoaderValue$Sub')}
  0x0000013593e3112c: ffff 49ba | c8dc 0ebb | 3501 0000 | 4c89 5424 | 0848 c704 | 24ff ffff 

  0x0000013593e31144: ;   {runtime_call counter_overflow Runtime1 stub}
  0x0000013593e31144: ffe8 360e 

  0x0000013593e31148: ; ImmutableOopMap {rbx=Oop rax=Oop [168]=Oop }
                      ;*synchronization entry
                      ; - jdk.internal.loader.AbstractClassLoaderValue$Sub::<init>@-1
                      ; - jdk.internal.loader.AbstractClassLoaderValue::sub@6
                      ; - java.lang.reflect.Proxy::getProxyConstructor@76
  0x0000013593e31148: 1a07 e996 | f3ff ff8b | 5010 4883 | fa00 0f84 | 96f3 ffff | 4889 1424 

  0x0000013593e31160: ;   {runtime_call g1_pre_barrier_slow}
  0x0000013593e31160: e81b 141a | 07e9 88f3 | ffff 4883 | fa00 0f84 | aaf3 ffff | 4889 0424 

  0x0000013593e31178: ;   {runtime_call g1_post_barrier_slow}
  0x0000013593e31178: e803 171a | 07e9 9cf3 

  0x0000013593e31180: ;   {metadata({method} {0x00000135a621b800} '<init>' '()V' in 'jdk/internal/loader/AbstractClassLoaderValue')}
  0x0000013593e31180: ffff 49ba | f8b7 21a6 | 3501 0000 | 4c89 5424 | 0848 c704 | 24ff ffff 

  0x0000013593e31198: ;   {runtime_call counter_overflow Runtime1 stub}
  0x0000013593e31198: ffe8 e20d 

  0x0000013593e3119c: ; ImmutableOopMap {rbx=Oop rax=Oop [168]=Oop }
                      ;*synchronization entry
                      ; - jdk.internal.loader.AbstractClassLoaderValue::<init>@-1
                      ; - jdk.internal.loader.AbstractClassLoaderValue$Sub::<init>@6
                      ; - jdk.internal.loader.AbstractClassLoaderValue::sub@6
                      ; - java.lang.reflect.Proxy::getProxyConstructor@76
  0x0000013593e3119c: 1a07 e9b7 

  0x0000013593e311a0: ;   {metadata({method} {0x00000135a6474aa8} '<init>' '()V' in 'java/lang/Object')}
  0x0000013593e311a0: f3ff ff49 | baa0 4a47 | a635 0100 | 004c 8954 | 2408 48c7 | 0424 ffff 

  0x0000013593e311b8: ;   {runtime_call counter_overflow Runtime1 stub}
  0x0000013593e311b8: ffff e8c1 

  0x0000013593e311bc: ; ImmutableOopMap {rbx=Oop rax=Oop [168]=Oop }
                      ;*synchronization entry
                      ; - java.lang.Object::<init>@-1
                      ; - jdk.internal.loader.AbstractClassLoaderValue::<init>@1
                      ; - jdk.internal.loader.AbstractClassLoaderValue$Sub::<init>@6
                      ; - jdk.internal.loader.AbstractClassLoaderValue::sub@6
                      ; - java.lang.reflect.Proxy::getProxyConstructor@76
  0x0000013593e311bc: 0d1a 07e9 | d2f3 ffff | 8b50 0c48 | 83fa 000f | 84d2 f3ff | ff48 8914 

  0x0000013593e311d4: ;   {runtime_call g1_pre_barrier_slow}
  0x0000013593e311d4: 24e8 a613 | 1a07 e9c4 | f3ff ff48 | 83fb 000f | 84d5 f3ff | ff48 8904 

  0x0000013593e311ec: ;   {runtime_call g1_post_barrier_slow}
  0x0000013593e311ec: 24e8 8e16 | 1a07 e9c7 | f3ff ff48 | ba00 0000 | 0000 0000 | 00b8 000f 

  0x0000013593e31204: ;   {runtime_call load_appendix_patching Runtime1 stub}
  0x0000013593e31204: 050a e8f5 

  0x0000013593e31208: ; ImmutableOopMap {rax=Oop [168]=Oop }
                      ;*invokedynamic {reexecute=1 rethrow=0 return_oop=0}
                      ; - (reexecute) java.lang.reflect.Proxy::getProxyConstructor@80
  0x0000013593e31208: 051a 07e9 | b0f3 ffff | 4889 0424 

  0x0000013593e31214: ;   {runtime_call throw_class_cast_exception Runtime1 stub}
  0x0000013593e31214: e867 e019 

  0x0000013593e31218: ; ImmutableOopMap {}
                      ;*checkcast {reexecute=0 rethrow=0 return_oop=0}
                      ; - java.lang.reflect.Proxy::getProxyConstructor@88
                      ;   {internal_word}
  0x0000013593e31218: 0749 bafb | 07e3 9335 | 0100 004d | 8997 6804 

  0x0000013593e31228: ;   {runtime_call SafepointBlob}
  0x0000013593e31228: 0000 e951 

  0x0000013593e3122c: ;   {runtime_call new_object_array Runtime1 stub}
  0x0000013593e3122c: 420e 07e8 

  0x0000013593e31230: ; ImmutableOopMap {r11=Oop r8=Oop [168]=Oop }
                      ;*anewarray {reexecute=0 rethrow=0 return_oop=0}
                      ; - java.lang.reflect.Proxy::getProxyConstructor@17
  0x0000013593e31230: ccbe 1007 | e961 f6ff 

  0x0000013593e31238: ;   {runtime_call throw_null_pointer_exception Runtime1 stub}
  0x0000013593e31238: ffe8 c2d0 

  0x0000013593e3123c: ; ImmutableOopMap {r11=Oop r8=Oop rax=Oop [168]=Oop }
                      ;*aastore {reexecute=1 rethrow=0 return_oop=0}
                      ; - (reexecute) java.lang.reflect.Proxy::getProxyConstructor@23
  0x0000013593e3123c: 1007 4c89 

  0x0000013593e31240: ;   {runtime_call throw_array_store_exception Runtime1 stub}
  0x0000013593e31240: 1c24 e8b9 

  0x0000013593e31244: ; ImmutableOopMap {r11=Oop r8=Oop rax=Oop [168]=Oop }
                      ;*aastore {reexecute=1 rethrow=0 return_oop=0}
                      ; - (reexecute) java.lang.reflect.Proxy::getProxyConstructor@23
  0x0000013593e31244: af10 0744 | 8b0a 4983 | f900 0f84 | 70f7 ffff | 4c89 0c24 

  0x0000013593e31258: ;   {runtime_call g1_pre_barrier_slow}
  0x0000013593e31258: e823 131a | 07e9 62f7 | ffff 4983 | fb00 0f84 | 72f7 ffff | 4889 1424 

  0x0000013593e31270: ;   {runtime_call g1_post_barrier_slow}
  0x0000013593e31270: e80b 161a | 07e9 64f7 

  0x0000013593e31278: ;   {metadata({method} {0x00000135a621b750} 'sub' '(Ljava/lang/Object;)Ljdk/internal/loader/AbstractClassLoaderValue$Sub;' in 'jdk/internal/loader/AbstractClassLoaderValue')}
  0x0000013593e31278: ffff 49ba | 48b7 21a6 | 3501 0000 | 4c89 5424 | 0848 c704 | 24ff ffff 

  0x0000013593e31290: ;   {runtime_call counter_overflow Runtime1 stub}
  0x0000013593e31290: ffe8 ea0c 

  0x0000013593e31294: ; ImmutableOopMap {r11=Oop [168]=Oop }
                      ;*synchronization entry
                      ; - jdk.internal.loader.AbstractClassLoaderValue::sub@-1
                      ; - java.lang.reflect.Proxy::getProxyConstructor@31
  0x0000013593e31294: 1a07 e942 | f8ff ff48 

  0x0000013593e3129c: ;   {runtime_call fast_new_instance Runtime1 stub}
  0x0000013593e3129c: 8bd2 e85d 

  0x0000013593e312a0: ; ImmutableOopMap {r11=Oop [168]=Oop }
                      ;*new {reexecute=0 rethrow=0 return_oop=0}
                      ; - jdk.internal.loader.AbstractClassLoaderValue::sub@0
                      ; - java.lang.reflect.Proxy::getProxyConstructor@31
  0x0000013593e312a0: c710 07e9 | 85f8 ffff 

  0x0000013593e312a8: ;   {metadata({method} {0x00000135bb0edcd0} '<init>' '(Ljdk/internal/loader/AbstractClassLoaderValue;Ljava/lang/Object;)V' in 'jdk/internal/loader/AbstractClassLoaderValue$Sub')}
  0x0000013593e312a8: 49ba c8dc | 0ebb 3501 | 0000 4c89 | 5424 0848 | c704 24ff 

  0x0000013593e312bc: ;   {runtime_call counter_overflow Runtime1 stub}
  0x0000013593e312bc: ffff ffe8 

  0x0000013593e312c0: ; ImmutableOopMap {r11=Oop rax=Oop [168]=Oop }
                      ;*synchronization entry
                      ; - jdk.internal.loader.AbstractClassLoaderValue$Sub::<init>@-1
                      ; - jdk.internal.loader.AbstractClassLoaderValue::sub@6
                      ; - java.lang.reflect.Proxy::getProxyConstructor@31
  0x0000013593e312c0: bc0c 1a07 | e9a5 f8ff | ff44 8b40 | 1049 83f8 | 000f 84a5 | f8ff ff4c 

  0x0000013593e312d8: ;   {runtime_call g1_pre_barrier_slow}
  0x0000013593e312d8: 8904 24e8 | a012 1a07 | e997 f8ff | ff49 83f8 | 000f 84b9 | f8ff ff48 

  0x0000013593e312f0: ;   {runtime_call g1_post_barrier_slow}
  0x0000013593e312f0: 8904 24e8 | 8815 1a07 | e9ab f8ff 

  0x0000013593e312fc: ;   {metadata({method} {0x00000135a621b800} '<init>' '()V' in 'jdk/internal/loader/AbstractClassLoaderValue')}
  0x0000013593e312fc: ff49 baf8 | b721 a635 | 0100 004c | 8954 2408 | 48c7 0424 | ffff ffff 

  0x0000013593e31314: ;   {runtime_call counter_overflow Runtime1 stub}
  0x0000013593e31314: e867 0c1a 

  0x0000013593e31318: ; ImmutableOopMap {r11=Oop rax=Oop [168]=Oop }
                      ;*synchronization entry
                      ; - jdk.internal.loader.AbstractClassLoaderValue::<init>@-1
                      ; - jdk.internal.loader.AbstractClassLoaderValue$Sub::<init>@6
                      ; - jdk.internal.loader.AbstractClassLoaderValue::sub@6
                      ; - java.lang.reflect.Proxy::getProxyConstructor@31
  0x0000013593e31318: 07e9 cbf8 

  0x0000013593e3131c: ;   {metadata({method} {0x00000135a6474aa8} '<init>' '()V' in 'java/lang/Object')}
  0x0000013593e3131c: ffff 49ba | a04a 47a6 | 3501 0000 | 4c89 5424 | 0848 c704 | 24ff ffff 

  0x0000013593e31334: ;   {runtime_call counter_overflow Runtime1 stub}
  0x0000013593e31334: ffe8 460c 

  0x0000013593e31338: ; ImmutableOopMap {r11=Oop rax=Oop [168]=Oop }
                      ;*synchronization entry
                      ; - java.lang.Object::<init>@-1
                      ; - jdk.internal.loader.AbstractClassLoaderValue::<init>@1
                      ; - jdk.internal.loader.AbstractClassLoaderValue$Sub::<init>@6
                      ; - jdk.internal.loader.AbstractClassLoaderValue::sub@6
                      ; - java.lang.reflect.Proxy::getProxyConstructor@31
  0x0000013593e31338: 1a07 e9eb | f8ff ff44 | 8b40 0c49 | 83f8 000f | 84eb f8ff | ff4c 8904 

  0x0000013593e31350: ;   {runtime_call g1_pre_barrier_slow}
  0x0000013593e31350: 24e8 2a12 | 1a07 e9dd | f8ff ff49 | 83fb 000f | 84ee f8ff | ff48 8904 

  0x0000013593e31368: ;   {runtime_call g1_post_barrier_slow}
  0x0000013593e31368: 24e8 1215 | 1a07 e9e0 

  0x0000013593e31370: ;   {metadata({method} {0x00000135a60ad9c0} 'linkToTargetMethod' '(Ljava/lang/Object;)Ljava/lang/Object;' in 'java/lang/invoke/Invokers$Holder')}
  0x0000013593e31370: f8ff ff49 | bab8 d90a | a635 0100 | 004c 8954 | 2408 48c7 | 0424 ffff 

  0x0000013593e31388: ;   {runtime_call counter_overflow Runtime1 stub}
  0x0000013593e31388: ffff e8f1 

  0x0000013593e3138c: ; ImmutableOopMap {rax=Oop r9=Oop [168]=Oop }
                      ;*synchronization entry
                      ; - java.lang.invoke.Invokers$Holder::linkToTargetMethod@-1
                      ; - java.lang.reflect.Proxy::getProxyConstructor@35
  0x0000013593e3138c: 0b1a 07e9 | 25f9 ffff 

  0x0000013593e31394: ;   {metadata({method} {0x00000135bb400a28} 'invoke' '(Ljava/lang/Object;)Ljava/lang/Object;' in 'java/lang/invoke/LambdaForm$MH+0x00000135a7000800')}
  0x0000013593e31394: 49ba 200a | 40bb 3501 | 0000 4c89 | 5424 0848 | c704 24ff 

  0x0000013593e313a8: ;   {runtime_call counter_overflow Runtime1 stub}
  0x0000013593e313a8: ffff ffe8 

  0x0000013593e313ac: ; ImmutableOopMap {rax=Oop [168]=Oop }
                      ;*synchronization entry
                      ; - java.lang.invoke.LambdaForm$MH/0x00000135a7000800::invoke@-1
                      ; - java.lang.invoke.Invokers$Holder::linkToTargetMethod@4
                      ; - java.lang.reflect.Proxy::getProxyConstructor@35
  0x0000013593e313ac: d00b 1a07 | e963 f9ff | ff48 8904 

  0x0000013593e313b8: ;   {runtime_call throw_class_cast_exception Runtime1 stub}
  0x0000013593e313b8: 24e8 c2de 

  0x0000013593e313bc: ; ImmutableOopMap {}
                      ;*checkcast {reexecute=0 rethrow=0 return_oop=0}
                      ; - java.lang.reflect.Proxy::getProxyConstructor@43
                      ;   {internal_word}
  0x0000013593e313bc: 1907 49ba | 030f e393 | 3501 0000 | 4d89 9768 

  0x0000013593e313cc: ;   {runtime_call SafepointBlob}
  0x0000013593e313cc: 0400 00e9 | ac40 0e07 

  0x0000013593e313d4: ;   {metadata(nullptr)}
  0x0000013593e313d4: 48ba 0000 | 0000 0000 | 0000 b800 

  0x0000013593e313e0: ;   {runtime_call load_klass_patching Runtime1 stub}
  0x0000013593e313e0: 0f05 0ae8 

  0x0000013593e313e4: ; ImmutableOopMap {[168]=Oop [208]=Oop }
                      ;*new {reexecute=1 rethrow=0 return_oop=0}
                      ; - (reexecute) java.util.Objects::requireNonNull@4
                      ; - java.util.Arrays$ArrayList::<init>@6
                      ; - java.util.Arrays::asList@5
                      ; - java.lang.reflect.Proxy::getProxyConstructor@66
  0x0000013593e313e4: 18fb 1907 | e933 fbff | ff48 8bd2 

  0x0000013593e313f0: ;   {runtime_call fast_new_instance Runtime1 stub}
  0x0000013593e313f0: e80b c610 

  0x0000013593e313f4: ; ImmutableOopMap {[168]=Oop [208]=Oop }
                      ;*new {reexecute=0 rethrow=0 return_oop=0}
                      ; - java.util.Objects::requireNonNull@4
                      ; - java.util.Arrays$ArrayList::<init>@6
                      ; - java.util.Arrays::asList@5
                      ; - java.lang.reflect.Proxy::getProxyConstructor@66
  0x0000013593e313f4: 07e9 82fb | ffff 498b | 8700 0500 | 0049 c787 | 0005 0000 | 0000 0000 | 49c7 8708 | 0500 0000 
  0x0000013593e31414: 0000 0048 | 81c4 e000 

  0x0000013593e3141c: ;   {runtime_call unwind_exception Runtime1 stub}
  0x0000013593e3141c: 0000 5de9 | dcdd 1007 | f4f4 f4f4 
[Stub Code]
  0x0000013593e31428: ;   {no_reloc}
  0x0000013593e31428: 0f1f 4400 

  0x0000013593e3142c: ;   {static_stub}
  0x0000013593e3142c: 0048 bb00 | 0000 0000 

  0x0000013593e31434: ;   {runtime_call nmethod}
  0x0000013593e31434: 0000 00e9 | fbff ffff 

  0x0000013593e3143c: ;   {static_stub}
  0x0000013593e3143c: 9048 bb00 | 0000 0000 

  0x0000013593e31444: ;   {runtime_call nmethod}
  0x0000013593e31444: 0000 00e9 | fbff ffff 

  0x0000013593e3144c: ;   {static_stub}
  0x0000013593e3144c: 9048 bb00 | 0000 0000 

  0x0000013593e31454: ;   {runtime_call nmethod}
  0x0000013593e31454: 0000 00e9 | fbff ffff 

  0x0000013593e3145c: ;   {static_stub}
  0x0000013593e3145c: 9048 bb00 | 0000 0000 

  0x0000013593e31464: ;   {runtime_call nmethod}
  0x0000013593e31464: 0000 00e9 | fbff ffff 

  0x0000013593e3146c: ;   {static_stub}
  0x0000013593e3146c: 48bb 0000 | 0000 0000 

  0x0000013593e31474: ;   {runtime_call nmethod}
  0x0000013593e31474: 0000 e9fb 

  0x0000013593e31478: ;   {static_stub}
  0x0000013593e31478: ffff ff48 | bb00 0000 | 0000 0000 

  0x0000013593e31484: ;   {runtime_call nmethod}
  0x0000013593e31484: 00e9 fbff 

  0x0000013593e31488: ;   {runtime_call handle_exception_from_callee Runtime1 stub}
  0x0000013593e31488: ffff e871 

  0x0000013593e3148c: ;   {external_word}
  0x0000013593e3148c: b010 0748 | b950 6327 | ebfa 7f00 | 0048 83e4 

  0x0000013593e3149c: ;   {runtime_call}
  0x0000013593e3149c: f048 b8c0 | c9e9 eafa | 7f00 00ff 

  0x0000013593e314a8: ;   {section_word}
  0x0000013593e314a8: d0f4 49ba | aa14 e393 | 3501 0000 

  0x0000013593e314b4: ;   {runtime_call DeoptimizationBlob}
  0x0000013593e314b4: 4152 e965 | 320e 07f4 | f4f4 f4f4 
[/MachCode]


---------------  P R O C E S S  ---------------

Threads class SMR info:
_java_thread_list=0x00000135c139af40, length=36, elements={
0x000001358e445ee0, 0x00000135a58ab450, 0x00000135a58acb20, 0x00000135a58afd30,
0x00000135a58b0790, 0x00000135a58b11f0, 0x00000135a58baef0, 0x00000135a58bbc80,
0x00000135a59323a0, 0x00000135a5b2a990, 0x00000135a5b60a60, 0x00000135bff298d0,
0x00000135bf9c13e0, 0x00000135c0cab610, 0x00000135c0c29200, 0x00000135bfaf0fd0,
0x00000135bfab3d40, 0x00000135bfab55d0, 0x00000135bf4793e0, 0x00000135bf4765f0,
0x00000135bf476c80, 0x00000135bf477310, 0x00000135bf4779a0, 0x00000135bf478d50,
0x00000135bf478030, 0x00000135bf4786c0, 0x00000135c0ba4e00, 0x00000135c0ba3a50,
0x00000135c0ba5490, 0x00000135c0ba26a0, 0x00000135c0ba4770, 0x00000135c0ba2010,
0x00000135c0ba5b20, 0x00000135c0ba61b0, 0x00000135c0ba2d30, 0x00000135c0ba7bf0
}

Java Threads: ( => current thread )
  0x000001358e445ee0 JavaThread "main"                              [_thread_blocked, id=28380, stack(0x00000002d6400000,0x00000002d6500000) (1024K)]
  0x00000135a58ab450 JavaThread "Reference Handler"          daemon [_thread_blocked, id=22704, stack(0x00000002d6d00000,0x00000002d6e00000) (1024K)]
  0x00000135a58acb20 JavaThread "Finalizer"                  daemon [_thread_blocked, id=21884, stack(0x00000002d6e00000,0x00000002d6f00000) (1024K)]
  0x00000135a58afd30 JavaThread "Signal Dispatcher"          daemon [_thread_blocked, id=27716, stack(0x00000002d6f00000,0x00000002d7000000) (1024K)]
  0x00000135a58b0790 JavaThread "Attach Listener"            daemon [_thread_blocked, id=1956, stack(0x00000002d7000000,0x00000002d7100000) (1024K)]
  0x00000135a58b11f0 JavaThread "Service Thread"             daemon [_thread_blocked, id=19932, stack(0x00000002d7100000,0x00000002d7200000) (1024K)]
  0x00000135a58baef0 JavaThread "Monitor Deflation Thread"   daemon [_thread_blocked, id=26540, stack(0x00000002d7200000,0x00000002d7300000) (1024K)]
  0x00000135a58bbc80 JavaThread "C2 CompilerThread0"         daemon [_thread_in_native, id=26560, stack(0x00000002d7300000,0x00000002d7400000) (1024K)]
  0x00000135a59323a0 JavaThread "C1 CompilerThread0"         daemon [_thread_blocked, id=23536, stack(0x00000002d7400000,0x00000002d7500000) (1024K)]
  0x00000135a5b2a990 JavaThread "Common-Cleaner"             daemon [_thread_blocked, id=23872, stack(0x00000002d7500000,0x00000002d7600000) (1024K)]
  0x00000135a5b60a60 JavaThread "Notification Thread"        daemon [_thread_blocked, id=14200, stack(0x00000002d7600000,0x00000002d7700000) (1024K)]
  0x00000135bff298d0 JavaThread "Daemon health stats"               [_thread_blocked, id=18292, stack(0x00000002d6500000,0x00000002d6600000) (1024K)]
  0x00000135bf9c13e0 JavaThread "Incoming local TCP Connector on port 64834"        [_thread_in_native, id=16344, stack(0x00000002d7b00000,0x00000002d7c00000) (1024K)]
  0x00000135c0cab610 JavaThread "Daemon periodic checks"            [_thread_blocked, id=24348, stack(0x00000002d7c00000,0x00000002d7d00000) (1024K)]
  0x00000135c0c29200 JavaThread "Daemon"                            [_thread_blocked, id=704, stack(0x00000002d7d00000,0x00000002d7e00000) (1024K)]
  0x00000135bfaf0fd0 JavaThread "Handler for socket connection from /127.0.0.1:64834 to /127.0.0.1:56859"        [_thread_in_native, id=28412, stack(0x00000002d7e00000,0x00000002d7f00000) (1024K)]
  0x00000135bfab3d40 JavaThread "Cancel handler"                    [_thread_blocked, id=21580, stack(0x00000002d7f00000,0x00000002d8000000) (1024K)]
=>0x00000135bfab55d0 JavaThread "Daemon worker"                     [_thread_in_vm, id=7608, stack(0x00000002d8000000,0x00000002d8100000) (1024K)]
  0x00000135bf4793e0 JavaThread "Asynchronous log dispatcher for DefaultDaemonConnection: socket connection from /127.0.0.1:64834 to /127.0.0.1:56859"        [_thread_blocked, id=13448, stack(0x00000002d8100000,0x00000002d8200000) (1024K)]
  0x00000135bf4765f0 JavaThread "Stdin handler"                     [_thread_blocked, id=11424, stack(0x00000002d8200000,0x00000002d8300000) (1024K)]
  0x00000135bf476c80 JavaThread "Daemon client event forwarder"        [_thread_blocked, id=18740, stack(0x00000002d8300000,0x00000002d8400000) (1024K)]
  0x00000135bf477310 JavaThread "Cache worker for journal cache (C:\Users\ALBIN\.gradle\caches\journal-1)"        [_thread_blocked, id=22200, stack(0x00000002d8400000,0x00000002d8500000) (1024K)]
  0x00000135bf4779a0 JavaThread "File lock request listener"        [_thread_in_native, id=27800, stack(0x00000002d8500000,0x00000002d8600000) (1024K)]
  0x00000135bf478d50 JavaThread "Cache worker for file hash cache (C:\Users\ALBIN\.gradle\caches\9.7.1\fileHashes)"        [_thread_blocked, id=21328, stack(0x00000002d8600000,0x00000002d8700000) (1024K)]
  0x00000135bf478030 JavaThread "File lock release action executor"        [_thread_blocked, id=22092, stack(0x00000002d8700000,0x00000002d8800000) (1024K)]
  0x00000135bf4786c0 JavaThread "File lock release action executor Thread 2"        [_thread_blocked, id=16264, stack(0x00000002d8800000,0x00000002d8900000) (1024K)]
  0x00000135c0ba4e00 JavaThread "Cache worker for file hash cache (D:\paychex\2026\Sprint boot projects\simple-springboot\simple-springboot\.gradle\9.7.1\fileHashes)"        [_thread_blocked, id=17420, stack(0x00000002d8900000,0x00000002d8a00000) (1024K)]
  0x00000135c0ba3a50 JavaThread "Cache worker for Build Output Cleanup Cache (D:\paychex\2026\Sprint boot projects\simple-springboot\simple-springboot\.gradle\buildOutputCleanup)"        [_thread_blocked, id=2400, stack(0x00000002d8a00000,0x00000002d8b00000) (1024K)]
  0x00000135c0ba5490 JavaThread "File watcher server"        daemon [_thread_in_native, id=28064, stack(0x00000002d8b00000,0x00000002d8c00000) (1024K)]
  0x00000135c0ba26a0 JavaThread "File watcher consumer"      daemon [_thread_blocked, id=27924, stack(0x00000002d8c00000,0x00000002d8d00000) (1024K)]
  0x00000135c0ba4770 JavaThread "Cache worker for file content cache (C:\Users\ALBIN\.gradle\caches\9.7.1\fileContent)"        [_thread_blocked, id=27508, stack(0x00000002d8d00000,0x00000002d8e00000) (1024K)]
  0x00000135c0ba2010 JavaThread "Cache worker for checksums cache (D:\paychex\2026\Sprint boot projects\simple-springboot\simple-springboot\.gradle\9.7.1\checksums)"        [_thread_blocked, id=27540, stack(0x00000002d8e00000,0x00000002d8f00000) (1024K)]
  0x00000135c0ba5b20 JavaThread "Cache worker for cache directory md-supplier (C:\Users\ALBIN\.gradle\caches\9.7.1\md-supplier)"        [_thread_blocked, id=26096, stack(0x00000002d8f00000,0x00000002d9000000) (1024K)]
  0x00000135c0ba61b0 JavaThread "Cache worker for cache directory md-rule (C:\Users\ALBIN\.gradle\caches\9.7.1\md-rule)"        [_thread_blocked, id=1468, stack(0x00000002d9000000,0x00000002d9100000) (1024K)]
  0x00000135c0ba2d30 JavaThread "jar transforms"                    [_thread_blocked, id=17856, stack(0x00000002d9100000,0x00000002d9200000) (1024K)]
  0x00000135c0ba7bf0 JavaThread "jar transforms Thread 2"           [_thread_blocked, id=25404, stack(0x00000002d9200000,0x00000002d9300000) (1024K)]
Total: 36

Other Threads:
  0x00000135a5890ab0 VMThread "VM Thread"                           [id=23720, stack(0x00000002d6c00000,0x00000002d6d00000) (1024K)]
  0x00000135a587ddf0 WatcherThread "VM Periodic Task Thread"        [id=25644, stack(0x00000002d6b00000,0x00000002d6c00000) (1024K)]
  0x00000135907b7010 WorkerThread "GC Thread#0"                     [id=22788, stack(0x00000002d6600000,0x00000002d6700000) (1024K)]
  0x00000135a5aa5370 WorkerThread "GC Thread#1"                     [id=24620, stack(0x00000002d7700000,0x00000002d7800000) (1024K)]
  0x00000135a5aa5720 WorkerThread "GC Thread#2"                     [id=24560, stack(0x00000002d7800000,0x00000002d7900000) (1024K)]
  0x00000135a59b9dd0 WorkerThread "GC Thread#3"                     [id=3400, stack(0x00000002d7900000,0x00000002d7a00000) (1024K)]
  0x00000135907bbf10 ConcurrentGCThread "G1 Main Marker"            [id=23020, stack(0x00000002d6700000,0x00000002d6800000) (1024K)]
  0x00000135907be770 WorkerThread "G1 Conc#0"                       [id=25400, stack(0x00000002d6800000,0x00000002d6900000) (1024K)]
  0x000001359084e960 ConcurrentGCThread "G1 Refine#0"               [id=25628, stack(0x00000002d6900000,0x00000002d6a00000) (1024K)]
  0x00000135a5753d30 ConcurrentGCThread "G1 Service"                [id=25632, stack(0x00000002d6a00000,0x00000002d6b00000) (1024K)]
Total: 10

Threads with active compile tasks:
C2 CompilerThread0  152107 3959   !   4       java.lang.ClassLoader::loadClass (121 bytes)
Total: 1

VM state: not at safepoint (normal execution)

VM Mutex/Monitor currently owned by a thread: None

Heap address: 0x00000000e0000000, size: 512 MB, Compressed Oops mode: 32-bit

CDS archive(s) mapped at: [0x00000135a6000000-0x00000135a6ba0000-0x00000135a6ba0000), size 12189696, SharedBaseAddress: 0x00000135a6000000, ArchiveRelocationMode: 1.
Compressed class space mapped at: 0x00000135a7000000-0x00000135bb000000, reserved size: 335544320
Narrow klass base: 0x00000135a6000000, Narrow klass shift: 0, Narrow klass range: 0x100000000

GC Precious Log:
 CardTable entry size: 512
 Card Set container configuration: InlinePtr #cards 5 size 8 Array Of Cards #cards 12 size 40 Howl #buckets 4 coarsen threshold 1843 Howl Bitmap #cards 512 size 80 coarsen threshold 460 Card regions per heap region 1 cards per card region 2048
 CPUs: 4 total, 4 available
 Memory: 16287M
 Large Page Support: Disabled
 NUMA Support: Disabled
 Compressed Oops: Enabled (32-bit)
 Heap Region Size: 1M
 Heap Min Capacity: 256M
 Heap Initial Capacity: 256M
 Heap Max Capacity: 512M
 Pre-touch: Disabled
 Parallel Workers: 4
 Concurrent Workers: 1
 Concurrent Refinement Workers: 4
 Periodic GC: Disabled

Heap:
 garbage-first heap   total 262144K, used 117765K [0x00000000e0000000, 0x0000000100000000)
  region size 1024K, 104 young (106496K), 12 survivors (12288K)
 Metaspace       used 32480K, committed 33856K, reserved 393216K
  class space    used 4951K, committed 5568K, reserved 327680K

Heap Regions: E=young(eden), S=young(survivor), O=old, HS=humongous(starts), HC=humongous(continues), CS=collection set, F=free, TAMS=top-at-mark-start, PB=parsable bottom
|   0|0x00000000e0000000, 0x00000000e0100000, 0x00000000e0100000|100%| O|  |TAMS 0x00000000e0000000| PB 0x00000000e0000000| Untracked 
|   1|0x00000000e0100000, 0x00000000e0200000, 0x00000000e0200000|100%|HS|  |TAMS 0x00000000e0100000| PB 0x00000000e0100000| Complete 
|   2|0x00000000e0200000, 0x00000000e0300000, 0x00000000e0300000|100%|HC|  |TAMS 0x00000000e0200000| PB 0x00000000e0200000| Complete 
|   3|0x00000000e0300000, 0x00000000e0400000, 0x00000000e0400000|100%|HC|  |TAMS 0x00000000e0300000| PB 0x00000000e0300000| Complete 
|   4|0x00000000e0400000, 0x00000000e0500000, 0x00000000e0500000|100%|HC|  |TAMS 0x00000000e0400000| PB 0x00000000e0400000| Complete 
|   5|0x00000000e0500000, 0x00000000e0600000, 0x00000000e0600000|100%| O|  |TAMS 0x00000000e0500000| PB 0x00000000e0500000| Untracked 
|   6|0x00000000e0600000, 0x00000000e0700000, 0x00000000e0700000|100%| O|  |TAMS 0x00000000e0600000| PB 0x00000000e0600000| Untracked 
|   7|0x00000000e0700000, 0x00000000e0800000, 0x00000000e0800000|100%| O|  |TAMS 0x00000000e0700000| PB 0x00000000e0700000| Untracked 
|   8|0x00000000e0800000, 0x00000000e0900000, 0x00000000e0900000|100%| O|  |TAMS 0x00000000e0800000| PB 0x00000000e0800000| Untracked 
|   9|0x00000000e0900000, 0x00000000e0a00000, 0x00000000e0a00000|100%|HS|  |TAMS 0x00000000e0900000| PB 0x00000000e0900000| Complete 
|  10|0x00000000e0a00000, 0x00000000e0a00000, 0x00000000e0b00000|  0%| F|  |TAMS 0x00000000e0a00000| PB 0x00000000e0a00000| Untracked 
|  11|0x00000000e0b00000, 0x00000000e0c00000, 0x00000000e0c00000|100%| O|  |TAMS 0x00000000e0b00000| PB 0x00000000e0b00000| Untracked 
|  12|0x00000000e0c00000, 0x00000000e0d00000, 0x00000000e0d00000|100%| O|  |TAMS 0x00000000e0c00000| PB 0x00000000e0c00000| Untracked 
|  13|0x00000000e0d00000, 0x00000000e0daae48, 0x00000000e0e00000| 66%| O|  |TAMS 0x00000000e0d00000| PB 0x00000000e0d00000| Untracked 
|  14|0x00000000e0e00000, 0x00000000e0e00000, 0x00000000e0f00000|  0%| F|  |TAMS 0x00000000e0e00000| PB 0x00000000e0e00000| Untracked 
|  15|0x00000000e0f00000, 0x00000000e0f00000, 0x00000000e1000000|  0%| F|  |TAMS 0x00000000e0f00000| PB 0x00000000e0f00000| Untracked 
|  16|0x00000000e1000000, 0x00000000e1000000, 0x00000000e1100000|  0%| F|  |TAMS 0x00000000e1000000| PB 0x00000000e1000000| Untracked 
|  17|0x00000000e1100000, 0x00000000e1100000, 0x00000000e1200000|  0%| F|  |TAMS 0x00000000e1100000| PB 0x00000000e1100000| Untracked 
|  18|0x00000000e1200000, 0x00000000e1200000, 0x00000000e1300000|  0%| F|  |TAMS 0x00000000e1200000| PB 0x00000000e1200000| Untracked 
|  19|0x00000000e1300000, 0x00000000e1300000, 0x00000000e1400000|  0%| F|  |TAMS 0x00000000e1300000| PB 0x00000000e1300000| Untracked 
|  20|0x00000000e1400000, 0x00000000e1400000, 0x00000000e1500000|  0%| F|  |TAMS 0x00000000e1400000| PB 0x00000000e1400000| Untracked 
|  21|0x00000000e1500000, 0x00000000e1500000, 0x00000000e1600000|  0%| F|  |TAMS 0x00000000e1500000| PB 0x00000000e1500000| Untracked 
|  22|0x00000000e1600000, 0x00000000e1600000, 0x00000000e1700000|  0%| F|  |TAMS 0x00000000e1600000| PB 0x00000000e1600000| Untracked 
|  23|0x00000000e1700000, 0x00000000e1700000, 0x00000000e1800000|  0%| F|  |TAMS 0x00000000e1700000| PB 0x00000000e1700000| Untracked 
|  24|0x00000000e1800000, 0x00000000e1800000, 0x00000000e1900000|  0%| F|  |TAMS 0x00000000e1800000| PB 0x00000000e1800000| Untracked 
|  25|0x00000000e1900000, 0x00000000e1900000, 0x00000000e1a00000|  0%| F|  |TAMS 0x00000000e1900000| PB 0x00000000e1900000| Untracked 
|  26|0x00000000e1a00000, 0x00000000e1a00000, 0x00000000e1b00000|  0%| F|  |TAMS 0x00000000e1a00000| PB 0x00000000e1a00000| Untracked 
|  27|0x00000000e1b00000, 0x00000000e1b00000, 0x00000000e1c00000|  0%| F|  |TAMS 0x00000000e1b00000| PB 0x00000000e1b00000| Untracked 
|  28|0x00000000e1c00000, 0x00000000e1c00000, 0x00000000e1d00000|  0%| F|  |TAMS 0x00000000e1c00000| PB 0x00000000e1c00000| Untracked 
|  29|0x00000000e1d00000, 0x00000000e1d00000, 0x00000000e1e00000|  0%| F|  |TAMS 0x00000000e1d00000| PB 0x00000000e1d00000| Untracked 
|  30|0x00000000e1e00000, 0x00000000e1e00000, 0x00000000e1f00000|  0%| F|  |TAMS 0x00000000e1e00000| PB 0x00000000e1e00000| Untracked 
|  31|0x00000000e1f00000, 0x00000000e1f00000, 0x00000000e2000000|  0%| F|  |TAMS 0x00000000e1f00000| PB 0x00000000e1f00000| Untracked 
|  32|0x00000000e2000000, 0x00000000e2000000, 0x00000000e2100000|  0%| F|  |TAMS 0x00000000e2000000| PB 0x00000000e2000000| Untracked 
|  33|0x00000000e2100000, 0x00000000e2100000, 0x00000000e2200000|  0%| F|  |TAMS 0x00000000e2100000| PB 0x00000000e2100000| Untracked 
|  34|0x00000000e2200000, 0x00000000e2200000, 0x00000000e2300000|  0%| F|  |TAMS 0x00000000e2200000| PB 0x00000000e2200000| Untracked 
|  35|0x00000000e2300000, 0x00000000e2300000, 0x00000000e2400000|  0%| F|  |TAMS 0x00000000e2300000| PB 0x00000000e2300000| Untracked 
|  36|0x00000000e2400000, 0x00000000e2400000, 0x00000000e2500000|  0%| F|  |TAMS 0x00000000e2400000| PB 0x00000000e2400000| Untracked 
|  37|0x00000000e2500000, 0x00000000e2500000, 0x00000000e2600000|  0%| F|  |TAMS 0x00000000e2500000| PB 0x00000000e2500000| Untracked 
|  38|0x00000000e2600000, 0x00000000e2600000, 0x00000000e2700000|  0%| F|  |TAMS 0x00000000e2600000| PB 0x00000000e2600000| Untracked 
|  39|0x00000000e2700000, 0x00000000e2700000, 0x00000000e2800000|  0%| F|  |TAMS 0x00000000e2700000| PB 0x00000000e2700000| Untracked 
|  40|0x00000000e2800000, 0x00000000e2800000, 0x00000000e2900000|  0%| F|  |TAMS 0x00000000e2800000| PB 0x00000000e2800000| Untracked 
|  41|0x00000000e2900000, 0x00000000e2900000, 0x00000000e2a00000|  0%| F|  |TAMS 0x00000000e2900000| PB 0x00000000e2900000| Untracked 
|  42|0x00000000e2a00000, 0x00000000e2a00000, 0x00000000e2b00000|  0%| F|  |TAMS 0x00000000e2a00000| PB 0x00000000e2a00000| Untracked 
|  43|0x00000000e2b00000, 0x00000000e2b00000, 0x00000000e2c00000|  0%| F|  |TAMS 0x00000000e2b00000| PB 0x00000000e2b00000| Untracked 
|  44|0x00000000e2c00000, 0x00000000e2c00000, 0x00000000e2d00000|  0%| F|  |TAMS 0x00000000e2c00000| PB 0x00000000e2c00000| Untracked 
|  45|0x00000000e2d00000, 0x00000000e2d00000, 0x00000000e2e00000|  0%| F|  |TAMS 0x00000000e2d00000| PB 0x00000000e2d00000| Untracked 
|  46|0x00000000e2e00000, 0x00000000e2e00000, 0x00000000e2f00000|  0%| F|  |TAMS 0x00000000e2e00000| PB 0x00000000e2e00000| Untracked 
|  47|0x00000000e2f00000, 0x00000000e2f00000, 0x00000000e3000000|  0%| F|  |TAMS 0x00000000e2f00000| PB 0x00000000e2f00000| Untracked 
|  48|0x00000000e3000000, 0x00000000e3000000, 0x00000000e3100000|  0%| F|  |TAMS 0x00000000e3000000| PB 0x00000000e3000000| Untracked 
|  49|0x00000000e3100000, 0x00000000e3100000, 0x00000000e3200000|  0%| F|  |TAMS 0x00000000e3100000| PB 0x00000000e3100000| Untracked 
|  50|0x00000000e3200000, 0x00000000e3200000, 0x00000000e3300000|  0%| F|  |TAMS 0x00000000e3200000| PB 0x00000000e3200000| Untracked 
|  51|0x00000000e3300000, 0x00000000e3300000, 0x00000000e3400000|  0%| F|  |TAMS 0x00000000e3300000| PB 0x00000000e3300000| Untracked 
|  52|0x00000000e3400000, 0x00000000e3400000, 0x00000000e3500000|  0%| F|  |TAMS 0x00000000e3400000| PB 0x00000000e3400000| Untracked 
|  53|0x00000000e3500000, 0x00000000e3500000, 0x00000000e3600000|  0%| F|  |TAMS 0x00000000e3500000| PB 0x00000000e3500000| Untracked 
|  54|0x00000000e3600000, 0x00000000e3600000, 0x00000000e3700000|  0%| F|  |TAMS 0x00000000e3600000| PB 0x00000000e3600000| Untracked 
|  55|0x00000000e3700000, 0x00000000e3700000, 0x00000000e3800000|  0%| F|  |TAMS 0x00000000e3700000| PB 0x00000000e3700000| Untracked 
|  56|0x00000000e3800000, 0x00000000e3800000, 0x00000000e3900000|  0%| F|  |TAMS 0x00000000e3800000| PB 0x00000000e3800000| Untracked 
|  57|0x00000000e3900000, 0x00000000e3900000, 0x00000000e3a00000|  0%| F|  |TAMS 0x00000000e3900000| PB 0x00000000e3900000| Untracked 
|  58|0x00000000e3a00000, 0x00000000e3a00000, 0x00000000e3b00000|  0%| F|  |TAMS 0x00000000e3a00000| PB 0x00000000e3a00000| Untracked 
|  59|0x00000000e3b00000, 0x00000000e3b00000, 0x00000000e3c00000|  0%| F|  |TAMS 0x00000000e3b00000| PB 0x00000000e3b00000| Untracked 
|  60|0x00000000e3c00000, 0x00000000e3c00000, 0x00000000e3d00000|  0%| F|  |TAMS 0x00000000e3c00000| PB 0x00000000e3c00000| Untracked 
|  61|0x00000000e3d00000, 0x00000000e3d00000, 0x00000000e3e00000|  0%| F|  |TAMS 0x00000000e3d00000| PB 0x00000000e3d00000| Untracked 
|  62|0x00000000e3e00000, 0x00000000e3e00000, 0x00000000e3f00000|  0%| F|  |TAMS 0x00000000e3e00000| PB 0x00000000e3e00000| Untracked 
|  63|0x00000000e3f00000, 0x00000000e3f00000, 0x00000000e4000000|  0%| F|  |TAMS 0x00000000e3f00000| PB 0x00000000e3f00000| Untracked 
|  64|0x00000000e4000000, 0x00000000e4000000, 0x00000000e4100000|  0%| F|  |TAMS 0x00000000e4000000| PB 0x00000000e4000000| Untracked 
|  65|0x00000000e4100000, 0x00000000e4100000, 0x00000000e4200000|  0%| F|  |TAMS 0x00000000e4100000| PB 0x00000000e4100000| Untracked 
|  66|0x00000000e4200000, 0x00000000e4200000, 0x00000000e4300000|  0%| F|  |TAMS 0x00000000e4200000| PB 0x00000000e4200000| Untracked 
|  67|0x00000000e4300000, 0x00000000e4300000, 0x00000000e4400000|  0%| F|  |TAMS 0x00000000e4300000| PB 0x00000000e4300000| Untracked 
|  68|0x00000000e4400000, 0x00000000e4400000, 0x00000000e4500000|  0%| F|  |TAMS 0x00000000e4400000| PB 0x00000000e4400000| Untracked 
|  69|0x00000000e4500000, 0x00000000e4500000, 0x00000000e4600000|  0%| F|  |TAMS 0x00000000e4500000| PB 0x00000000e4500000| Untracked 
|  70|0x00000000e4600000, 0x00000000e4600000, 0x00000000e4700000|  0%| F|  |TAMS 0x00000000e4600000| PB 0x00000000e4600000| Untracked 
|  71|0x00000000e4700000, 0x00000000e4700000, 0x00000000e4800000|  0%| F|  |TAMS 0x00000000e4700000| PB 0x00000000e4700000| Untracked 
|  72|0x00000000e4800000, 0x00000000e4800000, 0x00000000e4900000|  0%| F|  |TAMS 0x00000000e4800000| PB 0x00000000e4800000| Untracked 
|  73|0x00000000e4900000, 0x00000000e4900000, 0x00000000e4a00000|  0%| F|  |TAMS 0x00000000e4900000| PB 0x00000000e4900000| Untracked 
|  74|0x00000000e4a00000, 0x00000000e4a00000, 0x00000000e4b00000|  0%| F|  |TAMS 0x00000000e4a00000| PB 0x00000000e4a00000| Untracked 
|  75|0x00000000e4b00000, 0x00000000e4b00000, 0x00000000e4c00000|  0%| F|  |TAMS 0x00000000e4b00000| PB 0x00000000e4b00000| Untracked 
|  76|0x00000000e4c00000, 0x00000000e4c00000, 0x00000000e4d00000|  0%| F|  |TAMS 0x00000000e4c00000| PB 0x00000000e4c00000| Untracked 
|  77|0x00000000e4d00000, 0x00000000e4d00000, 0x00000000e4e00000|  0%| F|  |TAMS 0x00000000e4d00000| PB 0x00000000e4d00000| Untracked 
|  78|0x00000000e4e00000, 0x00000000e4e00000, 0x00000000e4f00000|  0%| F|  |TAMS 0x00000000e4e00000| PB 0x00000000e4e00000| Untracked 
|  79|0x00000000e4f00000, 0x00000000e4f00000, 0x00000000e5000000|  0%| F|  |TAMS 0x00000000e4f00000| PB 0x00000000e4f00000| Untracked 
|  80|0x00000000e5000000, 0x00000000e5000000, 0x00000000e5100000|  0%| F|  |TAMS 0x00000000e5000000| PB 0x00000000e5000000| Untracked 
|  81|0x00000000e5100000, 0x00000000e5100000, 0x00000000e5200000|  0%| F|  |TAMS 0x00000000e5100000| PB 0x00000000e5100000| Untracked 
|  82|0x00000000e5200000, 0x00000000e5200000, 0x00000000e5300000|  0%| F|  |TAMS 0x00000000e5200000| PB 0x00000000e5200000| Untracked 
|  83|0x00000000e5300000, 0x00000000e5300000, 0x00000000e5400000|  0%| F|  |TAMS 0x00000000e5300000| PB 0x00000000e5300000| Untracked 
|  84|0x00000000e5400000, 0x00000000e5400000, 0x00000000e5500000|  0%| F|  |TAMS 0x00000000e5400000| PB 0x00000000e5400000| Untracked 
|  85|0x00000000e5500000, 0x00000000e5500000, 0x00000000e5600000|  0%| F|  |TAMS 0x00000000e5500000| PB 0x00000000e5500000| Untracked 
|  86|0x00000000e5600000, 0x00000000e5600000, 0x00000000e5700000|  0%| F|  |TAMS 0x00000000e5600000| PB 0x00000000e5600000| Untracked 
|  87|0x00000000e5700000, 0x00000000e5700000, 0x00000000e5800000|  0%| F|  |TAMS 0x00000000e5700000| PB 0x00000000e5700000| Untracked 
|  88|0x00000000e5800000, 0x00000000e5800000, 0x00000000e5900000|  0%| F|  |TAMS 0x00000000e5800000| PB 0x00000000e5800000| Untracked 
|  89|0x00000000e5900000, 0x00000000e5900000, 0x00000000e5a00000|  0%| F|  |TAMS 0x00000000e5900000| PB 0x00000000e5900000| Untracked 
|  90|0x00000000e5a00000, 0x00000000e5a00000, 0x00000000e5b00000|  0%| F|  |TAMS 0x00000000e5a00000| PB 0x00000000e5a00000| Untracked 
|  91|0x00000000e5b00000, 0x00000000e5b00000, 0x00000000e5c00000|  0%| F|  |TAMS 0x00000000e5b00000| PB 0x00000000e5b00000| Untracked 
|  92|0x00000000e5c00000, 0x00000000e5c00000, 0x00000000e5d00000|  0%| F|  |TAMS 0x00000000e5c00000| PB 0x00000000e5c00000| Untracked 
|  93|0x00000000e5d00000, 0x00000000e5d00000, 0x00000000e5e00000|  0%| F|  |TAMS 0x00000000e5d00000| PB 0x00000000e5d00000| Untracked 
|  94|0x00000000e5e00000, 0x00000000e5e00000, 0x00000000e5f00000|  0%| F|  |TAMS 0x00000000e5e00000| PB 0x00000000e5e00000| Untracked 
|  95|0x00000000e5f00000, 0x00000000e5f00000, 0x00000000e6000000|  0%| F|  |TAMS 0x00000000e5f00000| PB 0x00000000e5f00000| Untracked 
|  96|0x00000000e6000000, 0x00000000e6000000, 0x00000000e6100000|  0%| F|  |TAMS 0x00000000e6000000| PB 0x00000000e6000000| Untracked 
|  97|0x00000000e6100000, 0x00000000e6100000, 0x00000000e6200000|  0%| F|  |TAMS 0x00000000e6100000| PB 0x00000000e6100000| Untracked 
|  98|0x00000000e6200000, 0x00000000e6200000, 0x00000000e6300000|  0%| F|  |TAMS 0x00000000e6200000| PB 0x00000000e6200000| Untracked 
|  99|0x00000000e6300000, 0x00000000e6300000, 0x00000000e6400000|  0%| F|  |TAMS 0x00000000e6300000| PB 0x00000000e6300000| Untracked 
| 100|0x00000000e6400000, 0x00000000e6400000, 0x00000000e6500000|  0%| F|  |TAMS 0x00000000e6400000| PB 0x00000000e6400000| Untracked 
| 101|0x00000000e6500000, 0x00000000e6500000, 0x00000000e6600000|  0%| F|  |TAMS 0x00000000e6500000| PB 0x00000000e6500000| Untracked 
| 102|0x00000000e6600000, 0x00000000e6600000, 0x00000000e6700000|  0%| F|  |TAMS 0x00000000e6600000| PB 0x00000000e6600000| Untracked 
| 103|0x00000000e6700000, 0x00000000e6700000, 0x00000000e6800000|  0%| F|  |TAMS 0x00000000e6700000| PB 0x00000000e6700000| Untracked 
| 104|0x00000000e6800000, 0x00000000e6800000, 0x00000000e6900000|  0%| F|  |TAMS 0x00000000e6800000| PB 0x00000000e6800000| Untracked 
| 105|0x00000000e6900000, 0x00000000e6900000, 0x00000000e6a00000|  0%| F|  |TAMS 0x00000000e6900000| PB 0x00000000e6900000| Untracked 
| 106|0x00000000e6a00000, 0x00000000e6a00000, 0x00000000e6b00000|  0%| F|  |TAMS 0x00000000e6a00000| PB 0x00000000e6a00000| Untracked 
| 107|0x00000000e6b00000, 0x00000000e6b00000, 0x00000000e6c00000|  0%| F|  |TAMS 0x00000000e6b00000| PB 0x00000000e6b00000| Untracked 
| 108|0x00000000e6c00000, 0x00000000e6c00000, 0x00000000e6d00000|  0%| F|  |TAMS 0x00000000e6c00000| PB 0x00000000e6c00000| Untracked 
| 109|0x00000000e6d00000, 0x00000000e6d00000, 0x00000000e6e00000|  0%| F|  |TAMS 0x00000000e6d00000| PB 0x00000000e6d00000| Untracked 
| 110|0x00000000e6e00000, 0x00000000e6e00000, 0x00000000e6f00000|  0%| F|  |TAMS 0x00000000e6e00000| PB 0x00000000e6e00000| Untracked 
| 111|0x00000000e6f00000, 0x00000000e6f00000, 0x00000000e7000000|  0%| F|  |TAMS 0x00000000e6f00000| PB 0x00000000e6f00000| Untracked 
| 112|0x00000000e7000000, 0x00000000e7000000, 0x00000000e7100000|  0%| F|  |TAMS 0x00000000e7000000| PB 0x00000000e7000000| Untracked 
| 113|0x00000000e7100000, 0x00000000e7100000, 0x00000000e7200000|  0%| F|  |TAMS 0x00000000e7100000| PB 0x00000000e7100000| Untracked 
| 114|0x00000000e7200000, 0x00000000e7200000, 0x00000000e7300000|  0%| F|  |TAMS 0x00000000e7200000| PB 0x00000000e7200000| Untracked 
| 115|0x00000000e7300000, 0x00000000e7300000, 0x00000000e7400000|  0%| F|  |TAMS 0x00000000e7300000| PB 0x00000000e7300000| Untracked 
| 116|0x00000000e7400000, 0x00000000e7400000, 0x00000000e7500000|  0%| F|  |TAMS 0x00000000e7400000| PB 0x00000000e7400000| Untracked 
| 117|0x00000000e7500000, 0x00000000e7500000, 0x00000000e7600000|  0%| F|  |TAMS 0x00000000e7500000| PB 0x00000000e7500000| Untracked 
| 118|0x00000000e7600000, 0x00000000e7600000, 0x00000000e7700000|  0%| F|  |TAMS 0x00000000e7600000| PB 0x00000000e7600000| Untracked 
| 119|0x00000000e7700000, 0x00000000e7700000, 0x00000000e7800000|  0%| F|  |TAMS 0x00000000e7700000| PB 0x00000000e7700000| Untracked 
| 120|0x00000000e7800000, 0x00000000e7800000, 0x00000000e7900000|  0%| F|  |TAMS 0x00000000e7800000| PB 0x00000000e7800000| Untracked 
| 121|0x00000000e7900000, 0x00000000e7900000, 0x00000000e7a00000|  0%| F|  |TAMS 0x00000000e7900000| PB 0x00000000e7900000| Untracked 
| 122|0x00000000e7a00000, 0x00000000e7a00000, 0x00000000e7b00000|  0%| F|  |TAMS 0x00000000e7a00000| PB 0x00000000e7a00000| Untracked 
| 123|0x00000000e7b00000, 0x00000000e7b00000, 0x00000000e7c00000|  0%| F|  |TAMS 0x00000000e7b00000| PB 0x00000000e7b00000| Untracked 
| 124|0x00000000e7c00000, 0x00000000e7c00000, 0x00000000e7d00000|  0%| F|  |TAMS 0x00000000e7c00000| PB 0x00000000e7c00000| Untracked 
| 125|0x00000000e7d00000, 0x00000000e7d00000, 0x00000000e7e00000|  0%| F|  |TAMS 0x00000000e7d00000| PB 0x00000000e7d00000| Untracked 
| 126|0x00000000e7e00000, 0x00000000e7e00000, 0x00000000e7f00000|  0%| F|  |TAMS 0x00000000e7e00000| PB 0x00000000e7e00000| Untracked 
| 127|0x00000000e7f00000, 0x00000000e7f00000, 0x00000000e8000000|  0%| F|  |TAMS 0x00000000e7f00000| PB 0x00000000e7f00000| Untracked 
| 128|0x00000000e8000000, 0x00000000e8000000, 0x00000000e8100000|  0%| F|  |TAMS 0x00000000e8000000| PB 0x00000000e8000000| Untracked 
| 129|0x00000000e8100000, 0x00000000e8100000, 0x00000000e8200000|  0%| F|  |TAMS 0x00000000e8100000| PB 0x00000000e8100000| Untracked 
| 130|0x00000000e8200000, 0x00000000e8200000, 0x00000000e8300000|  0%| F|  |TAMS 0x00000000e8200000| PB 0x00000000e8200000| Untracked 
| 131|0x00000000e8300000, 0x00000000e8300000, 0x00000000e8400000|  0%| F|  |TAMS 0x00000000e8300000| PB 0x00000000e8300000| Untracked 
| 132|0x00000000e8400000, 0x00000000e8400000, 0x00000000e8500000|  0%| F|  |TAMS 0x00000000e8400000| PB 0x00000000e8400000| Untracked 
| 133|0x00000000e8500000, 0x00000000e8500000, 0x00000000e8600000|  0%| F|  |TAMS 0x00000000e8500000| PB 0x00000000e8500000| Untracked 
| 134|0x00000000e8600000, 0x00000000e8600000, 0x00000000e8700000|  0%| F|  |TAMS 0x00000000e8600000| PB 0x00000000e8600000| Untracked 
| 135|0x00000000e8700000, 0x00000000e8700000, 0x00000000e8800000|  0%| F|  |TAMS 0x00000000e8700000| PB 0x00000000e8700000| Untracked 
| 136|0x00000000e8800000, 0x00000000e8800000, 0x00000000e8900000|  0%| F|  |TAMS 0x00000000e8800000| PB 0x00000000e8800000| Untracked 
| 137|0x00000000e8900000, 0x00000000e8900000, 0x00000000e8a00000|  0%| F|  |TAMS 0x00000000e8900000| PB 0x00000000e8900000| Untracked 
| 138|0x00000000e8a00000, 0x00000000e8a00000, 0x00000000e8b00000|  0%| F|  |TAMS 0x00000000e8a00000| PB 0x00000000e8a00000| Untracked 
| 139|0x00000000e8b00000, 0x00000000e8b00000, 0x00000000e8c00000|  0%| F|  |TAMS 0x00000000e8b00000| PB 0x00000000e8b00000| Untracked 
| 140|0x00000000e8c00000, 0x00000000e8c00000, 0x00000000e8d00000|  0%| F|  |TAMS 0x00000000e8c00000| PB 0x00000000e8c00000| Untracked 
| 141|0x00000000e8d00000, 0x00000000e8d00000, 0x00000000e8e00000|  0%| F|  |TAMS 0x00000000e8d00000| PB 0x00000000e8d00000| Untracked 
| 142|0x00000000e8e00000, 0x00000000e8e00000, 0x00000000e8f00000|  0%| F|  |TAMS 0x00000000e8e00000| PB 0x00000000e8e00000| Untracked 
| 143|0x00000000e8f00000, 0x00000000e8f00000, 0x00000000e9000000|  0%| F|  |TAMS 0x00000000e8f00000| PB 0x00000000e8f00000| Untracked 
| 144|0x00000000e9000000, 0x00000000e9000000, 0x00000000e9100000|  0%| F|  |TAMS 0x00000000e9000000| PB 0x00000000e9000000| Untracked 
| 145|0x00000000e9100000, 0x00000000e9100000, 0x00000000e9200000|  0%| F|  |TAMS 0x00000000e9100000| PB 0x00000000e9100000| Untracked 
| 146|0x00000000e9200000, 0x00000000e9200000, 0x00000000e9300000|  0%| F|  |TAMS 0x00000000e9200000| PB 0x00000000e9200000| Untracked 
| 147|0x00000000e9300000, 0x00000000e9300000, 0x00000000e9400000|  0%| F|  |TAMS 0x00000000e9300000| PB 0x00000000e9300000| Untracked 
| 148|0x00000000e9400000, 0x00000000e9400000, 0x00000000e9500000|  0%| F|  |TAMS 0x00000000e9400000| PB 0x00000000e9400000| Untracked 
| 149|0x00000000e9500000, 0x00000000e9500000, 0x00000000e9600000|  0%| F|  |TAMS 0x00000000e9500000| PB 0x00000000e9500000| Untracked 
| 150|0x00000000e9600000, 0x00000000e9600000, 0x00000000e9700000|  0%| F|  |TAMS 0x00000000e9600000| PB 0x00000000e9600000| Untracked 
| 151|0x00000000e9700000, 0x00000000e9700000, 0x00000000e9800000|  0%| F|  |TAMS 0x00000000e9700000| PB 0x00000000e9700000| Untracked 
| 152|0x00000000e9800000, 0x00000000e98e6928, 0x00000000e9900000| 90%| E|  |TAMS 0x00000000e9800000| PB 0x00000000e9800000| Complete 
| 153|0x00000000e9900000, 0x00000000e9a00000, 0x00000000e9a00000|100%| E|CS|TAMS 0x00000000e9900000| PB 0x00000000e9900000| Complete 
| 154|0x00000000e9a00000, 0x00000000e9b00000, 0x00000000e9b00000|100%| E|CS|TAMS 0x00000000e9a00000| PB 0x00000000e9a00000| Complete 
| 155|0x00000000e9b00000, 0x00000000e9c00000, 0x00000000e9c00000|100%| E|CS|TAMS 0x00000000e9b00000| PB 0x00000000e9b00000| Complete 
| 156|0x00000000e9c00000, 0x00000000e9d00000, 0x00000000e9d00000|100%| E|CS|TAMS 0x00000000e9c00000| PB 0x00000000e9c00000| Complete 
| 157|0x00000000e9d00000, 0x00000000e9e00000, 0x00000000e9e00000|100%| E|CS|TAMS 0x00000000e9d00000| PB 0x00000000e9d00000| Complete 
| 158|0x00000000e9e00000, 0x00000000e9f00000, 0x00000000e9f00000|100%| E|CS|TAMS 0x00000000e9e00000| PB 0x00000000e9e00000| Complete 
| 159|0x00000000e9f00000, 0x00000000ea000000, 0x00000000ea000000|100%| E|CS|TAMS 0x00000000e9f00000| PB 0x00000000e9f00000| Complete 
| 160|0x00000000ea000000, 0x00000000ea100000, 0x00000000ea100000|100%| E|CS|TAMS 0x00000000ea000000| PB 0x00000000ea000000| Complete 
| 161|0x00000000ea100000, 0x00000000ea200000, 0x00000000ea200000|100%| E|CS|TAMS 0x00000000ea100000| PB 0x00000000ea100000| Complete 
| 162|0x00000000ea200000, 0x00000000ea300000, 0x00000000ea300000|100%| E|CS|TAMS 0x00000000ea200000| PB 0x00000000ea200000| Complete 
| 163|0x00000000ea300000, 0x00000000ea400000, 0x00000000ea400000|100%| E|CS|TAMS 0x00000000ea300000| PB 0x00000000ea300000| Complete 
| 164|0x00000000ea400000, 0x00000000ea500000, 0x00000000ea500000|100%| E|CS|TAMS 0x00000000ea400000| PB 0x00000000ea400000| Complete 
| 165|0x00000000ea500000, 0x00000000ea600000, 0x00000000ea600000|100%| E|CS|TAMS 0x00000000ea500000| PB 0x00000000ea500000| Complete 
| 166|0x00000000ea600000, 0x00000000ea700000, 0x00000000ea700000|100%| E|CS|TAMS 0x00000000ea600000| PB 0x00000000ea600000| Complete 
| 167|0x00000000ea700000, 0x00000000ea800000, 0x00000000ea800000|100%| E|CS|TAMS 0x00000000ea700000| PB 0x00000000ea700000| Complete 
| 168|0x00000000ea800000, 0x00000000ea900000, 0x00000000ea900000|100%| E|CS|TAMS 0x00000000ea800000| PB 0x00000000ea800000| Complete 
| 169|0x00000000ea900000, 0x00000000eaa00000, 0x00000000eaa00000|100%| E|CS|TAMS 0x00000000ea900000| PB 0x00000000ea900000| Complete 
| 170|0x00000000eaa00000, 0x00000000eab00000, 0x00000000eab00000|100%| E|CS|TAMS 0x00000000eaa00000| PB 0x00000000eaa00000| Complete 
| 171|0x00000000eab00000, 0x00000000eac00000, 0x00000000eac00000|100%| E|CS|TAMS 0x00000000eab00000| PB 0x00000000eab00000| Complete 
| 172|0x00000000eac00000, 0x00000000ead00000, 0x00000000ead00000|100%| E|CS|TAMS 0x00000000eac00000| PB 0x00000000eac00000| Complete 
| 173|0x00000000ead00000, 0x00000000eae00000, 0x00000000eae00000|100%| E|CS|TAMS 0x00000000ead00000| PB 0x00000000ead00000| Complete 
| 174|0x00000000eae00000, 0x00000000eaf00000, 0x00000000eaf00000|100%| E|CS|TAMS 0x00000000eae00000| PB 0x00000000eae00000| Complete 
| 175|0x00000000eaf00000, 0x00000000eb000000, 0x00000000eb000000|100%| E|CS|TAMS 0x00000000eaf00000| PB 0x00000000eaf00000| Complete 
| 176|0x00000000eb000000, 0x00000000eb100000, 0x00000000eb100000|100%| E|CS|TAMS 0x00000000eb000000| PB 0x00000000eb000000| Complete 
| 177|0x00000000eb100000, 0x00000000eb200000, 0x00000000eb200000|100%| E|CS|TAMS 0x00000000eb100000| PB 0x00000000eb100000| Complete 
| 178|0x00000000eb200000, 0x00000000eb300000, 0x00000000eb300000|100%| E|CS|TAMS 0x00000000eb200000| PB 0x00000000eb200000| Complete 
| 179|0x00000000eb300000, 0x00000000eb400000, 0x00000000eb400000|100%| E|CS|TAMS 0x00000000eb300000| PB 0x00000000eb300000| Complete 
| 180|0x00000000eb400000, 0x00000000eb500000, 0x00000000eb500000|100%| E|CS|TAMS 0x00000000eb400000| PB 0x00000000eb400000| Complete 
| 181|0x00000000eb500000, 0x00000000eb600000, 0x00000000eb600000|100%| E|CS|TAMS 0x00000000eb500000| PB 0x00000000eb500000| Complete 
| 182|0x00000000eb600000, 0x00000000eb700000, 0x00000000eb700000|100%| E|CS|TAMS 0x00000000eb600000| PB 0x00000000eb600000| Complete 
| 183|0x00000000eb700000, 0x00000000eb800000, 0x00000000eb800000|100%| E|CS|TAMS 0x00000000eb700000| PB 0x00000000eb700000| Complete 
| 184|0x00000000eb800000, 0x00000000eb900000, 0x00000000eb900000|100%| E|CS|TAMS 0x00000000eb800000| PB 0x00000000eb800000| Complete 
| 185|0x00000000eb900000, 0x00000000eba00000, 0x00000000eba00000|100%| E|CS|TAMS 0x00000000eb900000| PB 0x00000000eb900000| Complete 
| 186|0x00000000eba00000, 0x00000000ebb00000, 0x00000000ebb00000|100%| E|CS|TAMS 0x00000000eba00000| PB 0x00000000eba00000| Complete 
| 187|0x00000000ebb00000, 0x00000000ebc00000, 0x00000000ebc00000|100%| E|CS|TAMS 0x00000000ebb00000| PB 0x00000000ebb00000| Complete 
| 188|0x00000000ebc00000, 0x00000000ebd00000, 0x00000000ebd00000|100%| E|CS|TAMS 0x00000000ebc00000| PB 0x00000000ebc00000| Complete 
| 189|0x00000000ebd00000, 0x00000000ebe00000, 0x00000000ebe00000|100%| E|CS|TAMS 0x00000000ebd00000| PB 0x00000000ebd00000| Complete 
| 190|0x00000000ebe00000, 0x00000000ebf00000, 0x00000000ebf00000|100%| E|CS|TAMS 0x00000000ebe00000| PB 0x00000000ebe00000| Complete 
| 191|0x00000000ebf00000, 0x00000000ec000000, 0x00000000ec000000|100%| E|CS|TAMS 0x00000000ebf00000| PB 0x00000000ebf00000| Complete 
| 192|0x00000000ec000000, 0x00000000ec100000, 0x00000000ec100000|100%| E|CS|TAMS 0x00000000ec000000| PB 0x00000000ec000000| Complete 
| 193|0x00000000ec100000, 0x00000000ec200000, 0x00000000ec200000|100%| E|CS|TAMS 0x00000000ec100000| PB 0x00000000ec100000| Complete 
| 194|0x00000000ec200000, 0x00000000ec300000, 0x00000000ec300000|100%| E|CS|TAMS 0x00000000ec200000| PB 0x00000000ec200000| Complete 
| 195|0x00000000ec300000, 0x00000000ec400000, 0x00000000ec400000|100%| E|CS|TAMS 0x00000000ec300000| PB 0x00000000ec300000| Complete 
| 196|0x00000000ec400000, 0x00000000ec500000, 0x00000000ec500000|100%| E|CS|TAMS 0x00000000ec400000| PB 0x00000000ec400000| Complete 
| 197|0x00000000ec500000, 0x00000000ec600000, 0x00000000ec600000|100%| E|CS|TAMS 0x00000000ec500000| PB 0x00000000ec500000| Complete 
| 198|0x00000000ec600000, 0x00000000ec700000, 0x00000000ec700000|100%| E|CS|TAMS 0x00000000ec600000| PB 0x00000000ec600000| Complete 
| 199|0x00000000ec700000, 0x00000000ec800000, 0x00000000ec800000|100%| E|CS|TAMS 0x00000000ec700000| PB 0x00000000ec700000| Complete 
| 200|0x00000000ec800000, 0x00000000ec900000, 0x00000000ec900000|100%| E|CS|TAMS 0x00000000ec800000| PB 0x00000000ec800000| Complete 
| 201|0x00000000ec900000, 0x00000000eca00000, 0x00000000eca00000|100%| E|CS|TAMS 0x00000000ec900000| PB 0x00000000ec900000| Complete 
| 202|0x00000000eca00000, 0x00000000ecb00000, 0x00000000ecb00000|100%| E|CS|TAMS 0x00000000eca00000| PB 0x00000000eca00000| Complete 
| 203|0x00000000ecb00000, 0x00000000ecc00000, 0x00000000ecc00000|100%| E|CS|TAMS 0x00000000ecb00000| PB 0x00000000ecb00000| Complete 
| 204|0x00000000ecc00000, 0x00000000ecd00000, 0x00000000ecd00000|100%| E|CS|TAMS 0x00000000ecc00000| PB 0x00000000ecc00000| Complete 
| 205|0x00000000ecd00000, 0x00000000ece00000, 0x00000000ece00000|100%| E|CS|TAMS 0x00000000ecd00000| PB 0x00000000ecd00000| Complete 
| 206|0x00000000ece00000, 0x00000000ecf00000, 0x00000000ecf00000|100%| E|CS|TAMS 0x00000000ece00000| PB 0x00000000ece00000| Complete 
| 207|0x00000000ecf00000, 0x00000000ed000000, 0x00000000ed000000|100%| E|CS|TAMS 0x00000000ecf00000| PB 0x00000000ecf00000| Complete 
| 208|0x00000000ed000000, 0x00000000ed100000, 0x00000000ed100000|100%| E|CS|TAMS 0x00000000ed000000| PB 0x00000000ed000000| Complete 
| 209|0x00000000ed100000, 0x00000000ed200000, 0x00000000ed200000|100%| E|CS|TAMS 0x00000000ed100000| PB 0x00000000ed100000| Complete 
| 210|0x00000000ed200000, 0x00000000ed300000, 0x00000000ed300000|100%| E|CS|TAMS 0x00000000ed200000| PB 0x00000000ed200000| Complete 
| 211|0x00000000ed300000, 0x00000000ed400000, 0x00000000ed400000|100%| E|CS|TAMS 0x00000000ed300000| PB 0x00000000ed300000| Complete 
| 212|0x00000000ed400000, 0x00000000ed500000, 0x00000000ed500000|100%| E|CS|TAMS 0x00000000ed400000| PB 0x00000000ed400000| Complete 
| 213|0x00000000ed500000, 0x00000000ed600000, 0x00000000ed600000|100%| E|CS|TAMS 0x00000000ed500000| PB 0x00000000ed500000| Complete 
| 214|0x00000000ed600000, 0x00000000ed700000, 0x00000000ed700000|100%| E|CS|TAMS 0x00000000ed600000| PB 0x00000000ed600000| Complete 
| 215|0x00000000ed700000, 0x00000000ed800000, 0x00000000ed800000|100%| E|CS|TAMS 0x00000000ed700000| PB 0x00000000ed700000| Complete 
| 216|0x00000000ed800000, 0x00000000ed900000, 0x00000000ed900000|100%| E|CS|TAMS 0x00000000ed800000| PB 0x00000000ed800000| Complete 
| 217|0x00000000ed900000, 0x00000000eda00000, 0x00000000eda00000|100%| E|CS|TAMS 0x00000000ed900000| PB 0x00000000ed900000| Complete 
| 218|0x00000000eda00000, 0x00000000edb00000, 0x00000000edb00000|100%| E|CS|TAMS 0x00000000eda00000| PB 0x00000000eda00000| Complete 
| 219|0x00000000edb00000, 0x00000000edc00000, 0x00000000edc00000|100%| E|CS|TAMS 0x00000000edb00000| PB 0x00000000edb00000| Complete 
| 220|0x00000000edc00000, 0x00000000edd00000, 0x00000000edd00000|100%| E|CS|TAMS 0x00000000edc00000| PB 0x00000000edc00000| Complete 
| 221|0x00000000edd00000, 0x00000000ede00000, 0x00000000ede00000|100%| E|CS|TAMS 0x00000000edd00000| PB 0x00000000edd00000| Complete 
| 222|0x00000000ede00000, 0x00000000edf00000, 0x00000000edf00000|100%| E|CS|TAMS 0x00000000ede00000| PB 0x00000000ede00000| Complete 
| 223|0x00000000edf00000, 0x00000000ee000000, 0x00000000ee000000|100%| E|CS|TAMS 0x00000000edf00000| PB 0x00000000edf00000| Complete 
| 224|0x00000000ee000000, 0x00000000ee100000, 0x00000000ee100000|100%| E|CS|TAMS 0x00000000ee000000| PB 0x00000000ee000000| Complete 
| 225|0x00000000ee100000, 0x00000000ee200000, 0x00000000ee200000|100%| E|CS|TAMS 0x00000000ee100000| PB 0x00000000ee100000| Complete 
| 226|0x00000000ee200000, 0x00000000ee300000, 0x00000000ee300000|100%| E|CS|TAMS 0x00000000ee200000| PB 0x00000000ee200000| Complete 
| 227|0x00000000ee300000, 0x00000000ee400000, 0x00000000ee400000|100%| E|CS|TAMS 0x00000000ee300000| PB 0x00000000ee300000| Complete 
| 228|0x00000000ee400000, 0x00000000ee500000, 0x00000000ee500000|100%| E|CS|TAMS 0x00000000ee400000| PB 0x00000000ee400000| Complete 
| 229|0x00000000ee500000, 0x00000000ee556838, 0x00000000ee600000| 33%| S|CS|TAMS 0x00000000ee500000| PB 0x00000000ee500000| Complete 
| 230|0x00000000ee600000, 0x00000000ee700000, 0x00000000ee700000|100%| S|CS|TAMS 0x00000000ee600000| PB 0x00000000ee600000| Complete 
| 231|0x00000000ee700000, 0x00000000ee800000, 0x00000000ee800000|100%| S|CS|TAMS 0x00000000ee700000| PB 0x00000000ee700000| Complete 
| 232|0x00000000ee800000, 0x00000000ee900000, 0x00000000ee900000|100%| S|CS|TAMS 0x00000000ee800000| PB 0x00000000ee800000| Complete 
| 233|0x00000000ee900000, 0x00000000eea00000, 0x00000000eea00000|100%| S|CS|TAMS 0x00000000ee900000| PB 0x00000000ee900000| Complete 
| 234|0x00000000eea00000, 0x00000000eeb00000, 0x00000000eeb00000|100%| S|CS|TAMS 0x00000000eea00000| PB 0x00000000eea00000| Complete 
| 235|0x00000000eeb00000, 0x00000000eec00000, 0x00000000eec00000|100%| S|CS|TAMS 0x00000000eeb00000| PB 0x00000000eeb00000| Complete 
| 236|0x00000000eec00000, 0x00000000eed00000, 0x00000000eed00000|100%| S|CS|TAMS 0x00000000eec00000| PB 0x00000000eec00000| Complete 
| 237|0x00000000eed00000, 0x00000000eee00000, 0x00000000eee00000|100%| S|CS|TAMS 0x00000000eed00000| PB 0x00000000eed00000| Complete 
| 238|0x00000000eee00000, 0x00000000eef00000, 0x00000000eef00000|100%| S|CS|TAMS 0x00000000eee00000| PB 0x00000000eee00000| Complete 
| 239|0x00000000eef00000, 0x00000000ef000000, 0x00000000ef000000|100%| S|CS|TAMS 0x00000000eef00000| PB 0x00000000eef00000| Complete 
| 240|0x00000000ef000000, 0x00000000ef100000, 0x00000000ef100000|100%| S|CS|TAMS 0x00000000ef000000| PB 0x00000000ef000000| Complete 
| 241|0x00000000ef100000, 0x00000000ef200000, 0x00000000ef200000|100%| E|CS|TAMS 0x00000000ef100000| PB 0x00000000ef100000| Complete 
| 242|0x00000000ef200000, 0x00000000ef300000, 0x00000000ef300000|100%| E|CS|TAMS 0x00000000ef200000| PB 0x00000000ef200000| Complete 
| 243|0x00000000ef300000, 0x00000000ef400000, 0x00000000ef400000|100%| E|CS|TAMS 0x00000000ef300000| PB 0x00000000ef300000| Complete 
| 244|0x00000000ef400000, 0x00000000ef500000, 0x00000000ef500000|100%| E|CS|TAMS 0x00000000ef400000| PB 0x00000000ef400000| Complete 
| 245|0x00000000ef500000, 0x00000000ef600000, 0x00000000ef600000|100%| E|CS|TAMS 0x00000000ef500000| PB 0x00000000ef500000| Complete 
| 246|0x00000000ef600000, 0x00000000ef700000, 0x00000000ef700000|100%| E|CS|TAMS 0x00000000ef600000| PB 0x00000000ef600000| Complete 
| 247|0x00000000ef700000, 0x00000000ef800000, 0x00000000ef800000|100%| E|CS|TAMS 0x00000000ef700000| PB 0x00000000ef700000| Complete 
| 248|0x00000000ef800000, 0x00000000ef900000, 0x00000000ef900000|100%| E|CS|TAMS 0x00000000ef800000| PB 0x00000000ef800000| Complete 
| 249|0x00000000ef900000, 0x00000000efa00000, 0x00000000efa00000|100%| E|CS|TAMS 0x00000000ef900000| PB 0x00000000ef900000| Complete 
| 250|0x00000000efa00000, 0x00000000efb00000, 0x00000000efb00000|100%| E|CS|TAMS 0x00000000efa00000| PB 0x00000000efa00000| Complete 
| 251|0x00000000efb00000, 0x00000000efc00000, 0x00000000efc00000|100%| E|CS|TAMS 0x00000000efb00000| PB 0x00000000efb00000| Complete 
| 252|0x00000000efc00000, 0x00000000efd00000, 0x00000000efd00000|100%| E|CS|TAMS 0x00000000efc00000| PB 0x00000000efc00000| Complete 
| 253|0x00000000efd00000, 0x00000000efe00000, 0x00000000efe00000|100%| E|CS|TAMS 0x00000000efd00000| PB 0x00000000efd00000| Complete 
| 254|0x00000000efe00000, 0x00000000eff00000, 0x00000000eff00000|100%| E|CS|TAMS 0x00000000efe00000| PB 0x00000000efe00000| Complete 
| 255|0x00000000eff00000, 0x00000000f0000000, 0x00000000f0000000|100%| E|CS|TAMS 0x00000000eff00000| PB 0x00000000eff00000| Complete 

Card table byte_map: [0x00000135a2990000,0x00000135a2a90000] _byte_map_base: 0x00000135a2290000

Marking Bits: (CMBitMap*) 0x00000135907b7630
 Bits: [0x00000135a2a90000, 0x00000135a3290000)

Polling page: 0x000001358e3d0000

Metaspace:

Usage:
  Non-class:     26.88 MB used.
      Class:      4.84 MB used.
       Both:     31.72 MB used.

Virtual space:
  Non-class space:       64.00 MB reserved,      27.62 MB ( 43%) committed,  1 nodes.
      Class space:      320.00 MB reserved,       5.44 MB (  2%) committed,  1 nodes.
             Both:      384.00 MB reserved,      33.06 MB (  9%) committed. 

Chunk freelists:
   Non-Class:  3.86 MB
       Class:  10.56 MB
        Both:  14.42 MB

MaxMetaspaceSize: 384.00 MB
CompressedClassSpaceSize: 320.00 MB
Initial GC threshold: 21.00 MB
Current GC threshold: 35.12 MB
CDS: on
 - commit_granule_bytes: 65536.
 - commit_granule_words: 8192.
 - virtual_space_node_default_size: 8388608.
 - enlarge_chunks_in_place: 1.
 - use_allocation_guard: 0.


Internal statistics:

num_allocs_failed_limit: 3.
num_arena_births: 2422.
num_arena_deaths: 0.
num_vsnodes_births: 2.
num_vsnodes_deaths: 0.
num_space_committed: 529.
num_space_uncommitted: 0.
num_chunks_returned_to_freelist: 3.
num_chunks_taken_from_freelist: 4071.
num_chunk_merges: 0.
num_chunk_splits: 2587.
num_chunks_enlarged: 1513.
num_inconsistent_stats: 0.

CodeHeap 'non-profiled nmethods': size=120000Kb used=2190Kb max_used=2190Kb free=117809Kb
 bounds [0x000001359b460000, 0x000001359b6d0000, 0x00000135a2990000]
CodeHeap 'profiled nmethods': size=120000Kb used=7841Kb max_used=7841Kb free=112158Kb
 bounds [0x0000013593990000, 0x0000013594140000, 0x000001359aec0000]
CodeHeap 'non-nmethods': size=5760Kb used=1448Kb max_used=1561Kb free=4311Kb
 bounds [0x000001359aec0000, 0x000001359b130000, 0x000001359b460000]
CodeCache: size=245760Kb, used=11479Kb, max_used=11592Kb, free=234278Kb
 total_blobs=4568, nmethods=3966, adapters=506, full_count=0
Compilation: enabled, stopped_count=0, restarted_count=0

Compilation events (20 events):
Event: 151.199 Thread 0x00000135a59323a0 nmethod 3952 0x000001359412da90 code [0x000001359412dc40, 0x000001359412dda8]
Event: 151.221 Thread 0x00000135a59323a0 3953       1       org.gradle.cache.internal.filelock.FileLockOutcome$3::isLockWasAcquired (2 bytes)
Event: 151.221 Thread 0x00000135a59323a0 nmethod 3953 0x000001359b682410 code [0x000001359b6825a0, 0x000001359b682668]
Event: 151.298 Thread 0x00000135a59323a0 3954       3       jdk.internal.loader.URLClassPath$JarLoader$2::<init> (31 bytes)
Event: 151.299 Thread 0x00000135a59323a0 nmethod 3954 0x000001359412de90 code [0x000001359412e040, 0x000001359412e3a0]
Event: 151.301 Thread 0x00000135a58bbc80 3955   !   4       jdk.internal.loader.URLClassPath$JarLoader::getResource (40 bytes)
Event: 151.308 Thread 0x00000135a59323a0 3956       3       java.util.concurrent.atomic.AtomicReferenceArray::set (13 bytes)
Event: 151.308 Thread 0x00000135a58bbc80 nmethod 3955 0x000001359b682710 code [0x000001359b682940, 0x000001359b682e70]
Event: 151.308 Thread 0x00000135a58bbc80 3959   !   4       java.lang.ClassLoader::loadClass (121 bytes)
Event: 151.309 Thread 0x00000135a59323a0 nmethod 3956 0x000001359412e490 code [0x000001359412e760, 0x000001359412f760]
Event: 151.309 Thread 0x00000135a59323a0 3957       3       java.lang.invoke.VarHandleGuards::guard_LIL_V (135 bytes)
Event: 151.313 Thread 0x00000135a59323a0 nmethod 3957 0x000001359412fd10 code [0x0000013594130160, 0x0000013594132788]
Event: 151.313 Thread 0x00000135a59323a0 3958       3       java.lang.invoke.VarHandleReferences$Array::setVolatile (61 bytes)
Event: 151.314 Thread 0x00000135a59323a0 nmethod 3958 0x0000013594133390 code [0x0000013594133640, 0x0000013594134378]
Event: 151.322 Thread 0x00000135a59323a0 3961       3       java.util.TreeMap::addEntry (59 bytes)
Event: 151.323 Thread 0x00000135a59323a0 nmethod 3961 0x0000013594134910 code [0x0000013594134ae0, 0x0000013594134f90]
Event: 151.328 Thread 0x00000135a59323a0 3963       3       org.gradle.launcher.daemon.registry.DaemonInfo::<init> (39 bytes)
Event: 151.328 Thread 0x00000135a59323a0 nmethod 3963 0x0000013594135190 code [0x0000013594135360, 0x0000013594135700]
Event: 151.329 Thread 0x00000135a59323a0 3964       3       java.util.StringJoiner::checkAddLength (50 bytes)
Event: 151.330 Thread 0x00000135a59323a0 nmethod 3964 0x0000013594135810 code [0x0000013594135a00, 0x0000013594135e08]

GC Heap History (10 events):
Event: 40.879 GC heap before
{Heap before GC invocations=0 (full 0):
 garbage-first heap   total 262144K, used 12288K [0x00000000e0000000, 0x0000000100000000)
  region size 1024K, 13 young (13312K), 0 survivors (0K)
 Metaspace       used 954K, committed 1088K, reserved 393216K
  class space    used 71K, committed 128K, reserved 327680K
}
Event: 40.968 GC heap after
{Heap after GC invocations=1 (full 0):
 garbage-first heap   total 262144K, used 2594K [0x00000000e0000000, 0x0000000100000000)
  region size 1024K, 2 young (2048K), 2 survivors (2048K)
 Metaspace       used 954K, committed 1088K, reserved 393216K
  class space    used 71K, committed 128K, reserved 327680K
}
Event: 57.808 GC heap before
{Heap before GC invocations=1 (full 0):
 garbage-first heap   total 262144K, used 27170K [0x00000000e0000000, 0x0000000100000000)
  region size 1024K, 23 young (23552K), 2 survivors (2048K)
 Metaspace       used 4536K, committed 4736K, reserved 393216K
  class space    used 594K, committed 704K, reserved 327680K
}
Event: 57.813 GC heap after
{Heap after GC invocations=2 (full 0):
 garbage-first heap   total 262144K, used 12010K [0x00000000e0000000, 0x0000000100000000)
  region size 1024K, 3 young (3072K), 3 survivors (3072K)
 Metaspace       used 4536K, committed 4736K, reserved 393216K
  class space    used 594K, committed 704K, reserved 327680K
}
Event: 84.107 GC heap before
{Heap before GC invocations=2 (full 0):
 garbage-first heap   total 262144K, used 38634K [0x00000000e0000000, 0x0000000100000000)
  region size 1024K, 28 young (28672K), 3 survivors (3072K)
 Metaspace       used 4716K, committed 4928K, reserved 393216K
  class space    used 596K, committed 704K, reserved 327680K
}
Event: 84.114 GC heap after
{Heap after GC invocations=3 (full 0):
 garbage-first heap   total 262144K, used 17032K [0x00000000e0000000, 0x0000000100000000)
  region size 1024K, 4 young (4096K), 4 survivors (4096K)
 Metaspace       used 4716K, committed 4928K, reserved 393216K
  class space    used 596K, committed 704K, reserved 327680K
}
Event: 127.752 GC heap before
{Heap before GC invocations=3 (full 0):
 garbage-first heap   total 262144K, used 107144K [0x00000000e0000000, 0x0000000100000000)
  region size 1024K, 92 young (94208K), 4 survivors (4096K)
 Metaspace       used 18938K, committed 19520K, reserved 393216K
  class space    used 2665K, committed 2944K, reserved 327680K
}
Event: 127.766 GC heap after
{Heap after GC invocations=4 (full 0):
 garbage-first heap   total 262144K, used 24056K [0x00000000e0000000, 0x0000000100000000)
  region size 1024K, 11 young (11264K), 11 survivors (11264K)
 Metaspace       used 18938K, committed 19520K, reserved 393216K
  class space    used 2665K, committed 2944K, reserved 327680K
}
Event: 131.069 GC heap before
{Heap before GC invocations=4 (full 0):
 garbage-first heap   total 262144K, used 37368K [0x00000000e0000000, 0x0000000100000000)
  region size 1024K, 26 young (26624K), 11 survivors (11264K)
 Metaspace       used 20841K, committed 21504K, reserved 393216K
  class space    used 2981K, committed 3328K, reserved 327680K
}
Event: 131.079 GC heap after
{Heap after GC invocations=5 (full 0):
 garbage-first heap   total 262144K, used 24581K [0x00000000e0000000, 0x0000000100000000)
  region size 1024K, 12 young (12288K), 12 survivors (12288K)
 Metaspace       used 20841K, committed 21504K, reserved 393216K
  class space    used 2981K, committed 3328K, reserved 327680K
}

Dll operation events (20 events):
Event: 19.996 Attempting to load shared library C:\Users\ALBIN\.vscode\extensions\redhat.java-1.56.0-win32-x64\jre\21.0.12.1-win32-x86_64\bin\nio.dll
Event: 19.997 Loaded shared library C:\Users\ALBIN\.vscode\extensions\redhat.java-1.56.0-win32-x64\jre\21.0.12.1-win32-x86_64\bin\nio.dll
Event: 20.057 Attempting to load shared library C:\Users\ALBIN\.vscode\extensions\redhat.java-1.56.0-win32-x64\jre\21.0.12.1-win32-x86_64\bin\zip.dll
Event: 20.057 Loaded shared library C:\Users\ALBIN\.vscode\extensions\redhat.java-1.56.0-win32-x64\jre\21.0.12.1-win32-x86_64\bin\zip.dll
Event: 33.456 Attempting to load shared library C:\Users\ALBIN\.vscode\extensions\redhat.java-1.56.0-win32-x64\jre\21.0.12.1-win32-x86_64\bin\jimage.dll
Event: 33.456 Loaded shared library C:\Users\ALBIN\.vscode\extensions\redhat.java-1.56.0-win32-x64\jre\21.0.12.1-win32-x86_64\bin\jimage.dll
Event: 47.099 Attempting to load shared library C:\Users\ALBIN\.vscode\extensions\redhat.java-1.56.0-win32-x64\jre\21.0.12.1-win32-x86_64\bin\verify.dll
Event: 47.099 Loaded shared library C:\Users\ALBIN\.vscode\extensions\redhat.java-1.56.0-win32-x64\jre\21.0.12.1-win32-x86_64\bin\verify.dll
Event: 48.740 Attempting to load shared library C:\Users\ALBIN\.gradle\native\660c5614fbf4a5f2a75b1949f50a0caf5cd603558e7d8a26e50b933a0cfb79d1\windows-amd64\native-platform.dll
Event: 48.748 Loaded shared library C:\Users\ALBIN\.gradle\native\660c5614fbf4a5f2a75b1949f50a0caf5cd603558e7d8a26e50b933a0cfb79d1\windows-amd64\native-platform.dll
Event: 50.040 Attempting to load shared library C:\Users\ALBIN\.gradle\native\0.2.8\x86_64-windows-gnu\gradle-fileevents.dll
Event: 50.041 Loaded shared library C:\Users\ALBIN\.gradle\native\0.2.8\x86_64-windows-gnu\gradle-fileevents.dll
Event: 104.916 Attempting to load shared library C:\Users\ALBIN\.vscode\extensions\redhat.java-1.56.0-win32-x64\jre\21.0.12.1-win32-x86_64\bin\management.dll
Event: 104.916 Loaded shared library C:\Users\ALBIN\.vscode\extensions\redhat.java-1.56.0-win32-x64\jre\21.0.12.1-win32-x86_64\bin\management.dll
Event: 104.922 Attempting to load shared library C:\Users\ALBIN\.vscode\extensions\redhat.java-1.56.0-win32-x64\jre\21.0.12.1-win32-x86_64\bin\management_ext.dll
Event: 104.924 Loaded shared library C:\Users\ALBIN\.vscode\extensions\redhat.java-1.56.0-win32-x64\jre\21.0.12.1-win32-x86_64\bin\management_ext.dll
Event: 113.709 Attempting to load shared library C:\Users\ALBIN\.vscode\extensions\redhat.java-1.56.0-win32-x64\jre\21.0.12.1-win32-x86_64\bin\extnet.dll
Event: 113.709 Loaded shared library C:\Users\ALBIN\.vscode\extensions\redhat.java-1.56.0-win32-x64\jre\21.0.12.1-win32-x86_64\bin\extnet.dll
Event: 122.229 Attempting to load shared library C:\Users\ALBIN\.vscode\extensions\redhat.java-1.56.0-win32-x64\jre\21.0.12.1-win32-x86_64\bin\sunmscapi.dll
Event: 122.231 Loaded shared library C:\Users\ALBIN\.vscode\extensions\redhat.java-1.56.0-win32-x64\jre\21.0.12.1-win32-x86_64\bin\sunmscapi.dll

Deoptimization events (20 events):
Event: 151.120 Thread 0x00000135bfab55d0 Uncommon trap: trap_request=0xffffffde fr.pc=0x000001359b4b2e54 relative=0x0000000000000974
Event: 151.120 Thread 0x00000135bfab55d0 Uncommon trap: reason=class_check action=maybe_recompile pc=0x000001359b4b2e54 method=jdk.internal.loader.URLClassPath.getLoader(I)Ljdk/internal/loader/URLClassPath$Loader; @ 88 c2
Event: 151.120 Thread 0x00000135bfab55d0 DEOPT PACKING pc=0x000001359b4b2e54 sp=0x00000002d80fa000
Event: 151.120 Thread 0x00000135bfab55d0 DEOPT UNPACKING pc=0x000001359af14422 sp=0x00000002d80f9fd0 mode 2
Event: 151.120 Thread 0x00000135bfab55d0 Uncommon trap: trap_request=0xffffffde fr.pc=0x000001359b5beea8 relative=0x0000000000004328
Event: 151.120 Thread 0x00000135bfab55d0 Uncommon trap: reason=class_check action=maybe_recompile pc=0x000001359b5beea8 method=jdk.internal.loader.URLClassPath.getResource(Ljava/lang/String;Z)Ljdk/internal/loader/Resource; @ 53 c2
Event: 151.120 Thread 0x00000135bfab55d0 DEOPT PACKING pc=0x000001359b5beea8 sp=0x00000002d80fa0a0
Event: 151.120 Thread 0x00000135bfab55d0 DEOPT UNPACKING pc=0x000001359af14422 sp=0x00000002d80f9eb0 mode 2
Event: 151.197 Thread 0x00000135bfab55d0 Uncommon trap: trap_request=0xffffff45 fr.pc=0x000001359b56ac98 relative=0x00000000000000f8
Event: 151.197 Thread 0x00000135bfab55d0 Uncommon trap: reason=unstable_if action=reinterpret pc=0x000001359b56ac98 method=java.lang.ClassLoader.getClassLoadingLock(Ljava/lang/String;)Ljava/lang/Object; @ 6 c2
Event: 151.197 Thread 0x00000135bfab55d0 DEOPT PACKING pc=0x000001359b56ac98 sp=0x00000002d80f8620
Event: 151.197 Thread 0x00000135bfab55d0 DEOPT UNPACKING pc=0x000001359af14422 sp=0x00000002d80f85b0 mode 2
Event: 151.199 Thread 0x00000135bfab55d0 Uncommon trap: trap_request=0xffffff45 fr.pc=0x000001359b5dc264 relative=0x0000000000000944
Event: 151.199 Thread 0x00000135bfab55d0 Uncommon trap: reason=unstable_if action=reinterpret pc=0x000001359b5dc264 method=java.lang.Class.getPackageName()Ljava/lang/String; @ 55 c2
Event: 151.199 Thread 0x00000135bfab55d0 DEOPT PACKING pc=0x000001359b5dc264 sp=0x00000002d80f9c60
Event: 151.199 Thread 0x00000135bfab55d0 DEOPT UNPACKING pc=0x000001359af14422 sp=0x00000002d80f9c30 mode 2
Event: 151.199 Thread 0x00000135bfab55d0 Uncommon trap: trap_request=0xffffffde fr.pc=0x000001359b4b2f4c relative=0x0000000000000a6c
Event: 151.199 Thread 0x00000135bfab55d0 Uncommon trap: reason=class_check action=maybe_recompile pc=0x000001359b4b2f4c method=jdk.internal.loader.URLClassPath.getLoader(I)Ljdk/internal/loader/URLClassPath$Loader; @ 190 c2
Event: 151.199 Thread 0x00000135bfab55d0 DEOPT PACKING pc=0x000001359b4b2f4c sp=0x00000002d80f5150
Event: 151.199 Thread 0x00000135bfab55d0 DEOPT UNPACKING pc=0x000001359af14422 sp=0x00000002d80f5130 mode 2

Classes loaded (20 events):
Event: 149.325 Loading class java/nio/file/FileTreeWalker$DirectoryNode
Event: 149.325 Loading class java/nio/file/FileTreeWalker$DirectoryNode done
Event: 149.325 Loading class java/nio/file/FileTreeWalker$Event
Event: 149.325 Loading class java/nio/file/FileTreeWalker$Event done
Event: 149.325 Loading class java/nio/file/FileTreeWalker$EventType
Event: 149.325 Loading class java/nio/file/FileTreeWalker$EventType done
Event: 149.325 Loading class java/nio/file/Files$3
Event: 149.325 Loading class java/nio/file/Files$3 done
Event: 149.328 Loading class java/nio/file/FileVisitResult
Event: 149.328 Loading class java/nio/file/FileVisitResult done
Event: 149.341 Loading class java/nio/charset/CharacterCodingException
Event: 149.341 Loading class java/nio/charset/CharacterCodingException done
Event: 149.967 Loading class java/util/stream/Streams$RangeIntSpliterator
Event: 149.967 Loading class java/util/stream/Streams$RangeIntSpliterator done
Event: 151.117 Loading class jdk/internal/loader/URLClassPath$FileLoader
Event: 151.117 Loading class jdk/internal/loader/URLClassPath$FileLoader done
Event: 151.129 Loading class jdk/internal/loader/URLClassPath$FileLoader$1
Event: 151.129 Loading class jdk/internal/loader/URLClassPath$FileLoader$1 done
Event: 151.329 Loading class java/beans/Transient
Event: 151.329 Loading class java/beans/Transient done

Classes unloaded (0 events):
No events

Classes redefined (0 events):
No events

Internal exceptions (20 events):
Event: 148.449 Thread 0x00000135bfab55d0 Exception <a 'java/lang/NoSuchMethodError'{0x00000000ea7e76b0}: 'java.lang.Object java.lang.invoke.DirectMethodHandle$Holder.invokeStatic(java.lang.Object, java.lang.Object, java.lang.Object, java.lang.Object, java.lang.Object, java.lang.Object, java.lang.Object, java.lang.Object, java.lang.Object, java.lang.Object, java.lang.Object, java.lang.Object, java.lang.Object, java.lang.Object, java.lang.Object, java.lang.Object, java.lang.Object, java.lang.Object, java.lang.Object, java.lang.Object, java.lang.Obj
Event: 148.451 Thread 0x00000135bfab55d0 Exception <a 'java/lang/NoSuchMethodError'{0x00000000ea61eed0}: 'java.lang.Object java.lang.invoke.DirectMethodHandle$Holder.invokeStatic(java.lang.Object, java.lang.Object, java.lang.Object, java.lang.Object, java.lang.Object, java.lang.Object, java.lang.Object, java.lang.Object, java.lang.Object, java.lang.Object, java.lang.Object, java.lang.Object, java.lang.Object, java.lang.Object, java.lang.Object, java.lang.Object, java.lang.Object, java.lang.Object, java.lang.Object, java.lang.Object, java.lang.Obj
Event: 148.454 Thread 0x00000135bfab55d0 Exception <a 'java/lang/NoSuchMethodError'{0x00000000ea657760}: 'java.lang.Object java.lang.invoke.DirectMethodHandle$Holder.invokeStatic(java.lang.Object, java.lang.Object, java.lang.Object, java.lang.Object, java.lang.Object, java.lang.Object, java.lang.Object, java.lang.Object, java.lang.Object, java.lang.Object, java.lang.Object, java.lang.Object, java.lang.Object, java.lang.Object, java.lang.Object, java.lang.Object, java.lang.Object, java.lang.Object, java.lang.Object, java.lang.Object, java.lang.Obj
Event: 148.457 Thread 0x00000135bfab55d0 Exception <a 'java/lang/NoSuchMethodError'{0x00000000ea693170}: 'java.lang.Object java.lang.invoke.DirectMethodHandle$Holder.invokeStatic(java.lang.Object, java.lang.Object, java.lang.Object, java.lang.Object, java.lang.Object, java.lang.Object, java.lang.Object, java.lang.Object, java.lang.Object, java.lang.Object, java.lang.Object, java.lang.Object, java.lang.Object, java.lang.Object, java.lang.Object, java.lang.Object, java.lang.Object, java.lang.Object, java.lang.Object, java.lang.Object, java.lang.Obj
Event: 148.459 Thread 0x00000135bfab55d0 Exception <a 'java/lang/NoSuchMethodError'{0x00000000ea6cfde8}: 'java.lang.Object java.lang.invoke.DirectMethodHandle$Holder.invokeStatic(java.lang.Object, java.lang.Object, java.lang.Object, java.lang.Object, java.lang.Object, java.lang.Object, java.lang.Object, java.lang.Object, java.lang.Object, java.lang.Object, java.lang.Object, java.lang.Object, java.lang.Object, java.lang.Object, java.lang.Object, java.lang.Object, java.lang.Object, java.lang.Object, java.lang.Object, java.lang.Object, java.lang.Obj
Event: 148.462 Thread 0x00000135bfab55d0 Exception <a 'java/lang/NoSuchMethodError'{0x00000000ea50fe40}: 'java.lang.Object java.lang.invoke.DirectMethodHandle$Holder.invokeStatic(java.lang.Object, java.lang.Object, java.lang.Object, java.lang.Object, java.lang.Object, java.lang.Object, java.lang.Object, java.lang.Object, java.lang.Object, java.lang.Object, java.lang.Object, java.lang.Object, java.lang.Object, java.lang.Object, java.lang.Object, java.lang.Object, java.lang.Object, java.lang.Object, java.lang.Object, java.lang.Object, java.lang.Obj
Event: 148.540 Thread 0x00000135bfab55d0 Exception <a 'java/lang/NoSuchMethodError'{0x00000000ea5c79f0}: 'java.lang.Object java.lang.invoke.DirectMethodHandle$Holder.newInvokeSpecial(java.lang.Object, java.lang.Object, java.lang.Object, java.lang.Object, java.lang.Object, java.lang.Object, java.lang.Object, java.lang.Object, java.lang.Object, java.lang.Object, java.lang.Object, java.lang.Object, java.lang.Object)'> (0x00000000ea5c79f0) 
thrown [s\src\hotspot\share\interpreter\linkResolver.cpp, line 773]
Event: 149.111 Thread 0x00000135bfab55d0 Exception <a 'java/lang/IncompatibleClassChangeError'{0x00000000ea064e58}: Found class java.lang.Object, but interface was expected> (0x00000000ea064e58) 
thrown [s\src\hotspot\share\interpreter\linkResolver.cpp, line 840]
Event: 149.189 Thread 0x00000135bfab55d0 Exception <a 'java/lang/NoSuchMethodError'{0x00000000e9f77040}: 'java.lang.Object java.lang.invoke.DirectMethodHandle$Holder.invokeSpecial(java.lang.Object, java.lang.Object, long, java.lang.Object)'> (0x00000000e9f77040) 
thrown [s\src\hotspot\share\interpreter\linkResolver.cpp, line 773]
Event: 149.190 Thread 0x00000135bfab55d0 Exception <a 'java/lang/NoSuchMethodError'{0x00000000e9f7e548}: 'java.lang.Object java.lang.invoke.DirectMethodHandle$Holder.newInvokeSpecial(java.lang.Object, java.lang.Object, long)'> (0x00000000e9f7e548) 
thrown [s\src\hotspot\share\interpreter\linkResolver.cpp, line 773]
Event: 149.190 Thread 0x00000135bfab55d0 Exception <a 'java/lang/NoSuchMethodError'{0x00000000e9f82b30}: 'java.lang.Object java.lang.invoke.Invokers$Holder.linkToTargetMethod(java.lang.Object, long, java.lang.Object)'> (0x00000000e9f82b30) 
thrown [s\src\hotspot\share\interpreter\linkResolver.cpp, line 773]
Event: 149.320 Thread 0x00000135bf477310 Implicit null exception at 0x000001359b6032c7 to 0x000001359b6036ac
Event: 149.837 Thread 0x00000135bfab55d0 Exception <a 'java/lang/NoSuchMethodError'{0x00000000e9d31880}: 'int java.lang.invoke.DirectMethodHandle$Holder.invokeSpecial(java.lang.Object, java.lang.Object, java.lang.Object, java.lang.Object)'> (0x00000000e9d31880) 
thrown [s\src\hotspot\share\interpreter\linkResolver.cpp, line 773]
Event: 149.843 Thread 0x00000135bfab55d0 Exception <a 'java/lang/NoSuchMethodError'{0x00000000e9d52738}: 'int java.lang.invoke.DirectMethodHandle$Holder.invokeInterface(java.lang.Object, java.lang.Object)'> (0x00000000e9d52738) 
thrown [s\src\hotspot\share\interpreter\linkResolver.cpp, line 773]
Event: 149.880 Thread 0x00000135bfab55d0 Exception <a 'java/lang/NoSuchMethodError'{0x00000000e9dcbd30}: 'java.lang.Object java.lang.invoke.DirectMethodHandle$Holder.invokeVirtual(java.lang.Object, java.lang.Object, int)'> (0x00000000e9dcbd30) 
thrown [s\src\hotspot\share\interpreter\linkResolver.cpp, line 773]
Event: 150.085 Thread 0x00000135bfab55d0 Exception <a 'java/lang/NoSuchMethodError'{0x00000000e9c5f5c8}: 'java.lang.Object java.lang.invoke.DirectMethodHandle$Holder.invokeStatic(java.lang.Object, java.lang.Object, int, java.lang.Object)'> (0x00000000e9c5f5c8) 
thrown [s\src\hotspot\share\interpreter\linkResolver.cpp, line 773]
Event: 150.085 Thread 0x00000135bfab55d0 Exception <a 'java/lang/NoSuchMethodError'{0x00000000e9c669b0}: 'java.lang.Object java.lang.invoke.DirectMethodHandle$Holder.newInvokeSpecial(java.lang.Object, java.lang.Object, int, java.lang.Object)'> (0x00000000e9c669b0) 
thrown [s\src\hotspot\share\interpreter\linkResolver.cpp, line 773]
Event: 150.085 Thread 0x00000135bfab55d0 Exception <a 'java/lang/NoSuchMethodError'{0x00000000e9c6b0d8}: 'java.lang.Object java.lang.invoke.DirectMethodHandle$Holder.invokeSpecial(java.lang.Object, java.lang.Object, java.lang.Object, int, java.lang.Object)'> (0x00000000e9c6b0d8) 
thrown [s\src\hotspot\share\interpreter\linkResolver.cpp, line 773]
Event: 151.114 Thread 0x00000135bfab55d0 Exception <a 'java/lang/NoSuchMethodError'{0x00000000e9972308}: 'void java.lang.invoke.DirectMethodHandle$Holder.invokeInterface(java.lang.Object, java.lang.Object, java.lang.Object, java.lang.Object, java.lang.Object, java.lang.Object, java.lang.Object)'> (0x00000000e9972308) 
thrown [s\src\hotspot\share\interpreter\linkResolver.cpp, line 773]
Event: 151.114 Thread 0x00000135bfab55d0 Exception <a 'java/lang/NoSuchMethodError'{0x00000000e9976c20}: 'void java.lang.invoke.DelegatingMethodHandle$Holder.reinvoke_L(java.lang.Object, java.lang.Object, java.lang.Object, java.lang.Object, java.lang.Object, java.lang.Object, java.lang.Object)'> (0x00000000e9976c20) 
thrown [s\src\hotspot\share\interpreter\linkResolver.cpp, line 773]

ZGC Phase Switch (0 events):
No events

VM Operations (20 events):
Event: 145.913 Executing safepoint VM operation: Cleanup
Event: 145.993 Executing safepoint VM operation: Cleanup done
Event: 146.996 Executing safepoint VM operation: Cleanup
Event: 147.011 Executing safepoint VM operation: Cleanup done
Event: 148.018 Executing safepoint VM operation: Cleanup
Event: 148.081 Executing safepoint VM operation: Cleanup done
Event: 149.086 Executing safepoint VM operation: Cleanup
Event: 149.102 Executing safepoint VM operation: Cleanup done
Event: 149.121 Executing non-safepoint VM operation: HandshakeAllThreads (Deoptimize)
Event: 149.122 Executing non-safepoint VM operation: HandshakeAllThreads (Deoptimize) done
Event: 149.314 Executing non-safepoint VM operation: HandshakeAllThreads (Deoptimize)
Event: 149.314 Executing non-safepoint VM operation: HandshakeAllThreads (Deoptimize) done
Event: 149.317 Executing non-safepoint VM operation: HandshakeAllThreads (Deoptimize)
Event: 149.317 Executing non-safepoint VM operation: HandshakeAllThreads (Deoptimize) done
Event: 150.326 Executing safepoint VM operation: Cleanup
Event: 150.342 Executing safepoint VM operation: Cleanup done
Event: 151.129 Executing non-safepoint VM operation: HandshakeAllThreads (Deoptimize)
Event: 151.179 Executing non-safepoint VM operation: HandshakeAllThreads (Deoptimize) done
Event: 151.180 Executing non-safepoint VM operation: HandshakeAllThreads (Deoptimize)
Event: 151.180 Executing non-safepoint VM operation: HandshakeAllThreads (Deoptimize) done

Memory protections (0 events):
No events

Nmethod flushes (0 events):
No events

Events (20 events):
Event: 125.613 Thread 0x00000135bfab55d0 Thread added: 0x00000135bf4779a0
Event: 125.991 Thread 0x00000135bfab55d0 Thread added: 0x00000135bf478d50
Event: 126.023 Thread 0x00000135a59323a0 Thread added: 0x00000135c0e45270
Event: 127.375 Thread 0x00000135c0e45270 Thread exited: 0x00000135c0e45270
Event: 130.236 Thread 0x00000135bf4779a0 Thread added: 0x00000135bf478030
Event: 130.450 Thread 0x00000135bf4779a0 Thread added: 0x00000135bf4786c0
Event: 131.320 Thread 0x00000135a59323a0 Thread added: 0x00000135a5a54300
Event: 131.609 Thread 0x00000135a5a54300 Thread exited: 0x00000135a5a54300
Event: 136.188 Thread 0x00000135bfab55d0 Thread added: 0x00000135c0ba4e00
Event: 137.634 Thread 0x00000135bfab55d0 Thread added: 0x00000135c0ba3a50
Event: 140.949 Thread 0x00000135bfab55d0 Thread added: 0x00000135c0ba5490
Event: 141.093 Thread 0x00000135bfab55d0 Thread added: 0x00000135c0ba26a0
Event: 142.423 Thread 0x00000135bfab55d0 Thread added: 0x00000135c0ba4770
Event: 143.245 Thread 0x00000135bfab55d0 Thread added: 0x00000135c0ba2010
Event: 147.769 Thread 0x00000135bfab55d0 Thread added: 0x00000135c0ba5b20
Event: 148.230 Thread 0x00000135bfab55d0 Thread added: 0x00000135c0ba61b0
Event: 150.086 Thread 0x00000135bfab55d0 Thread added: 0x00000135c0ba2d30
Event: 150.862 Thread 0x00000135bfab55d0 Thread added: 0x00000135c0ba7bf0
Event: 150.886 Thread 0x00000135a58bbc80 Thread added: 0x00000135a5a56be0
Event: 151.065 Thread 0x00000135a5a56be0 Thread exited: 0x00000135a5a56be0


Dynamic libraries:
0x00007ff6db350000 - 0x00007ff6db35e000 	C:\Users\ALBIN\.vscode\extensions\redhat.java-1.56.0-win32-x64\jre\21.0.12.1-win32-x86_64\bin\java.exe
0x00007ffbc0240000 - 0x00007ffbc04a7000 	C:\Windows\SYSTEM32\ntdll.dll
0x00007ffbbfd20000 - 0x00007ffbbfdeb000 	C:\Windows\System32\KERNEL32.DLL
0x00007ffbbd6c0000 - 0x00007ffbbdac2000 	C:\Windows\System32\KERNELBASE.dll
0x00007ffbbdb80000 - 0x00007ffbbdccc000 	C:\Windows\System32\ucrtbase.dll
0x00007ffb94810000 - 0x00007ffb94828000 	C:\Users\ALBIN\.vscode\extensions\redhat.java-1.56.0-win32-x64\jre\21.0.12.1-win32-x86_64\bin\jli.dll
0x00007ffbbf530000 - 0x00007ffbbf6ff000 	C:\Windows\System32\USER32.dll
0x00007ffbbde70000 - 0x00007ffbbde97000 	C:\Windows\System32\win32u.dll
0x00007ffbbf500000 - 0x00007ffbbf52b000 	C:\Windows\System32\GDI32.dll
0x00007ffbbd500000 - 0x00007ffbbd629000 	C:\Windows\System32\gdi32full.dll
0x00007ffbbdad0000 - 0x00007ffbbdb73000 	C:\Windows\System32\msvcp_win.dll
0x00007ffb9b690000 - 0x00007ffb9b6ae000 	C:\Users\ALBIN\.vscode\extensions\redhat.java-1.56.0-win32-x64\jre\21.0.12.1-win32-x86_64\bin\VCRUNTIME140.dll
0x00007ffbab5e0000 - 0x00007ffbab870000 	C:\Windows\WinSxS\amd64_microsoft.windows.common-controls_6595b64144ccf1df_6.0.26100.9278_none_3e0d1ba8e3303201\COMCTL32.dll
0x00007ffbbe170000 - 0x00007ffbbe219000 	C:\Windows\System32\msvcrt.dll
0x00007ffbbe0a0000 - 0x00007ffbbe0d1000 	C:\Windows\System32\IMM32.DLL
0x00007ffba8920000 - 0x00007ffba892c000 	C:\Users\ALBIN\.vscode\extensions\redhat.java-1.56.0-win32-x64\jre\21.0.12.1-win32-x86_64\bin\vcruntime140_1.dll
0x00007ffb4cf00000 - 0x00007ffb4cf8d000 	C:\Users\ALBIN\.vscode\extensions\redhat.java-1.56.0-win32-x64\jre\21.0.12.1-win32-x86_64\bin\msvcp140.dll
0x00007ffaea870000 - 0x00007ffaeb612000 	C:\Users\ALBIN\.vscode\extensions\redhat.java-1.56.0-win32-x64\jre\21.0.12.1-win32-x86_64\bin\server\jvm.dll
0x00007ffbbe810000 - 0x00007ffbbe8cc000 	C:\Windows\System32\ADVAPI32.dll
0x00007ffbbdf60000 - 0x00007ffbbe009000 	C:\Windows\System32\sechost.dll
0x00007ffbbfc00000 - 0x00007ffbbfd18000 	C:\Windows\System32\RPCRT4.dll
0x00007ffbc0170000 - 0x00007ffbc01f0000 	C:\Windows\System32\WS2_32.dll
0x00007ffbbd2c0000 - 0x00007ffbbd31e000 	C:\Windows\SYSTEM32\POWRPROF.dll
0x00007ffbad800000 - 0x00007ffbad836000 	C:\Windows\SYSTEM32\WINMM.dll
0x00007ffbaee70000 - 0x00007ffbaee7b000 	C:\Windows\SYSTEM32\VERSION.dll
0x00007ffbbd2a0000 - 0x00007ffbbd2b5000 	C:\Windows\SYSTEM32\UMPDC.dll
0x00007ffbbc110000 - 0x00007ffbbc12b000 	C:\Windows\SYSTEM32\kernel.appcore.dll
0x00007ffba86c0000 - 0x00007ffba86ca000 	C:\Users\ALBIN\.vscode\extensions\redhat.java-1.56.0-win32-x64\jre\21.0.12.1-win32-x86_64\bin\jimage.dll
0x00007ffbb9740000 - 0x00007ffbb998c000 	C:\Windows\SYSTEM32\DBGHELP.DLL
0x00007ffbbf170000 - 0x00007ffbbf4f5000 	C:\Windows\System32\combase.dll
0x00007ffbbe8e0000 - 0x00007ffbbe9b9000 	C:\Windows\System32\OLEAUT32.dll
0x00007ffba59f0000 - 0x00007ffba5a2b000 	C:\Windows\SYSTEM32\dbgcore.DLL
0x00007ffbbdea0000 - 0x00007ffbbdf4c000 	C:\Windows\System32\bcryptPrimitives.dll
0x00007ffba2ed0000 - 0x00007ffba2edf000 	C:\Users\ALBIN\.vscode\extensions\redhat.java-1.56.0-win32-x64\jre\21.0.12.1-win32-x86_64\bin\instrument.dll
0x00007ffb945f0000 - 0x00007ffb94610000 	C:\Users\ALBIN\.vscode\extensions\redhat.java-1.56.0-win32-x64\jre\21.0.12.1-win32-x86_64\bin\java.dll
0x00007ffbbe9d0000 - 0x00007ffbbf168000 	C:\Windows\System32\SHELL32.dll
0x00007ffbbaee0000 - 0x00007ffbbb78e000 	C:\Windows\SYSTEM32\windows.storage.dll
0x00007ffbc0070000 - 0x00007ffbc016b000 	C:\Windows\System32\SHCORE.dll
0x00007ffbc0000000 - 0x00007ffbc0066000 	C:\Windows\System32\shlwapi.dll
0x00007ffbbd360000 - 0x00007ffbbd389000 	C:\Windows\SYSTEM32\profapi.dll
0x00007ffb8cd30000 - 0x00007ffb8cd48000 	C:\Users\ALBIN\.vscode\extensions\redhat.java-1.56.0-win32-x64\jre\21.0.12.1-win32-x86_64\bin\zip.dll
0x00007ffba2f40000 - 0x00007ffba2f50000 	C:\Users\ALBIN\.vscode\extensions\redhat.java-1.56.0-win32-x64\jre\21.0.12.1-win32-x86_64\bin\net.dll
0x00007ffbb0c60000 - 0x00007ffbb0d8a000 	C:\Windows\SYSTEM32\WINHTTP.dll
0x00007ffbbc6d0000 - 0x00007ffbbc73c000 	C:\Windows\system32\mswsock.dll
0x00007ffb8cd10000 - 0x00007ffb8cd26000 	C:\Users\ALBIN\.vscode\extensions\redhat.java-1.56.0-win32-x64\jre\21.0.12.1-win32-x86_64\bin\nio.dll
0x00007ffba1420000 - 0x00007ffba1430000 	C:\Users\ALBIN\.vscode\extensions\redhat.java-1.56.0-win32-x64\jre\21.0.12.1-win32-x86_64\bin\verify.dll
0x00007ffb8c8c0000 - 0x00007ffb8c8e7000 	C:\Users\ALBIN\.gradle\native\660c5614fbf4a5f2a75b1949f50a0caf5cd603558e7d8a26e50b933a0cfb79d1\windows-amd64\native-platform.dll
0x00007ffb4ce80000 - 0x00007ffb4cef7000 	C:\Users\ALBIN\.gradle\native\0.2.8\x86_64-windows-gnu\gradle-fileevents.dll
0x00007ffb9f410000 - 0x00007ffb9f41a000 	C:\Users\ALBIN\.vscode\extensions\redhat.java-1.56.0-win32-x64\jre\21.0.12.1-win32-x86_64\bin\management.dll
0x00007ffb9e390000 - 0x00007ffb9e39c000 	C:\Users\ALBIN\.vscode\extensions\redhat.java-1.56.0-win32-x64\jre\21.0.12.1-win32-x86_64\bin\management_ext.dll
0x00007ffbbe520000 - 0x00007ffbbe528000 	C:\Windows\System32\PSAPI.DLL
0x00007ffbbbae0000 - 0x00007ffbbbb13000 	C:\Windows\SYSTEM32\IPHLPAPI.DLL
0x00007ffbbf760000 - 0x00007ffbbf76a000 	C:\Windows\System32\NSI.dll
0x00007ffb9f6e0000 - 0x00007ffb9f6e9000 	C:\Users\ALBIN\.vscode\extensions\redhat.java-1.56.0-win32-x64\jre\21.0.12.1-win32-x86_64\bin\extnet.dll
0x00007ffbbc9c0000 - 0x00007ffbbc9db000 	C:\Windows\SYSTEM32\CRYPTSP.dll
0x00007ffbbc070000 - 0x00007ffbbc0a9000 	C:\Windows\system32\rsaenh.dll
0x00007ffbbc780000 - 0x00007ffbbc7b4000 	C:\Windows\SYSTEM32\USERENV.dll
0x00007ffbbd330000 - 0x00007ffbbd35a000 	C:\Windows\SYSTEM32\bcrypt.dll
0x00007ffbbc9e0000 - 0x00007ffbbc9ec000 	C:\Windows\SYSTEM32\CRYPTBASE.dll
0x00007ffba1200000 - 0x00007ffba120e000 	C:\Users\ALBIN\.vscode\extensions\redhat.java-1.56.0-win32-x64\jre\21.0.12.1-win32-x86_64\bin\sunmscapi.dll
0x00007ffbbdce0000 - 0x00007ffbbde5e000 	C:\Windows\System32\CRYPT32.dll
0x00007ffbbcc00000 - 0x00007ffbbcc30000 	C:\Windows\SYSTEM32\ncrypt.dll
0x00007ffbbcbb0000 - 0x00007ffbbcbef000 	C:\Windows\SYSTEM32\NTASN1.dll
0x00007ffb8f9d0000 - 0x00007ffb8f9d8000 	C:\Windows\system32\wshunix.dll

JVMTI agents:
C:\Users\ALBIN\.gradle\wrapper\dists\gradle-9.7.1-bin\1w1c7tv4s851m17nbqdsro2tv\gradle-9.7.1\lib\agents\gradle-instrumentation-agent-9.7.1.jar path:C:\Users\ALBIN\.vscode\extensions\redhat.java-1.56.0-win32-x64\jre\21.0.12.1-win32-x86_64\bin\instrument.dll, loaded, initialized, instrumentlib options:none

dbghelp: loaded successfully - version: 4.0.5 - missing functions: none
symbol engine: initialized successfully - sym options: 0x614 - pdb path: .;C:\Users\ALBIN\.vscode\extensions\redhat.java-1.56.0-win32-x64\jre\21.0.12.1-win32-x86_64\bin;C:\Windows\SYSTEM32;C:\Windows\WinSxS\amd64_microsoft.windows.common-controls_6595b64144ccf1df_6.0.26100.9278_none_3e0d1ba8e3303201;C:\Users\ALBIN\.vscode\extensions\redhat.java-1.56.0-win32-x64\jre\21.0.12.1-win32-x86_64\bin\server;C:\Users\ALBIN\.gradle\native\660c5614fbf4a5f2a75b1949f50a0caf5cd603558e7d8a26e50b933a0cfb79d1\windows-amd64;C:\Users\ALBIN\.gradle\native\0.2.8\x86_64-windows-gnu

VM Arguments:
jvm_args: --add-opens=java.base/java.lang=ALL-UNNAMED --add-opens=java.base/java.lang.invoke=ALL-UNNAMED --add-opens=java.base/java.util=ALL-UNNAMED --add-opens=java.prefs/java.util.prefs=ALL-UNNAMED --add-exports=jdk.compiler/com.sun.tools.javac.api=ALL-UNNAMED --add-exports=jdk.compiler/com.sun.tools.javac.util=ALL-UNNAMED --add-opens=java.base/java.nio.charset=ALL-UNNAMED --add-opens=java.base/java.net=ALL-UNNAMED --add-opens=java.base/java.util.concurrent=ALL-UNNAMED --add-opens=java.base/java.util.concurrent.atomic=ALL-UNNAMED --add-opens=java.xml/javax.xml.namespace=ALL-UNNAMED --add-opens=java.base/java.time=ALL-UNNAMED -XX:MaxMetaspaceSize=384m -XX:+HeapDumpOnOutOfMemoryError -Xms256m -Xmx512m -Dfile.encoding=UTF-8 -Duser.country=IN -Duser.language=en -Duser.variant -javaagent:C:\Users\ALBIN\.gradle\wrapper\dists\gradle-9.7.1-bin\1w1c7tv4s851m17nbqdsro2tv\gradle-9.7.1\lib\agents\gradle-instrumentation-agent-9.7.1.jar 
java_command: org.gradle.launcher.daemon.bootstrap.GradleDaemon 9.7.1
java_class_path (initial): C:\Users\ALBIN\.gradle\wrapper\dists\gradle-9.7.1-bin\1w1c7tv4s851m17nbqdsro2tv\gradle-9.7.1\lib\gradle-daemon-main-9.7.1.jar
Launcher Type: SUN_STANDARD

[Global flags]
     intx CICompilerCount                          = 3                                         {product} {ergonomic}
   size_t CompressedClassSpaceSize                 = 335544320                                 {product} {ergonomic}
     uint ConcGCThreads                            = 1                                         {product} {ergonomic}
     uint G1ConcRefinementThreads                  = 4                                         {product} {ergonomic}
   size_t G1HeapRegionSize                         = 1048576                                   {product} {ergonomic}
    uintx GCDrainStackTargetSize                   = 64                                        {product} {ergonomic}
     bool HeapDumpOnOutOfMemoryError               = true                                   {manageable} {command line}
   size_t InitialHeapSize                          = 268435456                                 {product} {command line}
   size_t MarkStackSize                            = 4194304                                   {product} {ergonomic}
   size_t MaxHeapSize                              = 536870912                                 {product} {command line}
   size_t MaxMetaspaceSize                         = 402653184                                 {product} {command line}
   size_t MaxNewSize                               = 321912832                                 {product} {ergonomic}
   size_t MinHeapDeltaBytes                        = 1048576                                   {product} {ergonomic}
   size_t MinHeapSize                              = 268435456                                 {product} {command line}
    uintx NonNMethodCodeHeapSize                   = 5832780                                {pd product} {ergonomic}
    uintx NonProfiledCodeHeapSize                  = 122912730                              {pd product} {ergonomic}
    uintx ProfiledCodeHeapSize                     = 122912730                              {pd product} {ergonomic}
    uintx ReservedCodeCacheSize                    = 251658240                              {pd product} {ergonomic}
     bool SegmentedCodeCache                       = true                                      {product} {ergonomic}
   size_t SoftMaxHeapSize                          = 536870912                              {manageable} {ergonomic}
     bool UseCompressedOops                        = true                           {product lp64_product} {ergonomic}
     bool UseG1GC                                  = true                                      {product} {ergonomic}
     bool UseLargePagesIndividualAllocation        = false                                  {pd product} {ergonomic}

Logging:
Log output configuration:
 #0: stdout all=warning uptime,level,tags foldmultilines=false
 #1: stderr all=off uptime,level,tags foldmultilines=false

Release file:
JAVA_VERSION="21.0.12.1" 
MODULES="java.base java.compiler java.datatransfer java.xml java.prefs java.desktop java.instrument java.logging java.management java.security.sasl java.naming java.rmi java.management.rmi java.net.http java.scripting java.security.jgss java.transaction.xa java.sql java.sql.rowset java.xml.crypto java.se java.smartcardio jdk.accessibility jdk.internal.jvmstat jdk.attach jdk.charsets jdk.internal.opt jdk.zipfs jdk.compiler jdk.crypto.ec jdk.crypto.cryptoki jdk.crypto.mscapi jdk.dynalink jdk.internal.ed jdk.editpad jdk.hotspot.agent jdk.httpserver jdk.internal.le jdk.internal.vm.ci jdk.internal.vm.compiler jdk.internal.vm.compiler.management jdk.jartool jdk.javadoc jdk.jcmd jdk.management jdk.management.agent jdk.jconsole jdk.jdeps jdk.jdwp.agent jdk.jdi jdk.jfr jdk.jshell jdk.jsobject jdk.jstatd jdk.localedata jdk.management.jfr jdk.naming.dns jdk.naming.rmi jdk.net jdk.nio.mapmode jdk.random jdk.sctp jdk.security.auth jdk.security.jgss jdk.unsupported jdk.unsupported.desktop jdk.xml.dom" 

Environment Variables:
PATH=C:\Program Files\Eclipse Adoptium\jdk-25.0.3.9-hotspot\bin;C:\Program Files\Common Files\Oracle\Java\javapath;C:\Windows\system32;C:\Windows;C:\Windows\System32\Wbem;C:\Windows\System32\WindowsPowerShell\v1.0\;C:\Windows\System32\OpenSSH\;C:\Program Files\Git\cmd;C:\Program Files\nodejs\;C:\Users\ALBIN\AppData\Local\Microsoft\WindowsApps;D:\software\apache-maven-3.9.16-bin\apache-maven-3.9.16\bin;C:\Users\ALBIN\AppData\Local\Python\bin;C:\Users\ALBIN\AppData\Roaming\npm
USERNAME=ALBIN
OS=Windows_NT
PROCESSOR_IDENTIFIER=Intel64 Family 6 Model 142 Stepping 9, GenuineIntel
TMP=C:\Users\ALBIN\AppData\Local\Temp
TEMP=C:\Users\ALBIN\AppData\Local\Temp




Periodic native trim disabled

---------------  S Y S T E M  ---------------

OS:
 Windows 11 , 64 bit Build 26100 (10.0.26100.9444)
OS uptime: 0 days 8:40 hours

CPU: total 4 (initial active 4) (2 cores per cpu, 2 threads per core) family 6 model 142 stepping 9 microcode 0xde, cx8, cmov, fxsr, ht, mmx, 3dnowpref, sse, sse2, sse3, ssse3, sse4.1, sse4.2, popcnt, lzcnt, tsc, tscinvbit, avx, avx2, aes, erms, clmul, bmi1, bmi2, adx, fma, vzeroupper, clflush, clflushopt, rdtscp, f16c
Processor Information for the first 4 processors :
  Max Mhz: 2701, Current Mhz: 2701, Mhz Limit: 2701

Memory: 4k page, system-wide physical 16287M (463M free)
TotalPageFile size 34911M (AvailPageFile size 250M)
current process WorkingSet (physical memory assigned to process): 248M, peak: 248M
current process commit charge ("private bytes"): 420M, peak: 436M

vm_info: OpenJDK 64-Bit Server VM (21.0.12.1+1-LTS) for windows-amd64 JRE (21.0.12.1+1-LTS), built on 2026-08-18T00:00:00Z by "admin" with MS VC++ 17.12 (VS2022)

END.
