#
# There is insufficient memory for the Java Runtime Environment to continue.
# Native memory allocation (mmap) failed to map 65536 bytes. Error detail: Failed to commit metaspace.
# Possible reasons:
#   The system is out of physical RAM or swap space
#   This process is running with CompressedOops enabled, and the Java Heap may be blocking the growth of the native heap
# Possible solutions:
#   Reduce memory load on the system
#   Increase physical memory or swap space
#   Check if swap backing store is full
#   Decrease Java heap size (-Xmx/-Xms)
#   Decrease number of Java threads
#   Decrease Java thread stack sizes (-Xss)
#   Set larger code cache with -XX:ReservedCodeCacheSize=
#   JVM is running with Unscaled Compressed Oops mode in which the Java heap is
#     placed in the first 4GB address space. The Java Heap base address is the
#     maximum limit for the native heap growth. Please use -XX:HeapBaseMinAddress
#     to set the Java Heap base and to place the Java Heap above 4GB virtual address.
# This output file may be truncated or incomplete.
#
#  Out of Memory Error (virtualSpaceNode.cpp:113), pid=22724, tid=22684
#
# JRE version: OpenJDK Runtime Environment Temurin-21.0.12.1+1 (21.0.12.1+1) (build 21.0.12.1+1-LTS)
# Java VM: OpenJDK 64-Bit Server VM Temurin-21.0.12.1+1 (21.0.12.1+1-LTS, mixed mode, sharing, tiered, compressed oops, compressed class ptrs, parallel gc, windows-amd64)
# No core dump will be written. Minidumps are not enabled by default on client versions of Windows
#

---------------  S U M M A R Y ------------

Command Line: --add-modules=ALL-SYSTEM --add-opens=java.base/java.util=ALL-UNNAMED --add-opens=java.base/java.lang=ALL-UNNAMED --add-opens=java.base/sun.nio.fs=ALL-UNNAMED -Declipse.application=org.eclipse.jdt.ls.core.id1 -Dosgi.bundles.defaultStartLevel=4 -Declipse.product=org.eclipse.jdt.ls.core.product -Djava.import.generatesMetadataFilesAtProjectRoot=false -Dm2e.project.cache.size=50 -DDetectVMInstallationsJob.disabled=true -Dfile.encoding=utf8 -XX:+UseParallelGC -XX:GCTimeRatio=4 -XX:AdaptiveSizePolicyWeight=90 -Dsun.zip.disableMemoryMapping=true -Xmx2G -Xms100m -Xlog:disable -javaagent:c:\Users\ALBIN\.vscode\extensions\redhat.java-1.56.0-win32-x64\lombok\lombok-1.18.39-4050.jar -XX:+HeapDumpOnOutOfMemoryError -XX:HeapDumpPath=c:\Users\ALBIN\AppData\Roaming\Code\User\workspaceStorage\08ba82f765758e80f1dfaef0f2475030\redhat.java -Daether.dependencyCollector.impl=bf c:\Users\ALBIN\.vscode\extensions\redhat.java-1.56.0-win32-x64\server\plugins\org.eclipse.equinox.launcher_1.8.0.v20260804-1928.jar -configuration c:\Users\ALBIN\AppData\Roaming\Code\User\globalStorage\redhat.java\1.56.0\config_win -data c:\Users\ALBIN\AppData\Roaming\Code\User\workspaceStorage\08ba82f765758e80f1dfaef0f2475030\redhat.java\jdt_ws --stdio

Host: Intel(R) Core(TM) i5-7200U CPU @ 2.50GHz, 4 cores, 15G,  Windows 11 , 64 bit Build 26100 (10.0.26100.9444)
Time: Fri Oct  9 18:00:26 2026 India Standard Time elapsed time: 24.429596 seconds (0d 0h 0m 24s)

---------------  T H R E A D  ---------------

Current thread (0x000001f65cb8a2d0):  JavaThread "Start Level: Equinox Container: 30e6ad71-58f1-48f9-8393-9a12a79d2014" daemon [_thread_in_vm, id=22684, stack(0x0000005753900000,0x0000005753a00000) (1024K)]

Stack: [0x0000005753900000,0x0000005753a00000]
Native frames: (J=compiled Java code, j=interpreted, Vv=VM code, C=native code)
V  [jvm.dll+0x6d83e9]
V  [jvm.dll+0x8b5736]
V  [jvm.dll+0x8b7cee]
V  [jvm.dll+0x8b83d3]
V  [jvm.dll+0x284596]
V  [jvm.dll+0x8b147e]
V  [jvm.dll+0x679ad4]
V  [jvm.dll+0x1e849b]
V  [jvm.dll+0x1e825e]
V  [jvm.dll+0x67c3d2]
V  [jvm.dll+0x67c202]
V  [jvm.dll+0x67a4ae]
V  [jvm.dll+0x26e440]
V  [jvm.dll+0x684715]
V  [jvm.dll+0x21973e]
V  [jvm.dll+0x219be5]
V  [jvm.dll+0x21a5d8]
V  [jvm.dll+0x20f80e]
V  [jvm.dll+0x5b6a7f]
V  [jvm.dll+0x82f606]
V  [jvm.dll+0x4792f8]
V  [jvm.dll+0x47f128]
C  [java.dll+0x17ec]

Java frames: (J=compiled Java code, j=interpreted, Vv=VM code)
J 1137  java.lang.ClassLoader.defineClass1(Ljava/lang/ClassLoader;Ljava/lang/String;[BIILjava/security/ProtectionDomain;Ljava/lang/String;)Ljava/lang/Class; java.base@21.0.12.1 (0 bytes) @ 0x000001f64fed5191 [0x000001f64fed50c0+0x00000000000000d1]
J 1872 c1 java.lang.ClassLoader.defineClass(Ljava/lang/String;[BIILjava/security/ProtectionDomain;)Ljava/lang/Class; java.base@21.0.12.1 (43 bytes) @ 0x000001f6486fd8fc [0x000001f6486fd5a0+0x000000000000035c]
j  org.eclipse.osgi.internal.loader.ModuleClassLoader.defineClass(Ljava/lang/String;[BLorg/eclipse/osgi/internal/loader/classpath/ClasspathEntry;)Lorg/eclipse/osgi/internal/loader/ModuleClassLoader$DefineClassResult;+37
J 2541 c1 org.eclipse.osgi.internal.loader.classpath.ClasspathManager.defineClass(Ljava/lang/String;[BLorg/eclipse/osgi/internal/loader/classpath/ClasspathEntry;Lorg/eclipse/osgi/storage/bundlefile/BundleEntry;Ljava/util/List;)Ljava/lang/Class; (636 bytes) @ 0x000001f648877ff4 [0x000001f648876540+0x0000000000001ab4]
j  org.eclipse.osgi.internal.loader.classpath.ClasspathManager.findClassImpl(Ljava/lang/String;Lorg/eclipse/osgi/internal/loader/classpath/ClasspathEntry;Ljava/util/List;)Ljava/lang/Class;+288
J 2517 c1 org.eclipse.osgi.internal.loader.classpath.ClasspathManager.findLocalClassImpl(Ljava/lang/String;[Lorg/eclipse/osgi/internal/loader/classpath/ClasspathEntry;Ljava/util/List;)Ljava/lang/Class; (55 bytes) @ 0x000001f64886ea64 [0x000001f64886e8e0+0x0000000000000184]
J 2627 c1 org.eclipse.osgi.internal.loader.classpath.ClasspathManager.findLocalClassImpl(Ljava/lang/String;Ljava/util/List;)Ljava/lang/Class; (132 bytes) @ 0x000001f64889d914 [0x000001f64889d3e0+0x0000000000000534]
j  org.eclipse.osgi.internal.loader.classpath.ClasspathManager.findLocalClass(Ljava/lang/String;)Ljava/lang/Class;+113
J 2512 c1 org.eclipse.osgi.internal.loader.BundleLoader.findLocalClass(Ljava/lang/String;)Ljava/lang/Class; (159 bytes) @ 0x000001f64886774c [0x000001f648866b60+0x0000000000000bec]
J 2431 c1 org.eclipse.osgi.internal.loader.BundleLoader.findClass0(Ljava/lang/String;ZZ)Ljava/lang/Class; (490 bytes) @ 0x000001f64882f334 [0x000001f64882c1c0+0x0000000000003174]
J 2430 c1 org.eclipse.osgi.internal.loader.BundleLoader.findClass(Ljava/lang/String;)Ljava/lang/Class; (8 bytes) @ 0x000001f64882b7cc [0x000001f64882b740+0x000000000000008c]
J 2432 c1 org.eclipse.osgi.internal.loader.ModuleClassLoader.loadClass(Ljava/lang/String;Z)Ljava/lang/Class; (36 bytes) @ 0x000001f64883314c [0x000001f648832f20+0x000000000000022c]
J 1027 c1 java.lang.ClassLoader.loadClass(Ljava/lang/String;)Ljava/lang/Class; java.base@21.0.12.1 (7 bytes) @ 0x000001f64852f0d4 [0x000001f64852efc0+0x0000000000000114]
v  ~StubRoutines::call_stub 0x000001f64f8c100d
j  org.eclipse.core.internal.runtime.PlatformActivator.start(Lorg/osgi/framework/BundleContext;)V+4
j  org.eclipse.osgi.internal.framework.BundleContextImpl$2.run()Ljava/lang/Void;+23
j  org.eclipse.osgi.internal.framework.BundleContextImpl$2.run()Ljava/lang/Object;+1
J 1166 c1 java.security.AccessController.executePrivileged(Ljava/security/PrivilegedExceptionAction;Ljava/security/AccessControlContext;Ljava/lang/Class;)Ljava/lang/Object; java.base@21.0.12.1 (65 bytes) @ 0x000001f64856fdc4 [0x000001f64856fc60+0x0000000000000164]
j  java.security.AccessController.doPrivileged(Ljava/security/PrivilegedExceptionAction;)Ljava/lang/Object;+9 java.base@21.0.12.1
j  org.eclipse.osgi.internal.framework.BundleContextImpl.startActivator(Lorg/osgi/framework/BundleActivator;)V+9
j  org.eclipse.osgi.internal.framework.BundleContextImpl.start()V+141
j  org.eclipse.osgi.internal.framework.EquinoxBundle.startWorker0()V+35
j  org.eclipse.osgi.internal.framework.EquinoxBundle$EquinoxModule.startWorker()V+4
j  org.eclipse.osgi.container.Module.doStart([Lorg/eclipse/osgi/container/Module$StartOptions;)Lorg/eclipse/osgi/container/ModuleContainerAdaptor$ModuleEvent;+200
j  org.eclipse.osgi.container.Module.start([Lorg/eclipse/osgi/container/Module$StartOptions;)V+460
j  org.eclipse.osgi.container.ModuleContainer$ContainerStartLevel$2.run()V+83
j  org.eclipse.osgi.internal.framework.EquinoxContainerAdaptor$1$1.execute(Ljava/lang/Runnable;)V+1
j  org.eclipse.osgi.container.ModuleContainer$ContainerStartLevel.incStartLevel(ILjava/util/List;Z)V+193
j  org.eclipse.osgi.container.ModuleContainer$ContainerStartLevel.incStartLevel(ILjava/util/List;Ljava/util/List;Ljava/util/List;Ljava/util/List;)V+19
j  org.eclipse.osgi.container.ModuleContainer$ContainerStartLevel.doContainerStartLevel(Lorg/eclipse/osgi/container/Module;I[Lorg/osgi/framework/FrameworkListener;)V+358
j  org.eclipse.osgi.container.ModuleContainer$ContainerStartLevel.dispatchEvent(Lorg/eclipse/osgi/container/Module;[Lorg/osgi/framework/FrameworkListener;ILjava/lang/Integer;)V+32
j  org.eclipse.osgi.container.ModuleContainer$ContainerStartLevel.dispatchEvent(Ljava/lang/Object;Ljava/lang/Object;ILjava/lang/Object;)V+15
j  org.eclipse.osgi.framework.eventmgr.EventManager.dispatchEvent(Ljava/util/Set;Lorg/eclipse/osgi/framework/eventmgr/EventDispatcher;ILjava/lang/Object;)V+48
j  org.eclipse.osgi.framework.eventmgr.EventManager$EventThread.run()V+26
v  ~StubRoutines::call_stub 0x000001f64f8c100d

Compiled method (n/a) 24541 1137     n 0       java.lang.ClassLoader::defineClass1 (native)
 total in heap  [0x000001f64fed4f10,0x000001f64fed5398] = 1160
 relocation     [0x000001f64fed5070,0x000001f64fed50a8] = 56
 main code      [0x000001f64fed50c0,0x000001f64fed5396] = 726
 stub code      [0x000001f64fed5396,0x000001f64fed5398] = 2

[Constant Pool (empty)]

[MachCode]
[Entry Point]
  # {method} {0x000001f600434c38} 'defineClass1' '(Ljava/lang/ClassLoader;Ljava/lang/String;[BIILjava/security/ProtectionDomain;Ljava/lang/String;)Ljava/lang/Class;' in 'java/lang/ClassLoader'
  # parm0:    rdx:rdx   = 'java/lang/ClassLoader'
  # parm1:    r8:r8     = 'java/lang/String'
  # parm2:    r9:r9     = '[B'
  # parm3:    rdi       = int
  # parm4:    rsi       = int
  # parm5:    rcx:rcx   = 'java/security/ProtectionDomain'
  # parm6:    [sp+0xa0]   = 'java/lang/String'  (sp of caller)
  0x000001f64fed50c0: 448b 5208 | 49bb 0000 | 0000 f601 | 0000 4d03 | d349 3bc2 | 0f84 0600 

  0x000001f64fed50d8: ;   {runtime_call ic_miss_stub}
  0x000001f64fed50d8: 0000 e9a1 | 93a3 ff90 
[Verified Entry Point]
  0x000001f64fed50e0: 8984 2400 | 80ff ff55 | 488b ec48 | 81ec 9000 | 0000 6690 | 4181 7f20 | 0100 0000 

  0x000001f64fed50fc: ;   {runtime_call StubRoutines (final stubs)}
  0x000001f64fed50fc: 7405 e8dd | 38a2 ff48 | 837d 1000 | 488d 4510 | 480f 4445 | 1048 8944 | 2440 4889 | 4c24 7048 
  0x000001f64fed511c: 83f9 0048 | 8d44 2470 | 480f 4444 | 2470 4889 | 4424 3848 | 8974 2430 | 4889 7c24 | 284c 894c 
  0x000001f64fed513c: 2458 4983 | f900 488d | 4424 5848 | 0f44 4424 | 5848 8944 | 2420 4c89 | 4424 5049 | 83f8 004c 
  0x000001f64fed515c: 8d4c 2450 | 4c0f 444c | 2450 4889 | 5424 4848 | 83fa 004c | 8d44 2448 | 4c0f 4444 

  0x000001f64fed5178: ;   {oop(a 'java/lang/Class'{0x00000000d753a9e8} = 'java/lang/ClassLoader')}
  0x000001f64fed5178: 2448 49be | e8a9 53d7 | 0000 0000 | 4c89 7424 | 784c 8d74 | 2478 498b | d6c5 f877 

  0x000001f64fed5194: ;   {internal_word}
  0x000001f64fed5194: 49ba 9151 | ed4f f601 | 0000 4d89 | 97a8 0300 | 0049 89a7 | a003 0000 

  0x000001f64fed51ac: ;   {external_word}
  0x000001f64fed51ac: 49ba 066d | 51eb fa7f | 0000 4180 | 3a00 0f84 | 4e00 0000 | 5241 5041 

  0x000001f64fed51c4: ;   {metadata({method} {0x000001f600434c38} 'defineClass1' '(Ljava/lang/ClassLoader;Ljava/lang/String;[BIILjava/security/ProtectionDomain;Ljava/lang/String;)Ljava/lang/Class;' in 'java/lang/ClassLoader')}
  0x000001f64fed51c4: 5148 ba30 | 4c43 00f6 | 0100 0049 | 8bcf 4883 | ec20 40f6 | c40f 0f84 | 1900 0000 | 4883 ec08 
  0x000001f64fed51e4: ;   {runtime_call}
  0x000001f64fed51e4: 48b8 e0ea | faea fa7f | 0000 ffd0 | 4883 c408 | e90c 0000 

  0x000001f64fed51f8: ;   {runtime_call}
  0x000001f64fed51f8: 0048 b8e0 | eafa eafa | 7f00 00ff | d048 83c4 | 2041 5941 | 585a 498d | 8fc0 0300 | 0041 c787 
  0x000001f64fed5218: 4c04 0000 | 0400 0000 

  0x000001f64fed5220: ;   {runtime_call}
  0x000001f64fed5220: 48b8 ac16 | 5f94 fb7f | 0000 ffd0 | c5f8 7741 | c787 4c04 | 0000 0500 | 0000 f083 | 4424 c000 
  0x000001f64fed5240: 493b af50 | 0400 000f | 870e 0000 | 0041 83bf | 4804 0000 | 000f 842b | 0000 00c5 | f877 4889 
  0x000001f64fed5260: 45f8 498b | cf4c 8be4 | 4883 ec20 | 4883 e4f0 

  0x000001f64fed5270: ;   {runtime_call}
  0x000001f64fed5270: 48b8 0058 | c6ea fa7f | 0000 ffd0 | 498b e44d | 33e4 488b | 45f8 41c7 | 874c 0400 | 0008 0000 
  0x000001f64fed5290: 0041 83bf | c804 0000 | 020f 84ca 

  0x000001f64fed529c: ;   {external_word}
  0x000001f64fed529c: 0000 0049 | ba06 6d51 | ebfa 7f00 | 0041 803a | 000f 844c | 0000 0048 

  0x000001f64fed52b4: ;   {metadata({method} {0x000001f600434c38} 'defineClass1' '(Ljava/lang/ClassLoader;Ljava/lang/String;[BIILjava/security/ProtectionDomain;Ljava/lang/String;)Ljava/lang/Class;' in 'java/lang/ClassLoader')}
  0x000001f64fed52b4: 8945 f848 | ba30 4c43 | 00f6 0100 | 0049 8bcf | 4883 ec20 | 40f6 c40f | 0f84 1900 | 0000 4883 
  0x000001f64fed52d4: ;   {runtime_call}
  0x000001f64fed52d4: ec08 48b8 | e0ea faea | fa7f 0000 | ffd0 4883 | c408 e90c 

  0x000001f64fed52e8: ;   {runtime_call}
  0x000001f64fed52e8: 0000 0048 | b8e0 eafa | eafa 7f00 | 00ff d048 | 83c4 2048 | 8b45 f849 | c787 a003 | 0000 0000 
  0x000001f64fed5308: 0000 49c7 | 87a8 0300 | 0000 0000 | 00c5 f877 | 4885 c00f | 8425 0000 | 00a8 030f | 8508 0000 
  0x000001f64fed5328: 0048 8b00 | e915 0000 | 00a8 010f | 8509 0000 | 0048 8b40 | fee9 0400 | 0000 488b | 40ff 498b 
  0x000001f64fed5348: 8f30 0400 | 00c7 8100 | 0100 0000 | 0000 00c9 | 4983 7f08 | 000f 8501 | 0000 00c3 

  0x000001f64fed5364: ;   {runtime_call StubRoutines (initial stubs)}
  0x000001f64fed5364: e997 bb9e | ffc5 f877 | 4889 45f8 | 4c8b e448 | 83ec 2048 

  0x000001f64fed5378: ;   {runtime_call}
  0x000001f64fed5378: 83e4 f048 | b830 22fb | eafa 7f00 | 00ff d049 | 8be4 4d33 | e448 8b45 | f8e9 09ff | ffff f4f4 
[/MachCode]


Compiled method (c1) 24553 1872       3       java.lang.ClassLoader::defineClass (43 bytes)
 total in heap  [0x000001f6486fd390,0x000001f6486fdcf0] = 2400
 relocation     [0x000001f6486fd4f0,0x000001f6486fd590] = 160
 main code      [0x000001f6486fd5a0,0x000001f6486fda40] = 1184
 stub code      [0x000001f6486fda40,0x000001f6486fdab8] = 120
 metadata       [0x000001f6486fdab8,0x000001f6486fdae8] = 48
 scopes data    [0x000001f6486fdae8,0x000001f6486fdbd8] = 240
 scopes pcs     [0x000001f6486fdbd8,0x000001f6486fdcb8] = 224
 dependencies   [0x000001f6486fdcb8,0x000001f6486fdcc8] = 16
 nul chk table  [0x000001f6486fdcc8,0x000001f6486fdcf0] = 40

[Constant Pool (empty)]

[MachCode]
[Entry Point]
  # {method} {0x000001f600434fb8} 'defineClass' '(Ljava/lang/String;[BIILjava/security/ProtectionDomain;)Ljava/lang/Class;' in 'java/lang/ClassLoader'
  # this:     rdx:rdx   = 'java/lang/ClassLoader'
  # parm0:    r8:r8     = 'java/lang/String'
  # parm1:    r9:r9     = '[B'
  # parm2:    rdi       = int
  # parm3:    rsi       = int
  # parm4:    rcx:rcx   = 'java/security/ProtectionDomain'
  #           [sp+0xc0]  (sp of caller)
  0x000001f6486fd5a0: 448b 5208 | 49bb 0000 | 0000 f601 | 0000 4d03 | d34c 3bd0 

  0x000001f6486fd5b4: ;   {runtime_call ic_miss_stub}
  0x000001f6486fd5b4: 0f85 c60e | 2107 660f | 1f44 0000 
[Verified Entry Point]
  0x000001f6486fd5c0: 8984 2400 | 80ff ff55 | 4881 ecb0 | 0000 0090 | 4181 7f20 | 0100 0000 

  0x000001f6486fd5d8: ;   {runtime_call StubRoutines (final stubs)}
  0x000001f6486fd5d8: 7405 e801 | b41f 0748 | 8954 2478 

  0x000001f6486fd5e4: ;   {metadata(method data for {method} {0x000001f600434fb8} 'defineClass' '(Ljava/lang/String;[BIILjava/security/ProtectionDomain;)Ljava/lang/Class;' in 'java/lang/ClassLoader')}
  0x000001f6486fd5e4: 48bb 301d | 385d f601 | 0000 8b83 | cc00 0000 | 83c0 0289 | 83cc 0000 | 0025 fe07 | 0000 85c0 
  0x000001f6486fd604: 0f84 5803 | 0000 89b4 | 2494 0000 | 0089 bc24 | 9000 0000 | 4c89 8c24 | 8800 0000 

  0x000001f6486fd620: ;   {metadata(method data for {method} {0x000001f600434fb8} 'defineClass' '(Ljava/lang/String;[BIILjava/security/ProtectionDomain;)Ljava/lang/Class;' in 'java/lang/ClassLoader')}
  0x000001f6486fd620: 488b da48 | b830 1d38 | 5df6 0100 | 0048 8380 | 1001 0000 | 0149 8bd8 | 4c8b c34c | 8bc9 488b 
  0x000001f6486fd640: ca48 8bd1 | 4889 9c24 | 8000 0000 

  0x000001f6486fd64c: ;   {optimized virtual_call}
  0x000001f6486fd64c: 6666 90e8 

  0x000001f6486fd650: ; ImmutableOopMap {[120]=Oop [128]=Oop [136]=Oop }
                      ;*invokevirtual preDefineClass {reexecute=0 rethrow=0 return_oop=0}
                      ; - java.lang.ClassLoader::defineClass@4
  0x000001f6486fd650: cc2e f7ff 

  0x000001f6486fd654: ;   {other}
  0x000001f6486fd654: 0f1f 8400 | c402 0000 | 4889 8424 | 9800 0000 | 488b 5424 

  0x000001f6486fd668: ;   {metadata(method data for {method} {0x000001f600434fb8} 'defineClass' '(Ljava/lang/String;[BIILjava/security/ProtectionDomain;)Ljava/lang/Class;' in 'java/lang/ClassLoader')}
  0x000001f6486fd668: 7849 b830 | 1d38 5df6 | 0100 0049 | 8380 4801 

  0x000001f6486fd678: ;   {metadata(method data for {method} {0x000001f600434ca0} 'defineClassSourceLocation' '(Ljava/security/ProtectionDomain;)Ljava/lang/String;' in 'java/lang/ClassLoader')}
  0x000001f6486fd678: 0000 0149 | b848 2438 | 5df6 0100 | 0041 8b90 | cc00 0000 | 83c2 0241 | 8990 cc00 | 0000 81e2 
  0x000001f6486fd698: feff 1f00 | 85d2 0f84 | df02 0000 

  0x000001f6486fd6a4: ; implicit exception: dispatches to 0x000001f6486fd9a4
  0x000001f6486fd6a4: 483b 004c 

  0x000001f6486fd6a8: ;   {metadata(method data for {method} {0x000001f600434ca0} 'defineClassSourceLocation' '(Ljava/security/ProtectionDomain;)Ljava/lang/String;' in 'java/lang/ClassLoader')}
  0x000001f6486fd6a8: 8bc0 48ba | 4824 385d | f601 0000 | 4883 8210 | 0100 0001 | 448b 4010 

  0x000001f6486fd6c0: ;   {metadata(method data for {method} {0x000001f600434ca0} 'defineClassSourceLocation' '(Ljava/security/ProtectionDomain;)Ljava/lang/String;' in 'java/lang/ClassLoader')}
  0x000001f6486fd6c0: 4d85 c048 | ba48 2438 | 5df6 0100 | 0048 c7c6 | 5801 0000 | 7507 48c7 | c648 0100 | 0048 8b3c 
  0x000001f6486fd6e0: 3248 8d7f | 0148 893c | 320f 850f 

  0x000001f6486fd6ec: ;   {oop(nullptr)}
  0x000001f6486fd6ec: 0000 0048 | bb00 0000 | 0000 0000 | 00e9 a901 | 0000 493b | 0049 8bd0 

  0x000001f6486fd704: ;   {metadata(method data for {method} {0x000001f600434ca0} 'defineClassSourceLocation' '(Ljava/security/ProtectionDomain;)Ljava/lang/String;' in 'java/lang/ClassLoader')}
  0x000001f6486fd704: 48be 4824 | 385d f601 | 0000 4883 | 8668 0100 | 0001 418b | 500c 4885 

  0x000001f6486fd71c: ;   {metadata(method data for {method} {0x000001f600434ca0} 'defineClassSourceLocation' '(Ljava/security/ProtectionDomain;)Ljava/lang/String;' in 'java/lang/ClassLoader')}
  0x000001f6486fd71c: d248 be48 | 2438 5df6 | 0100 0048 | c7c7 b001 | 0000 7507 | 48c7 c7a0 | 0100 0048 | 8b1c 3e48 
  0x000001f6486fd73c: 8d5b 0148 | 891c 3e0f | 850f 0000 

  0x000001f6486fd748: ;   {oop(nullptr)}
  0x000001f6486fd748: 0048 bb00 | 0000 0000 | 0000 00e9 | 4f01 0000 

  0x000001f6486fd758: ;   {metadata(method data for {method} {0x000001f600434ca0} 'defineClassSourceLocation' '(Ljava/security/ProtectionDomain;)Ljava/lang/String;' in 'java/lang/ClassLoader')}
  0x000001f6486fd758: 48be 4824 | 385d f601 | 0000 4883 | 86c0 0100 | 0001 483b | 024c 8bc2 

  0x000001f6486fd770: ;   {metadata(method data for {method} {0x000001f600434ca0} 'defineClassSourceLocation' '(Ljava/security/ProtectionDomain;)Ljava/lang/String;' in 'java/lang/ClassLoader')}
  0x000001f6486fd770: 48be 4824 | 385d f601 | 0000 4883 | 86f8 0100 

  0x000001f6486fd780: ;   {metadata(method data for {method} {0x000001f60001abf0} 'toString' '()Ljava/lang/String;' in 'java/net/URL')}
  0x000001f6486fd780: 0001 49b8 | e817 385d | f601 0000 | 418b b0cc | 0000 0083 | c602 4189 | b0cc 0000 | 0081 e6fe 
  0x000001f6486fd7a0: ff1f 0085 | f60f 8408 | 0200 004c 

  0x000001f6486fd7ac: ;   {metadata(method data for {method} {0x000001f60001abf0} 'toString' '()Ljava/lang/String;' in 'java/net/URL')}
  0x000001f6486fd7ac: 8bc2 48be | e817 385d | f601 0000 | 4883 8610 | 0100 0001 

  0x000001f6486fd7c0: ;   {metadata(method data for {method} {0x000001f600428840} 'toExternalForm' '()Ljava/lang/String;' in 'java/net/URL')}
  0x000001f6486fd7c0: 49b8 38ad | 375d f601 | 0000 418b | b0cc 0000 | 0083 c602 | 4189 b0cc | 0000 0081 | e6fe ff1f 
  0x000001f6486fd7e0: 0085 f60f | 84eb 0100 | 008b 7238 

  0x000001f6486fd7ec: ; implicit exception: dispatches to 0x000001f6486fd9f5
  0x000001f6486fd7ec: 483b 064c 

  0x000001f6486fd7f0: ;   {metadata(method data for {method} {0x000001f600428840} 'toExternalForm' '()Ljava/lang/String;' in 'java/net/URL')}
  0x000001f6486fd7f0: 8bc6 48bf | 38ad 375d | f601 0000 | 458b 4008 | 49ba 0000 | 0000 f601 | 0000 4d03 | c24c 3b87 
  0x000001f6486fd810: 2001 0000 | 750d 4883 | 8728 0100 | 0001 e960 | 0000 004c | 3b87 3001 | 0000 750d | 4883 8738 
  0x000001f6486fd830: 0100 0001 | e94a 0000 | 0048 83bf | 2001 0000 | 0075 174c | 8987 2001 | 0000 48c7 | 8728 0100 
  0x000001f6486fd850: 0001 0000 | 00e9 2900 | 0000 4883 | bf30 0100 | 0000 7517 | 4c89 8730 | 0100 0048 | c787 3801 
  0x000001f6486fd870: 0000 0100 | 0000 e908 | 0000 0048 | 8387 1001 | 0000 014c | 8bc2 488b | d60f 1f40 | 0048 b8ff 
  0x000001f6486fd890: ffff ffff 

  0x000001f6486fd894: ;   {virtual_call}
  0x000001f6486fd894: ffff ffe8 

  0x000001f6486fd898: ; ImmutableOopMap {[120]=Oop [128]=Oop [136]=Oop [152]=Oop }
                      ;*invokevirtual toExternalForm {reexecute=0 rethrow=0 return_oop=0}
                      ; - java.net.URL::toExternalForm@5
                      ; - java.net.URL::toString@1
                      ; - java.lang.ClassLoader::defineClassSourceLocation@22
                      ; - java.lang.ClassLoader::defineClass@12
  0x000001f6486fd898: 14cc 2c07 

  0x000001f6486fd89c: ;   {other}
  0x000001f6486fd89c: 0f1f 8400 | 0c05 0001 | 488b d848 | 8b84 2498 | 0000 008b | b424 9400 | 0000 8bbc | 2490 0000 
  0x000001f6486fd8bc: 004c 8b8c | 2488 0000 | 004c 8b84 | 2480 0000 | 0048 8b54 

  0x000001f6486fd8d0: ;   {metadata(method data for {method} {0x000001f600434fb8} 'defineClass' '(Ljava/lang/String;[BIILjava/security/ProtectionDomain;)Ljava/lang/Class;' in 'java/lang/ClassLoader')}
  0x000001f6486fd8d0: 2478 48b9 | 301d 385d | f601 0000 | 4883 8180 | 0100 0001 | 4c8b da49 | 8bd3 488b | c848 891c 
  0x000001f6486fd8f0: 2466 0f1f 

  0x000001f6486fd8f4: ;   {static_call}
  0x000001f6486fd8f4: 4400 00e8 

  0x000001f6486fd8f8: ; ImmutableOopMap {[120]=Oop [152]=Oop }
                      ;*invokestatic defineClass1 {reexecute=0 rethrow=0 return_oop=0}
                      ; - java.lang.ClassLoader::defineClass@27
  0x000001f6486fd8f8: e477 7d07 

  0x000001f6486fd8fc: ;   {other}
  0x000001f6486fd8fc: 0f1f 8400 | 6c05 0002 | 488b 5424 

  0x000001f6486fd908: ;   {metadata(method data for {method} {0x000001f600434fb8} 'defineClass' '(Ljava/lang/String;[BIILjava/security/ProtectionDomain;)Ljava/lang/Class;' in 'java/lang/ClassLoader')}
  0x000001f6486fd908: 7849 b830 | 1d38 5df6 | 0100 0049 | 8380 9001 | 0000 014c | 8bc0 4c8b | 8c24 9800 | 0000 488b 
  0x000001f6486fd928: 5424 7848 | 8984 24a0 | 0000 000f 

  0x000001f6486fd934: ;   {optimized virtual_call}
  0x000001f6486fd934: 1f40 00e8 

  0x000001f6486fd938: ; ImmutableOopMap {[160]=Oop }
                      ;*invokevirtual postDefineClass {reexecute=0 rethrow=0 return_oop=0}
                      ; - java.lang.ClassLoader::defineClass@37
  0x000001f6486fd938: 6446 f7ff 

  0x000001f6486fd93c: ;   {other}
  0x000001f6486fd93c: 0f1f 8400 | ac05 0003 | 488b 8424 | a000 0000 | 4881 c4b0 | 0000 005d 

  0x000001f6486fd954: ;   {poll_return}
  0x000001f6486fd954: 493b a750 | 0400 000f | 8799 0000 

  0x000001f6486fd960: ;   {metadata({method} {0x000001f600434fb8} 'defineClass' '(Ljava/lang/String;[BIILjava/security/ProtectionDomain;)Ljava/lang/Class;' in 'java/lang/ClassLoader')}
  0x000001f6486fd960: 00c3 49ba | b04f 4300 | f601 0000 | 4c89 5424 | 0848 c704 | 24ff ffff 

  0x000001f6486fd978: ;   {runtime_call counter_overflow Runtime1 stub}
  0x000001f6486fd978: ffe8 0283 

  0x000001f6486fd97c: ; ImmutableOopMap {rdx=Oop r8=Oop r9=Oop rcx=Oop [120]=Oop }
                      ;*synchronization entry
                      ; - java.lang.ClassLoader::defineClass@-1
  0x000001f6486fd97c: 2c07 e987 

  0x000001f6486fd980: ;   {metadata({method} {0x000001f600434ca0} 'defineClassSourceLocation' '(Ljava/security/ProtectionDomain;)Ljava/lang/String;' in 'java/lang/ClassLoader')}
  0x000001f6486fd980: fcff ff49 | ba98 4c43 | 00f6 0100 | 004c 8954 | 2408 48c7 | 0424 ffff 

  0x000001f6486fd998: ;   {runtime_call counter_overflow Runtime1 stub}
  0x000001f6486fd998: ffff e8e1 

  0x000001f6486fd99c: ; ImmutableOopMap {rax=Oop [120]=Oop [128]=Oop [136]=Oop [152]=Oop }
                      ;*synchronization entry
                      ; - java.lang.ClassLoader::defineClassSourceLocation@-1
                      ; - java.lang.ClassLoader::defineClass@12
  0x000001f6486fd99c: 822c 07e9 | 00fd ffff 

  0x000001f6486fd9a4: ;   {runtime_call throw_null_pointer_exception Runtime1 stub}
  0x000001f6486fd9a4: e857 4623 

  0x000001f6486fd9a8: ; ImmutableOopMap {rax=Oop [120]=Oop [128]=Oop [136]=Oop [152]=Oop }
                      ;*invokevirtual getCodeSource {reexecute=0 rethrow=0 return_oop=0}
                      ; - java.lang.ClassLoader::defineClassSourceLocation@1
                      ; - java.lang.ClassLoader::defineClass@12
                      ;   {runtime_call throw_null_pointer_exception Runtime1 stub}
  0x000001f6486fd9a8: 07e8 5246 

  0x000001f6486fd9ac: ; ImmutableOopMap {rax=Oop r8=Oop [120]=Oop [128]=Oop [136]=Oop [152]=Oop }
                      ;*invokevirtual getLocation {reexecute=0 rethrow=0 return_oop=0}
                      ; - java.lang.ClassLoader::defineClassSourceLocation@12
                      ; - java.lang.ClassLoader::defineClass@12
                      ;   {runtime_call throw_null_pointer_exception Runtime1 stub}
  0x000001f6486fd9ac: 2307 e84d 

  0x000001f6486fd9b0: ; ImmutableOopMap {rdx=Oop [120]=Oop [128]=Oop [136]=Oop [152]=Oop }
                      ;*invokevirtual toString {reexecute=0 rethrow=0 return_oop=0}
                      ; - java.lang.ClassLoader::defineClassSourceLocation@22
                      ; - java.lang.ClassLoader::defineClass@12
                      ;   {metadata({method} {0x000001f60001abf0} 'toString' '()Ljava/lang/String;' in 'java/net/URL')}
  0x000001f6486fd9b0: 4623 0749 | bae8 ab01 | 00f6 0100 | 004c 8954 | 2408 48c7 | 0424 ffff 

  0x000001f6486fd9c8: ;   {runtime_call counter_overflow Runtime1 stub}
  0x000001f6486fd9c8: ffff e8b1 

  0x000001f6486fd9cc: ; ImmutableOopMap {rdx=Oop [120]=Oop [128]=Oop [136]=Oop [152]=Oop }
                      ;*synchronization entry
                      ; - java.net.URL::toString@-1
                      ; - java.lang.ClassLoader::defineClassSourceLocation@22
                      ; - java.lang.ClassLoader::defineClass@12
  0x000001f6486fd9cc: 822c 07e9 | d7fd ffff 

  0x000001f6486fd9d4: ;   {metadata({method} {0x000001f600428840} 'toExternalForm' '()Ljava/lang/String;' in 'java/net/URL')}
  0x000001f6486fd9d4: 49ba 3888 | 4200 f601 | 0000 4c89 | 5424 0848 | c704 24ff 

  0x000001f6486fd9e8: ;   {runtime_call counter_overflow Runtime1 stub}
  0x000001f6486fd9e8: ffff ffe8 

  0x000001f6486fd9ec: ; ImmutableOopMap {rdx=Oop [120]=Oop [128]=Oop [136]=Oop [152]=Oop }
                      ;*synchronization entry
                      ; - java.net.URL::toExternalForm@-1
                      ; - java.net.URL::toString@1
                      ; - java.lang.ClassLoader::defineClassSourceLocation@22
                      ; - java.lang.ClassLoader::defineClass@12
  0x000001f6486fd9ec: 9082 2c07 | e9f4 fdff 

  0x000001f6486fd9f4: ;   {runtime_call throw_null_pointer_exception Runtime1 stub}
  0x000001f6486fd9f4: ffe8 0646 

  0x000001f6486fd9f8: ; ImmutableOopMap {rdx=Oop rsi=Oop [120]=Oop [128]=Oop [136]=Oop [152]=Oop }
                      ;*invokevirtual toExternalForm {reexecute=0 rethrow=0 return_oop=0}
                      ; - java.net.URL::toExternalForm@5
                      ; - java.net.URL::toString@1
                      ; - java.lang.ClassLoader::defineClassSourceLocation@22
                      ; - java.lang.ClassLoader::defineClass@12
                      ;   {internal_word}
  0x000001f6486fd9f8: 2307 49ba | 54d9 6f48 | f601 0000 | 4d89 9768 

  0x000001f6486fda08: ;   {runtime_call SafepointBlob}
  0x000001f6486fda08: 0400 00e9 | f070 2107 | 498b 8700 | 0500 0049 | c787 0005 | 0000 0000 | 0000 49c7 | 8708 0500 
  0x000001f6486fda28: 0000 0000 | 0048 81c4 | b000 0000 

  0x000001f6486fda34: ;   {runtime_call unwind_exception Runtime1 stub}
  0x000001f6486fda34: 5de9 c654 | 2307 f4f4 | f4f4 f4f4 
[Stub Code]
  0x000001f6486fda40: ;   {no_reloc}
  0x000001f6486fda40: 0f1f 4400 

  0x000001f6486fda44: ;   {static_stub}
  0x000001f6486fda44: 0048 bb00 | 0000 0000 

  0x000001f6486fda4c: ;   {runtime_call nmethod}
  0x000001f6486fda4c: 0000 00e9 | fbff ffff 

  0x000001f6486fda54: ;   {static_stub}
  0x000001f6486fda54: 48bb 0000 | 0000 0000 

  0x000001f6486fda5c: ;   {runtime_call nmethod}
  0x000001f6486fda5c: 0000 e9fb 

  0x000001f6486fda60: ;   {static_stub}
  0x000001f6486fda60: ffff ff48 | bb00 0000 | 0000 0000 

  0x000001f6486fda6c: ;   {runtime_call nmethod}
  0x000001f6486fda6c: 00e9 fbff 

  0x000001f6486fda70: ;   {static_stub}
  0x000001f6486fda70: ffff 48bb | 0000 0000 | 0000 0000 

  0x000001f6486fda7c: ;   {runtime_call nmethod}
  0x000001f6486fda7c: e9fb ffff 

  0x000001f6486fda80: ;   {runtime_call handle_exception_from_callee Runtime1 stub}
  0x000001f6486fda80: ffe8 7a27 

  0x000001f6486fda84: ;   {external_word}
  0x000001f6486fda84: 2307 48b9 | 5063 27eb | fa7f 0000 | 4883 e4f0 

  0x000001f6486fda94: ;   {runtime_call}
  0x000001f6486fda94: 48b8 c0c9 | e9ea fa7f | 0000 ffd0 

  0x000001f6486fdaa0: ;   {section_word}
  0x000001f6486fdaa0: f449 baa1 | da6f 48f6 | 0100 0041 

  0x000001f6486fdaac: ;   {runtime_call DeoptimizationBlob}
  0x000001f6486fdaac: 52e9 ee62 | 2107 f4f4 | f4f4 f4f4 
[/MachCode]


Compiled method (c1) 24729 2541   !   3       org.eclipse.osgi.internal.loader.classpath.ClasspathManager::defineClass (636 bytes)
 total in heap  [0x000001f648875f90,0x000001f64887ae48] = 20152
 relocation     [0x000001f6488760f0,0x000001f648876528] = 1080
 main code      [0x000001f648876540,0x000001f648879718] = 12760
 stub code      [0x000001f648879718,0x000001f648879970] = 600
 oops           [0x000001f648879970,0x000001f648879978] = 8
 metadata       [0x000001f648879978,0x000001f6488799c8] = 80
 scopes data    [0x000001f6488799c8,0x000001f64887a268] = 2208
 scopes pcs     [0x000001f64887a268,0x000001f64887a838] = 1488
 dependencies   [0x000001f64887a838,0x000001f64887a850] = 24
 handler table  [0x000001f64887a850,0x000001f64887ad48] = 1272
 nul chk table  [0x000001f64887ad48,0x000001f64887ae48] = 256

[Constant Pool (empty)]

[MachCode]
[Entry Point]
  # {method} {0x000001f65d68e398} 'defineClass' '(Ljava/lang/String;[BLorg/eclipse/osgi/internal/loader/classpath/ClasspathEntry;Lorg/eclipse/osgi/storage/bundlefile/BundleEntry;Ljava/util/List;)Ljava/lang/Class;' in 'org/eclipse/osgi/internal/loader/classpath/ClasspathManager'
  # this:     rdx:rdx   = 'org/eclipse/osgi/internal/loader/classpath/ClasspathManager'
  # parm0:    r8:r8     = 'java/lang/String'
  # parm1:    r9:r9     = '[B'
  # parm2:    rdi:rdi   = 'org/eclipse/osgi/internal/loader/classpath/ClasspathEntry'
  # parm3:    rsi:rsi   = 'org/eclipse/osgi/storage/bundlefile/BundleEntry'
  # parm4:    rcx:rcx   = 'java/util/List'
  #           [sp+0x180]  (sp of caller)
  0x000001f648876540: 448b 5208 | 49bb 0000 | 0000 f601 | 0000 4d03 | d34c 3bd0 

  0x000001f648876554: ;   {runtime_call ic_miss_stub}
  0x000001f648876554: 0f85 267f | 0907 660f | 1f44 0000 
[Verified Entry Point]
  0x000001f648876560: 8984 2400 | 80ff ff55 | 4881 ec70 | 0100 0090 | 4181 7f20 | 0100 0000 

  0x000001f648876578: ;   {runtime_call StubRoutines (final stubs)}
  0x000001f648876578: 7405 e861 | 2408 0748 | 8954 2478 | 4c89 8424 | 8800 0000 | 4c89 8c24 | 8000 0000 | 4889 bc24 
  0x000001f648876598: a000 0000 | 4889 b424 | 9800 0000 | 4889 8c24 | 9000 0000 

  0x000001f6488765ac: ;   {metadata(method data for {method} {0x000001f65d68e398} 'defineClass' '(Ljava/lang/String;[BLorg/eclipse/osgi/internal/loader/classpath/ClasspathEntry;Lorg/eclipse/osgi/storage/bundlefile/BundleEntry;Ljava/util/List;)Ljava/lang/Class;' in 'org/eclipse/osgi/internal/loader/classpath/ClasspathManager')}
  0x000001f6488765ac: 48bb e829 | ac5d f601 | 0000 8b83 | cc00 0000 | 83c0 0289 | 83cc 0000 | 0025 fe07 | 0000 85c0 
  0x000001f6488765cc: 0f84 8c28 | 0000 488b 

  0x000001f6488765d4: ;   {metadata(method data for {method} {0x000001f65d68e398} 'defineClass' '(Ljava/lang/String;[BLorg/eclipse/osgi/internal/loader/classpath/ClasspathEntry;Lorg/eclipse/osgi/storage/bundlefile/BundleEntry;Ljava/util/List;)Ljava/lang/Class;' in 'org/eclipse/osgi/internal/loader/classpath/ClasspathManager')}
  0x000001f6488765d4: da48 b8e8 | 29ac 5df6 | 0100 0048 | 8380 1001 | 0000 0149 | 8bd8 4c8b | c34c 8bcf | 4c8b da49 
  0x000001f6488765f4: ;   {optimized virtual_call}
  0x000001f6488765f4: 8bd3 90e8 

  0x000001f6488765f8: ; ImmutableOopMap {[120]=Oop [128]=Oop [136]=Oop [144]=Oop [152]=Oop [160]=Oop }
                      ;*invokespecial definePackage {reexecute=0 rethrow=0 return_oop=0}
                      ; - org.eclipse.osgi.internal.loader.classpath.ClasspathManager::defineClass@9 (line 733)
  0x000001f6488765f8: 644b 0000 

  0x000001f6488765fc: ;   {other}
  0x000001f6488765fc: 0f1f 8400 | 6c06 0000 | 488b 5424 | 788b 7228 

  0x000001f64887660c: ; implicit exception: dispatches to 0x000001f648878e7f
  0x000001f64887660c: 483b 0648 

  0x000001f648876610: ;   {metadata(method data for {method} {0x000001f65d68e398} 'defineClass' '(Ljava/lang/String;[BLorg/eclipse/osgi/internal/loader/classpath/ClasspathEntry;Lorg/eclipse/osgi/storage/bundlefile/BundleEntry;Ljava/util/List;)Ljava/lang/Class;' in 'org/eclipse/osgi/internal/loader/classpath/ClasspathManager')}
  0x000001f648876610: 8bfe 48bb | e829 ac5d | f601 0000 | 8b7f 0849 | ba00 0000 | 00f6 0100 | 0049 03fa | 483b bb30 
  0x000001f648876630: 0100 0075 | 0d48 8383 | 3801 0000 | 01e9 6000 | 0000 483b | bb40 0100 | 0075 0d48 | 8383 4801 
  0x000001f648876650: 0000 01e9 | 4a00 0000 | 4883 bb30 | 0100 0000 | 7517 4889 | bb30 0100 | 0048 c783 | 3801 0000 
  0x000001f648876670: 0100 0000 | e929 0000 | 0048 83bb | 4001 0000 | 0075 1748 | 89bb 4001 | 0000 48c7 | 8348 0100 
  0x000001f648876690: 0001 0000 | 00e9 0800 | 0000 4883 | 8320 0100 | 0001 488b | d648 b858 | 0912 00f6 

  0x000001f6488766ac: ;   {virtual_call}
  0x000001f6488766ac: 0100 00e8 

  0x000001f6488766b0: ; ImmutableOopMap {[120]=Oop [128]=Oop [136]=Oop [144]=Oop [152]=Oop [160]=Oop }
                      ;*invokevirtual get {reexecute=0 rethrow=0 return_oop=0}
                      ; - org.eclipse.osgi.internal.loader.classpath.ClasspathManager::defineClass@16 (line 734)
  0x000001f6488766b0: 8c8d ebff 

  0x000001f6488766b4: ;   {other}
  0x000001f6488766b4: 0f1f 8400 | 2407 0001 | 4885 c075 

  0x000001f6488766c0: ;   {metadata(method data for {method} {0x000001f65d68e398} 'defineClass' '(Ljava/lang/String;[BLorg/eclipse/osgi/internal/loader/classpath/ClasspathEntry;Lorg/eclipse/osgi/storage/bundlefile/BundleEntry;Ljava/util/List;)Ljava/lang/Class;' in 'org/eclipse/osgi/internal/loader/classpath/ClasspathManager')}
  0x000001f6488766c0: 1648 bfe8 | 29ac 5df6 | 0100 0080 | 8f51 0100 | 0001 e9cc 

  0x000001f6488766d4: ;   {metadata('org/eclipse/osgi/internal/loader/classpath/ClasspathManager$DefineContext')}
  0x000001f6488766d4: 0000 0048 | ba88 3412 | 01f6 0100 | 008b 7008 | 49ba 0000 | 0000 f601 | 0000 4903 | f248 3bd6 
  0x000001f6488766f4: 0f85 8d00 

  0x000001f6488766f8: ;   {metadata(method data for {method} {0x000001f65d68e398} 'defineClass' '(Ljava/lang/String;[BLorg/eclipse/osgi/internal/loader/classpath/ClasspathEntry;Lorg/eclipse/osgi/storage/bundlefile/BundleEntry;Ljava/util/List;)Ljava/lang/Class;' in 'org/eclipse/osgi/internal/loader/classpath/ClasspathManager')}
  0x000001f6488766f8: 0000 48bf | e829 ac5d | f601 0000 | 8b50 0849 | ba00 0000 | 00f6 0100 | 0049 03d2 | 483b 9768 
  0x000001f648876718: 0100 0075 | 0d48 8387 | 7001 0000 | 01e9 7900 | 0000 483b | 9778 0100 | 0075 0d48 | 8387 8001 
  0x000001f648876738: 0000 01e9 | 6300 0000 | 4883 bf68 | 0100 0000 | 7517 4889 | 9768 0100 | 0048 c787 | 7001 0000 
  0x000001f648876758: 0100 0000 | e942 0000 | 0048 83bf | 7801 0000 | 0075 1748 | 8997 7801 | 0000 48c7 | 8780 0100 
  0x000001f648876778: 0001 0000 | 00e9 2100 | 0000 e91c 

  0x000001f648876784: ;   {metadata(method data for {method} {0x000001f65d68e398} 'defineClass' '(Ljava/lang/String;[BLorg/eclipse/osgi/internal/loader/classpath/ClasspathEntry;Lorg/eclipse/osgi/storage/bundlefile/BundleEntry;Ljava/util/List;)Ljava/lang/Class;' in 'org/eclipse/osgi/internal/loader/classpath/ClasspathManager')}
  0x000001f648876784: 0000 0048 | bfe8 29ac | 5df6 0100 | 0048 83af | 5801 0000 | 01e9 e626 | 0000 e900 | 0000 0048 
  0x000001f6488767a4: 8bd0 4885 

  0x000001f6488767a8: ;   {metadata(method data for {method} {0x000001f65d68e398} 'defineClass' '(Ljava/lang/String;[BLorg/eclipse/osgi/internal/loader/classpath/ClasspathEntry;Lorg/eclipse/osgi/storage/bundlefile/BundleEntry;Ljava/util/List;)Ljava/lang/Class;' in 'org/eclipse/osgi/internal/loader/classpath/ClasspathManager')}
  0x000001f6488767a8: d248 bee8 | 29ac 5df6 | 0100 0048 | c7c7 9001 | 0000 7507 | 48c7 c7a0 | 0100 0048 | 8b04 3e48 
  0x000001f6488767c8: 8d40 0148 | 8904 3e0f | 85ff 0200 

  0x000001f6488767d4: ;   {metadata('org/eclipse/osgi/internal/loader/classpath/ClasspathManager$DefineContext')}
  0x000001f6488767d4: 0048 ba88 | 3412 01f6 | 0100 0049 | 8b87 b801 | 0000 488d | 7818 493b | bfc8 0100 | 000f 8796 
  0x000001f6488767f4: 2600 0049 | 89bf b801 | 0000 48c7 | 0001 0000 | 0048 8bca | 49ba 0000 | 0000 f601 | 0000 492b 
  0x000001f648876814: ca89 4808 | 4833 c989 | 480c 4833 | c948 8948 | 1048 8984 | 24b0 0000 | 0048 8bd0 

  0x000001f648876830: ;   {metadata(method data for {method} {0x000001f65d68e398} 'defineClass' '(Ljava/lang/String;[BLorg/eclipse/osgi/internal/loader/classpath/ClasspathEntry;Lorg/eclipse/osgi/storage/bundlefile/BundleEntry;Ljava/util/List;)Ljava/lang/Class;' in 'org/eclipse/osgi/internal/loader/classpath/ClasspathManager')}
  0x000001f648876830: 48be e829 | ac5d f601 | 0000 4883 | 86b0 0100 

  0x000001f648876840: ;   {metadata(method data for {method} {0x000001f65d808530} '<init>' '()V' in 'org/eclipse/osgi/internal/loader/classpath/ClasspathManager$DefineContext')}
  0x000001f648876840: 0001 48ba | 00c0 ad5d | f601 0000 | 8bb2 cc00 | 0000 83c6 | 0289 b2cc | 0000 0081 | e6fe ff1f 
  0x000001f648876860: 0085 f60f | 8431 2600 | 0048 8bd0 

  0x000001f64887686c: ;   {metadata(method data for {method} {0x000001f65d808530} '<init>' '()V' in 'org/eclipse/osgi/internal/loader/classpath/ClasspathManager$DefineContext')}
  0x000001f64887686c: 48be 00c0 | ad5d f601 | 0000 4883 | 8610 0100 

  0x000001f64887687c: ;   {metadata(method data for {method} {0x000001f600474aa8} '<init>' '()V' in 'java/lang/Object')}
  0x000001f64887687c: 0001 48ba | 9067 005d | f601 0000 | 8bb2 cc00 | 0000 83c6 | 0289 b2cc | 0000 0081 | e6fe ff1f 
  0x000001f64887689c: 0085 f60f | 8416 2600 

  0x000001f6488768a4: ;   {metadata('java/util/ArrayList')}
  0x000001f6488768a4: 0048 bad0 | 890b 00f6 | 0100 0049 | 8b87 b801 | 0000 488d | 7818 493b | bfc8 0100 | 000f 8715 
  0x000001f6488768c4: 2600 0049 | 89bf b801 | 0000 48c7 | 0001 0000 | 0048 8bca | 49ba 0000 | 0000 f601 | 0000 492b 
  0x000001f6488768e4: ca89 4808 | 4833 c989 | 480c 4833 | c948 8948 | 104c 8bc0 

  0x000001f6488768f8: ;   {metadata(method data for {method} {0x000001f65d808530} '<init>' '()V' in 'org/eclipse/osgi/internal/loader/classpath/ClasspathManager$DefineContext')}
  0x000001f6488768f8: 48ba 00c0 | ad5d f601 | 0000 4883 | 8220 0100 | 0001 41b8 | 0500 0000 | 488b d048 | 8984 24a8 
  0x000001f648876918: 0000 000f 

  0x000001f64887691c: ;   {optimized virtual_call}
  0x000001f64887691c: 1f40 00e8 

  0x000001f648876920: ; ImmutableOopMap {[120]=Oop [128]=Oop [136]=Oop [144]=Oop [152]=Oop [160]=Oop [168]=Oop [176]=Oop }
                      ;*invokespecial <init> {reexecute=0 rethrow=0 return_oop=0}
                      ; - org.eclipse.osgi.internal.loader.classpath.ClasspathManager$DefineContext::<init>@10 (line 705)
                      ; - org.eclipse.osgi.internal.loader.classpath.ClasspathManager::defineClass@33 (line 736)
  0x000001f648876920: dc27 cdff 

  0x000001f648876924: ;   {other}
  0x000001f648876924: 0f1f 8400 | 9409 0002 | 488b 9424 | a800 0000 | 488b 8424 | b000 0000 | 4c8b d244 | 8950 0c48 
  0x000001f648876944: 8d10 48c1 | ea09 48bb | 0000 7544 | f601 0000 | c604 1a00 

  0x000001f648876958: ;   {metadata('java/util/ArrayList')}
  0x000001f648876958: 48ba d089 | 0b00 f601 | 0000 498b | 87b8 0100 | 0048 8d78 | 1849 3bbf | c801 0000 | 0f87 6f25 
  0x000001f648876978: 0000 4989 | bfb8 0100 | 0048 c700 | 0100 0000 | 488b ca49 | ba00 0000 | 00f6 0100 | 0049 2bca 
  0x000001f648876998: 8948 0848 | 33c9 8948 | 0c48 33c9 | 4889 4810 

  0x000001f6488769a8: ;   {metadata(method data for {method} {0x000001f65d808530} '<init>' '()V' in 'org/eclipse/osgi/internal/loader/classpath/ClasspathManager$DefineContext')}
  0x000001f6488769a8: 4c8b c048 | ba00 c0ad | 5df6 0100 | 0048 8382 | 3001 0000 | 0141 b805 | 0000 0048 | 8bd0 4889 
  0x000001f6488769c8: 9c24 c000 | 0000 4889 | 8424 b800 

  0x000001f6488769d4: ;   {optimized virtual_call}
  0x000001f6488769d4: 0000 90e8 

  0x000001f6488769d8: ; ImmutableOopMap {[120]=Oop [128]=Oop [136]=Oop [144]=Oop [152]=Oop [160]=Oop [176]=Oop [184]=Oop }
                      ;*invokespecial <init> {reexecute=0 rethrow=0 return_oop=0}
                      ; - org.eclipse.osgi.internal.loader.classpath.ClasspathManager$DefineContext::<init>@22 (line 706)
                      ; - org.eclipse.osgi.internal.loader.classpath.ClasspathManager::defineClass@33 (line 736)
  0x000001f6488769d8: 2427 cdff 

  0x000001f6488769dc: ;   {other}
  0x000001f6488769dc: 0f1f 8400 | 4c0a 0003 | 4c8b 8424 | b800 0000 | 488b 8424 | b000 0000 | 4d8b d044 | 8950 104c 
  0x000001f6488769fc: 8d00 49c1 | e809 488b | 9c24 c000 | 0000 41c6 | 0418 0048 | 8b54 2478 | 8b72 2848 | 3b06 4c8b 
  0x000001f648876a1c: ;   {metadata(method data for {method} {0x000001f65d68e398} 'defineClass' '(Ljava/lang/String;[BLorg/eclipse/osgi/internal/loader/classpath/ClasspathEntry;Lorg/eclipse/osgi/storage/bundlefile/BundleEntry;Ljava/util/List;)Ljava/lang/Class;' in 'org/eclipse/osgi/internal/loader/classpath/ClasspathManager')}
  0x000001f648876a1c: c648 bfe8 | 29ac 5df6 | 0100 0045 | 8b40 0849 | ba00 0000 | 00f6 0100 | 004d 03c2 | 4c3b 87d0 
  0x000001f648876a3c: 0100 0075 | 0d48 8387 | d801 0000 | 01e9 6000 | 0000 4c3b | 87e0 0100 | 0075 0d48 | 8387 e801 
  0x000001f648876a5c: 0000 01e9 | 4a00 0000 | 4883 bfd0 | 0100 0000 | 7517 4c89 | 87d0 0100 | 0048 c787 | d801 0000 
  0x000001f648876a7c: 0100 0000 | e929 0000 | 0048 83bf | e001 0000 | 0075 174c | 8987 e001 | 0000 48c7 | 87e8 0100 
  0x000001f648876a9c: 0001 0000 | 00e9 0800 | 0000 4883 | 87c0 0100 | 0001 4c8b | c048 8bd6 | 9048 b858 | 0912 00f6 
  0x000001f648876abc: ;   {virtual_call}
  0x000001f648876abc: 0100 00e8 

  0x000001f648876ac0: ; ImmutableOopMap {[120]=Oop [128]=Oop [136]=Oop [144]=Oop [152]=Oop [160]=Oop [176]=Oop }
                      ;*invokevirtual set {reexecute=0 rethrow=0 return_oop=0}
                      ; - org.eclipse.osgi.internal.loader.classpath.ClasspathManager::defineClass@44 (line 737)
  0x000001f648876ac0: 9cf7 faff 

  0x000001f648876ac4: ;   {other}
  0x000001f648876ac4: 0f1f 8400 | 340b 0004 | 488b 9424 | b000 0000 | 488b 7424 | 7844 8b46 | 1449 3b00 

  0x000001f648876ae0: ;   {metadata(method data for {method} {0x000001f65d68e398} 'defineClass' '(Ljava/lang/String;[BLorg/eclipse/osgi/internal/loader/classpath/ClasspathEntry;Lorg/eclipse/osgi/storage/bundlefile/BundleEntry;Ljava/util/List;)Ljava/lang/Class;' in 'org/eclipse/osgi/internal/loader/classpath/ClasspathManager')}
  0x000001f648876ae0: 498b f848 | bbe8 29ac | 5df6 0100 | 0048 8383 | f801 0000 | 0145 8b40 | 1049 3b00 

  0x000001f648876afc: ;   {metadata(method data for {method} {0x000001f65d68e398} 'defineClass' '(Ljava/lang/String;[BLorg/eclipse/osgi/internal/loader/classpath/ClasspathEntry;Lorg/eclipse/osgi/storage/bundlefile/BundleEntry;Ljava/util/List;)Ljava/lang/Class;' in 'org/eclipse/osgi/internal/loader/classpath/ClasspathManager')}
  0x000001f648876afc: 498b f848 | bbe8 29ac | 5df6 0100 

  0x000001f648876b08: ;   {metadata('org/eclipse/osgi/internal/framework/EquinoxContainer')}
  0x000001f648876b08: 0049 ba00 | b008 01f6 | 0100 004c | 8993 4002 | 0000 4883 | 8348 0200 | 0001 450f | be40 0d41 
  0x000001f648876b28: 83e0 0145 

  0x000001f648876b2c: ;   {metadata(method data for {method} {0x000001f65d68e398} 'defineClass' '(Ljava/lang/String;[BLorg/eclipse/osgi/internal/loader/classpath/ClasspathEntry;Lorg/eclipse/osgi/storage/bundlefile/BundleEntry;Ljava/util/List;)Ljava/lang/Class;' in 'org/eclipse/osgi/internal/loader/classpath/ClasspathManager')}
  0x000001f648876b2c: 85c0 49b8 | e829 ac5d | f601 0000 | 48c7 c778 | 0200 0074 | 0748 c7c7 | 6802 0000 | 498b 1c38 
  0x000001f648876b4c: 488d 5b01 | 4989 1c38 | 0f84 1d00 | 0000 4c8b | 8c24 8000 | 0000 4c89 | 8c24 e800 | 0000 4889 
  0x000001f648876b6c: 9424 c800 | 0000 e9fd | 0700 008b | 7a0c 483b | 074c 8bc7 

  0x000001f648876b80: ;   {metadata(method data for {method} {0x000001f65d68e398} 'defineClass' '(Ljava/lang/String;[BLorg/eclipse/osgi/internal/loader/classpath/ClasspathEntry;Lorg/eclipse/osgi/storage/bundlefile/BundleEntry;Ljava/util/List;)Ljava/lang/Class;' in 'org/eclipse/osgi/internal/loader/classpath/ClasspathManager')}
  0x000001f648876b80: 48bb e829 | ac5d f601 | 0000 458b | 4008 49ba | 0000 0000 | f601 0000 | 4d03 c24c | 3b83 9802 
  0x000001f648876ba0: 0000 750d | 4883 83a0 | 0200 0001 | e960 0000 | 004c 3b83 | a802 0000 | 750d 4883 | 83b0 0200 
  0x000001f648876bc0: 0001 e94a | 0000 0048 | 83bb 9802 | 0000 0075 | 174c 8983 | 9802 0000 | 48c7 83a0 | 0200 0001 
  0x000001f648876be0: 0000 00e9 | 2900 0000 | 4883 bba8 | 0200 0000 | 7517 4c89 | 83a8 0200 | 0048 c783 | b002 0000 
  0x000001f648876c00: 0100 0000 | e908 0000 | 0048 8383 | 8802 0000 | 014c 8b84 | 2488 0000 | 0048 8994 | 24c8 0000 
  0x000001f648876c20: 0048 8bd7 | 9048 b8ff | ffff ffff 

  0x000001f648876c2c: ;   {virtual_call}
  0x000001f648876c2c: ffff ffe8 

  0x000001f648876c30: ; ImmutableOopMap {[120]=Oop [128]=Oop [136]=Oop [144]=Oop [152]=Oop [160]=Oop [200]=Oop }
                      ;*invokeinterface contains {reexecute=0 rethrow=0 return_oop=0}
                      ; - org.eclipse.osgi.internal.loader.classpath.ClasspathManager::defineClass@66 (line 744)
  0x000001f648876c30: 4c7e 0907 

  0x000001f648876c34: ;   {other}
  0x000001f648876c34: 0f1f 8400 | a40c 0005 

  0x000001f648876c3c: ;   {metadata(method data for {method} {0x000001f65d68e398} 'defineClass' '(Ljava/lang/String;[BLorg/eclipse/osgi/internal/loader/classpath/ClasspathEntry;Lorg/eclipse/osgi/storage/bundlefile/BundleEntry;Ljava/util/List;)Ljava/lang/Class;' in 'org/eclipse/osgi/internal/loader/classpath/ClasspathManager')}
  0x000001f648876c3c: 85c0 49b8 | e829 ac5d | f601 0000 | 48c7 c2d0 | 0200 0075 | 0748 c7c2 | c002 0000 | 498b 3410 
  0x000001f648876c5c: 488d 7601 | 4989 3410 | 0f85 5f1a | 0000 488b | 9424 c800 | 0000 8b72 | 0c48 3b06 

  0x000001f648876c78: ;   {metadata(method data for {method} {0x000001f65d68e398} 'defineClass' '(Ljava/lang/String;[BLorg/eclipse/osgi/internal/loader/classpath/ClasspathEntry;Lorg/eclipse/osgi/storage/bundlefile/BundleEntry;Ljava/util/List;)Ljava/lang/Class;' in 'org/eclipse/osgi/internal/loader/classpath/ClasspathManager')}
  0x000001f648876c78: 4c8b c648 | bfe8 29ac | 5df6 0100 | 0045 8b40 | 0849 ba00 | 0000 00f6 | 0100 004d | 03c2 4c3b 
  0x000001f648876c98: 87b8 0400 | 0075 0d48 | 8387 c004 | 0000 01e9 | 6000 0000 | 4c3b 87c8 | 0400 0075 | 0d48 8387 
  0x000001f648876cb8: d004 0000 | 01e9 4a00 | 0000 4883 | bfb8 0400 | 0000 7517 | 4c89 87b8 | 0400 0048 | c787 c004 
  0x000001f648876cd8: 0000 0100 | 0000 e929 | 0000 0048 | 83bf c804 | 0000 0075 | 174c 8987 | c804 0000 | 48c7 87d0 
  0x000001f648876cf8: 0400 0001 | 0000 00e9 | 0800 0000 | 4883 87a8 | 0400 0001 | 4c8b 8424 | 8800 0000 | 4889 9424 
  0x000001f648876d18: c800 0000 | 488b d666 | 0f1f 4400 | 0048 b8ff | ffff ffff 

  0x000001f648876d2c: ;   {virtual_call}
  0x000001f648876d2c: ffff ffe8 

  0x000001f648876d30: ; ImmutableOopMap {[120]=Oop [128]=Oop [136]=Oop [144]=Oop [152]=Oop [160]=Oop [200]=Oop }
                      ;*invokeinterface add {reexecute=0 rethrow=0 return_oop=0}
                      ; - org.eclipse.osgi.internal.loader.classpath.ClasspathManager::defineClass@161 (line 750)
  0x000001f648876d30: 4c7d 0907 

  0x000001f648876d34: ;   {other}
  0x000001f648876d34: 0f1f 8400 | a40d 0006 | 488b 8c24 | 9000 0000 

  0x000001f648876d44: ; implicit exception: dispatches to 0x000001f648878f14
  0x000001f648876d44: 483b 0148 

  0x000001f648876d48: ;   {metadata(method data for {method} {0x000001f65d68e398} 'defineClass' '(Ljava/lang/String;[BLorg/eclipse/osgi/internal/loader/classpath/ClasspathEntry;Lorg/eclipse/osgi/storage/bundlefile/BundleEntry;Ljava/util/List;)Ljava/lang/Class;' in 'org/eclipse/osgi/internal/loader/classpath/ClasspathManager')}
  0x000001f648876d48: 8bd1 48be | e829 ac5d | f601 0000 | 8b52 0849 | ba00 0000 | 00f6 0100 | 0049 03d2 | 483b 96f0 
  0x000001f648876d68: 0400 0075 | 0d48 8386 | f804 0000 | 01e9 6000 | 0000 483b | 9600 0500 | 0075 0d48 | 8386 0805 
  0x000001f648876d88: 0000 01e9 | 4a00 0000 | 4883 bef0 | 0400 0000 | 7517 4889 | 96f0 0400 | 0048 c786 | f804 0000 
  0x000001f648876da8: 0100 0000 | e929 0000 | 0048 83be | 0005 0000 | 0075 1748 | 8996 0005 | 0000 48c7 | 8608 0500 
  0x000001f648876dc8: 0001 0000 | 00e9 0800 | 0000 4883 | 86e0 0400 | 0001 488b | d148 b8ff | ffff ffff 

  0x000001f648876de4: ;   {virtual_call}
  0x000001f648876de4: ffff ffe8 

  0x000001f648876de8: ; ImmutableOopMap {[120]=Oop [128]=Oop [136]=Oop [144]=Oop [152]=Oop [160]=Oop [200]=Oop }
                      ;*invokeinterface iterator {reexecute=0 rethrow=0 return_oop=0}
                      ; - org.eclipse.osgi.internal.loader.classpath.ClasspathManager::defineClass@169 (line 753)
  0x000001f648876de8: 947c 0907 

  0x000001f648876dec: ;   {other}
  0x000001f648876dec: 0f1f 8400 | 5c0e 0007 | 4889 8424 | d000 0000 

  0x000001f648876dfc: ;   {metadata(method data for {method} {0x000001f65d68e398} 'defineClass' '(Ljava/lang/String;[BLorg/eclipse/osgi/internal/loader/classpath/ClasspathEntry;Lorg/eclipse/osgi/storage/bundlefile/BundleEntry;Ljava/util/List;)Ljava/lang/Class;' in 'org/eclipse/osgi/internal/loader/classpath/ClasspathManager')}
  0x000001f648876dfc: 48ba e829 | ac5d f601 | 0000 ff82 | 1805 0000 | 4c8b 8c24 | 8000 0000 | 4c89 8c24 | d800 0000 
  0x000001f648876e1c: e926 0300 | 000f 1f80 | 0000 0000 | 488b 8424 | d000 0000 

  0x000001f648876e30: ;   {metadata(method data for {method} {0x000001f65d68e398} 'defineClass' '(Ljava/lang/String;[BLorg/eclipse/osgi/internal/loader/classpath/ClasspathEntry;Lorg/eclipse/osgi/storage/bundlefile/BundleEntry;Ljava/util/List;)Ljava/lang/Class;' in 'org/eclipse/osgi/internal/loader/classpath/ClasspathManager')}
  0x000001f648876e30: 48ba e829 | ac5d f601 | 0000 8b40 | 0849 ba00 | 0000 00f6 | 0100 0049 | 03c2 483b | 8240 0500 
  0x000001f648876e50: 0075 0d48 | 8382 4805 | 0000 01e9 | 6000 0000 | 483b 8250 | 0500 0075 | 0d48 8382 | 5805 0000 
  0x000001f648876e70: 01e9 4a00 | 0000 4883 | ba40 0500 | 0000 7517 | 4889 8240 | 0500 0048 | c782 4805 | 0000 0100 
  0x000001f648876e90: 0000 e929 | 0000 0048 | 83ba 5005 | 0000 0075 | 1748 8982 | 5005 0000 | 48c7 8258 | 0500 0001 
  0x000001f648876eb0: 0000 00e9 | 0800 0000 | 4883 8230 | 0500 0001 | 488b 9424 | d000 0000 | 0f1f 4400 | 0048 b8ff 
  0x000001f648876ed0: ffff ffff 

  0x000001f648876ed4: ;   {virtual_call}
  0x000001f648876ed4: ffff ffe8 

  0x000001f648876ed8: ; ImmutableOopMap {[120]=Oop [136]=Oop [144]=Oop [152]=Oop [160]=Oop [200]=Oop [208]=Oop [216]=Oop }
                      ;*invokeinterface next {reexecute=0 rethrow=0 return_oop=0}
                      ; - org.eclipse.osgi.internal.loader.classpath.ClasspathManager::defineClass@181 (line 753)
  0x000001f648876ed8: a47b 0907 

  0x000001f648876edc: ;   {other}
  0x000001f648876edc: 0f1f 8400 | 4c0f 0008 | 4885 c075 

  0x000001f648876ee8: ;   {metadata(method data for {method} {0x000001f65d68e398} 'defineClass' '(Ljava/lang/String;[BLorg/eclipse/osgi/internal/loader/classpath/ClasspathEntry;Lorg/eclipse/osgi/storage/bundlefile/BundleEntry;Ljava/util/List;)Ljava/lang/Class;' in 'org/eclipse/osgi/internal/loader/classpath/ClasspathManager')}
  0x000001f648876ee8: 1648 bfe8 | 29ac 5df6 | 0100 0080 | 8f61 0500 | 0001 e9cd 

  0x000001f648876efc: ;   {metadata('org/eclipse/osgi/internal/hookregistry/ClassLoaderHook')}
  0x000001f648876efc: 0000 0048 | bb78 eb08 | 01f6 0100 | 008b 7808 | 49ba 0000 | 0000 f601 | 0000 4903 | fa48 3b5f 
  0x000001f648876f1c: 380f 858d 

  0x000001f648876f20: ;   {metadata(method data for {method} {0x000001f65d68e398} 'defineClass' '(Ljava/lang/String;[BLorg/eclipse/osgi/internal/loader/classpath/ClasspathEntry;Lorg/eclipse/osgi/storage/bundlefile/BundleEntry;Ljava/util/List;)Ljava/lang/Class;' in 'org/eclipse/osgi/internal/loader/classpath/ClasspathManager')}
  0x000001f648876f20: 0000 0048 | bfe8 29ac | 5df6 0100 | 008b 5808 | 49ba 0000 | 0000 f601 | 0000 4903 | da48 3b9f 
  0x000001f648876f40: 7805 0000 | 750d 4883 | 8780 0500 | 0001 e979 | 0000 0048 | 3b9f 8805 | 0000 750d | 4883 8790 
  0x000001f648876f60: 0500 0001 | e963 0000 | 0048 83bf | 7805 0000 | 0075 1748 | 899f 7805 | 0000 48c7 | 8780 0500 
  0x000001f648876f80: 0001 0000 | 00e9 4200 | 0000 4883 | bf88 0500 | 0000 7517 | 4889 9f88 | 0500 0048 | c787 9005 
  0x000001f648876fa0: 0000 0100 | 0000 e921 | 0000 00e9 | 1c00 0000 

  0x000001f648876fb0: ;   {metadata(method data for {method} {0x000001f65d68e398} 'defineClass' '(Ljava/lang/String;[BLorg/eclipse/osgi/internal/loader/classpath/ClasspathEntry;Lorg/eclipse/osgi/storage/bundlefile/BundleEntry;Ljava/util/List;)Ljava/lang/Class;' in 'org/eclipse/osgi/internal/loader/classpath/ClasspathManager')}
  0x000001f648876fb0: 48bf e829 | ac5d f601 | 0000 4883 | af68 0500 | 0001 e952 | 1f00 00e9 | 0000 0000 | 488b f048 
  0x000001f648876fd0: 3b06 488b 

  0x000001f648876fd4: ;   {metadata(method data for {method} {0x000001f65d68e398} 'defineClass' '(Ljava/lang/String;[BLorg/eclipse/osgi/internal/loader/classpath/ClasspathEntry;Lorg/eclipse/osgi/storage/bundlefile/BundleEntry;Ljava/util/List;)Ljava/lang/Class;' in 'org/eclipse/osgi/internal/loader/classpath/ClasspathManager')}
  0x000001f648876fd4: d648 bfe8 | 29ac 5df6 | 0100 008b | 5208 49ba | 0000 0000 | f601 0000 | 4903 d248 | 3b97 b005 
  0x000001f648876ff4: 0000 750d | 4883 87b8 | 0500 0001 | e960 0000 | 0048 3b97 | c005 0000 | 750d 4883 | 87c8 0500 
  0x000001f648877014: 0001 e94a | 0000 0048 | 83bf b005 | 0000 0075 | 1748 8997 | b005 0000 | 48c7 87b8 | 0500 0001 
  0x000001f648877034: 0000 00e9 | 2900 0000 | 4883 bfc0 | 0500 0000 | 7517 4889 | 97c0 0500 | 0048 c787 | c805 0000 
  0x000001f648877054: 0100 0000 | e908 0000 | 0048 8387 | a005 0000 | 0148 8bd6 | 4889 b424 | e000 0000 | 0f1f 4400 
  0x000001f648877074: 0048 b8ff | ffff ffff 

  0x000001f64887707c: ;   {virtual_call}
  0x000001f64887707c: ffff ffe8 

  0x000001f648877080: ; ImmutableOopMap {[120]=Oop [136]=Oop [144]=Oop [152]=Oop [160]=Oop [200]=Oop [208]=Oop [216]=Oop [224]=Oop }
                      ;*invokevirtual isProcessClassRecursionSupported {reexecute=0 rethrow=0 return_oop=0}
                      ; - org.eclipse.osgi.internal.loader.classpath.ClasspathManager::defineClass@193 (line 754)
  0x000001f648877080: fc79 0907 

  0x000001f648877084: ;   {other}
  0x000001f648877084: 0f1f 8400 | f410 0009 

  0x000001f64887708c: ;   {metadata(method data for {method} {0x000001f65d68e398} 'defineClass' '(Ljava/lang/String;[BLorg/eclipse/osgi/internal/loader/classpath/ClasspathEntry;Lorg/eclipse/osgi/storage/bundlefile/BundleEntry;Ljava/util/List;)Ljava/lang/Class;' in 'org/eclipse/osgi/internal/loader/classpath/ClasspathManager')}
  0x000001f64887708c: 85c0 49b8 | e829 ac5d | f601 0000 | 49c7 c1e8 | 0500 0074 | 0749 c7c1 | d805 0000 | 4b8b 3c08 
  0x000001f6488770ac: 488d 7f01 | 4b89 3c08 | 0f84 0d00 | 0000 488b | 8424 d000 | 0000 e980 | 0000 0048 | 8bb4 24e0 
  0x000001f6488770cc: 0000 0048 | 8b8c 2490 | 0000 0048 | 8b54 2478 

  0x000001f6488770dc: ;   {metadata(method data for {method} {0x000001f65d68e398} 'defineClass' '(Ljava/lang/String;[BLorg/eclipse/osgi/internal/loader/classpath/ClasspathEntry;Lorg/eclipse/osgi/storage/bundlefile/BundleEntry;Ljava/util/List;)Ljava/lang/Class;' in 'org/eclipse/osgi/internal/loader/classpath/ClasspathManager')}
  0x000001f6488770dc: 4c8b c249 | b9e8 29ac | 5df6 0100 | 0049 8381 | f805 0000 | 014c 8bc6 | 4c8b 8c24 | 8800 0000 
  0x000001f6488770fc: 488b bc24 | d800 0000 | 488b b424 | a000 0000 | 488b d948 | 8b8c 2498 | 0000 0048 | 8914 2448 
  0x000001f64887711c: 895c 2408 | 488b c248 

  0x000001f648877124: ;   {optimized virtual_call}
  0x000001f648877124: 8bd0 90e8 

  0x000001f648877128: ; ImmutableOopMap {[120]=Oop [136]=Oop [144]=Oop [152]=Oop [160]=Oop [200]=Oop [208]=Oop [216]=Oop }
                      ;*invokespecial processClass {reexecute=0 rethrow=0 return_oop=0}
                      ; - org.eclipse.osgi.internal.loader.classpath.ClasspathManager::defineClass@210 (line 755)
  0x000001f648877128: 5476 0907 

  0x000001f64887712c: ;   {other}
  0x000001f64887712c: 0f1f 8400 | 9c11 000a | 4c8b c84c | 898c 24d8 | 0000 0048 | 8b84 24d0 | 0000 0048 | 3b00 488b 
  0x000001f64887714c: ;   {metadata(method data for {method} {0x000001f65d68e398} 'defineClass' '(Ljava/lang/String;[BLorg/eclipse/osgi/internal/loader/classpath/ClasspathEntry;Lorg/eclipse/osgi/storage/bundlefile/BundleEntry;Ljava/util/List;)Ljava/lang/Class;' in 'org/eclipse/osgi/internal/loader/classpath/ClasspathManager')}
  0x000001f64887714c: d849 bbe8 | 29ac 5df6 | 0100 008b | 5b08 49ba | 0000 0000 | f601 0000 | 4903 da49 | 3b9b 1806 
  0x000001f64887716c: 0000 750d | 4983 8320 | 0600 0001 | e960 0000 | 0049 3b9b | 2806 0000 | 750d 4983 | 8330 0600 
  0x000001f64887718c: 0001 e94a | 0000 0049 | 83bb 1806 | 0000 0075 | 1749 899b | 1806 0000 | 49c7 8320 | 0600 0001 
  0x000001f6488771ac: 0000 00e9 | 2900 0000 | 4983 bb28 | 0600 0000 | 7517 4989 | 9b28 0600 | 0049 c783 | 3006 0000 
  0x000001f6488771cc: 0100 0000 | e908 0000 | 0049 8383 | 0806 0000 | 0148 8bd0 | 0f1f 4400 | 0048 b8ff | ffff ffff 
  0x000001f6488771ec: ;   {virtual_call}
  0x000001f6488771ec: ffff ffe8 

  0x000001f6488771f0: ; ImmutableOopMap {[120]=Oop [136]=Oop [144]=Oop [152]=Oop [160]=Oop [200]=Oop [208]=Oop [216]=Oop }
                      ;*invokeinterface hasNext {reexecute=0 rethrow=0 return_oop=0}
                      ; - org.eclipse.osgi.internal.loader.classpath.ClasspathManager::defineClass@216 (line 753)
  0x000001f6488771f0: 8c78 0907 

  0x000001f6488771f4: ;   {other}
  0x000001f6488771f4: 0f1f 8400 | 6412 000b | 85c0 ba02 | 0000 0075 | 05ba 0000 

  0x000001f648877208: ;   {metadata(method data for {method} {0x000001f65d68e398} 'defineClass' '(Ljava/lang/String;[BLorg/eclipse/osgi/internal/loader/classpath/ClasspathEntry;Lorg/eclipse/osgi/storage/bundlefile/BundleEntry;Ljava/util/List;)Ljava/lang/Class;' in 'org/eclipse/osgi/internal/loader/classpath/ClasspathManager')}
  0x000001f648877208: 0000 48be | e829 ac5d | f601 0000 | 8bbe d000 | 0000 03fa | 89be d000 | 0000 85d2 | 7505 bf02 
  0x000001f648877228: 0000 0081 | e7fe 3f00 | 0085 ff0f | 84f3 1c00 | 004d 8b97 

  0x000001f64887723c: ; ImmutableOopMap {[120]=Oop [136]=Oop [144]=Oop [152]=Oop [160]=Oop [200]=Oop [208]=Oop [216]=Oop }
                      ;*ifne {reexecute=1 rethrow=0 return_oop=0}
                      ; - (reexecute) org.eclipse.osgi.internal.loader.classpath.ClasspathManager::defineClass@221 (line 753)
  0x000001f64887723c: 5804 0000 

  0x000001f648877240: ;   {poll}
  0x000001f648877240: 4185 0285 

  0x000001f648877244: ;   {metadata(method data for {method} {0x000001f65d68e398} 'defineClass' '(Ljava/lang/String;[BLorg/eclipse/osgi/internal/loader/classpath/ClasspathEntry;Lorg/eclipse/osgi/storage/bundlefile/BundleEntry;Ljava/util/List;)Ljava/lang/Class;' in 'org/eclipse/osgi/internal/loader/classpath/ClasspathManager')}
  0x000001f648877244: c048 bae8 | 29ac 5df6 | 0100 0048 | c7c6 4006 | 0000 7507 | 48c7 c650 | 0600 0048 | 8b3c 3248 
  0x000001f648877264: 8d7f 0148 | 893c 320f | 85b7 fbff | ff4c 8b8c | 24d8 0000 

  0x000001f648877278: ;   {metadata(method data for {method} {0x000001f65d68e398} 'defineClass' '(Ljava/lang/String;[BLorg/eclipse/osgi/internal/loader/classpath/ClasspathEntry;Lorg/eclipse/osgi/storage/bundlefile/BundleEntry;Ljava/util/List;)Ljava/lang/Class;' in 'org/eclipse/osgi/internal/loader/classpath/ClasspathManager')}
  0x000001f648877278: 0049 b8e8 | 29ac 5df6 | 0100 0041 | ff80 6006 | 0000 4c89 | 8c24 d800 | 0000 488b | 9424 c800 
  0x000001f648877298: 0000 8b72 | 0c48 3b06 

  0x000001f6488772a0: ;   {metadata(method data for {method} {0x000001f65d68e398} 'defineClass' '(Ljava/lang/String;[BLorg/eclipse/osgi/internal/loader/classpath/ClasspathEntry;Lorg/eclipse/osgi/storage/bundlefile/BundleEntry;Ljava/util/List;)Ljava/lang/Class;' in 'org/eclipse/osgi/internal/loader/classpath/ClasspathManager')}
  0x000001f6488772a0: 4c8b c648 | bfe8 29ac | 5df6 0100 | 0045 8b40 | 0849 ba00 | 0000 00f6 | 0100 004d | 03c2 4c3b 
  0x000001f6488772c0: 87c0 0600 | 0075 0d48 | 8387 c806 | 0000 01e9 | 6000 0000 | 4c3b 87d0 | 0600 0075 | 0d48 8387 
  0x000001f6488772e0: d806 0000 | 01e9 4a00 | 0000 4883 | bfc0 0600 | 0000 7517 | 4c89 87c0 | 0600 0048 | c787 c806 
  0x000001f648877300: 0000 0100 | 0000 e929 | 0000 0048 | 83bf d006 | 0000 0075 | 174c 8987 | d006 0000 | 48c7 87d8 
  0x000001f648877320: 0600 0001 | 0000 00e9 | 0800 0000 | 4883 87b0 | 0600 0001 | 4c8b 8424 | 8800 0000 | 4889 9424 
  0x000001f648877340: c800 0000 | 488b d666 | 0f1f 4400 | 0048 b8ff | ffff ffff 

  0x000001f648877354: ;   {virtual_call}
  0x000001f648877354: ffff ffe8 

  0x000001f648877358: ; ImmutableOopMap {[120]=Oop [136]=Oop [144]=Oop [152]=Oop [160]=Oop [200]=Oop [216]=Oop }
                      ;*invokeinterface remove {reexecute=0 rethrow=0 return_oop=0}
                      ; - org.eclipse.osgi.internal.loader.classpath.ClasspathManager::defineClass@250 (line 759)
  0x000001f648877358: 2477 0907 

  0x000001f64887735c: ;   {other}
  0x000001f64887735c: 0f1f 8400 | cc13 000d | 4c8b 8c24 | d800 0000 | 4c89 8c24 | e800 0000 | 488b 8c24 | 9000 0000 
  0x000001f64887737c: ; implicit exception: dispatches to 0x000001f648878f52
  0x000001f64887737c: 483b 0148 

  0x000001f648877380: ;   {metadata(method data for {method} {0x000001f65d68e398} 'defineClass' '(Ljava/lang/String;[BLorg/eclipse/osgi/internal/loader/classpath/ClasspathEntry;Lorg/eclipse/osgi/storage/bundlefile/BundleEntry;Ljava/util/List;)Ljava/lang/Class;' in 'org/eclipse/osgi/internal/loader/classpath/ClasspathManager')}
  0x000001f648877380: 8bd1 48be | e829 ac5d | f601 0000 | 8b52 0849 | ba00 0000 | 00f6 0100 | 0049 03d2 | 483b 96f8 
  0x000001f6488773a0: 0600 0075 | 0d48 8386 | 0007 0000 | 01e9 6000 | 0000 483b | 9608 0700 | 0075 0d48 | 8386 1007 
  0x000001f6488773c0: 0000 01e9 | 4a00 0000 | 4883 bef8 | 0600 0000 | 7517 4889 | 96f8 0600 | 0048 c786 | 0007 0000 
  0x000001f6488773e0: 0100 0000 | e929 0000 | 0048 83be | 0807 0000 | 0075 1748 | 8996 0807 | 0000 48c7 | 8610 0700 
  0x000001f648877400: 0001 0000 | 00e9 0800 | 0000 4883 | 86e8 0600 | 0001 488b | d148 b8e8 | a51c 00f6 

  0x000001f64887741c: ;   {virtual_call}
  0x000001f64887741c: 0100 00e8 

  0x000001f648877420: ; ImmutableOopMap {[120]=Oop [136]=Oop [144]=Oop [152]=Oop [160]=Oop [200]=Oop [232]=Oop }
                      ;*invokeinterface iterator {reexecute=0 rethrow=0 return_oop=0}
                      ; - org.eclipse.osgi.internal.loader.classpath.ClasspathManager::defineClass@258 (line 764)
  0x000001f648877420: fc3e 7007 

  0x000001f648877424: ;   {other}
  0x000001f648877424: 0f1f 8400 | 9414 000e | 4889 8424 | f000 0000 

  0x000001f648877434: ;   {metadata(method data for {method} {0x000001f65d68e398} 'defineClass' '(Ljava/lang/String;[BLorg/eclipse/osgi/internal/loader/classpath/ClasspathEntry;Lorg/eclipse/osgi/storage/bundlefile/BundleEntry;Ljava/util/List;)Ljava/lang/Class;' in 'org/eclipse/osgi/internal/loader/classpath/ClasspathManager')}
  0x000001f648877434: 48ba e829 | ac5d f601 | 0000 ff82 | 2007 0000 | 4c8b 8c24 | e800 0000 | 4c89 8c24 | f800 0000 
  0x000001f648877454: e926 0300 | 000f 1f80 | 0000 0000 | 488b 8424 | f000 0000 

  0x000001f648877468: ;   {metadata(method data for {method} {0x000001f65d68e398} 'defineClass' '(Ljava/lang/String;[BLorg/eclipse/osgi/internal/loader/classpath/ClasspathEntry;Lorg/eclipse/osgi/storage/bundlefile/BundleEntry;Ljava/util/List;)Ljava/lang/Class;' in 'org/eclipse/osgi/internal/loader/classpath/ClasspathManager')}
  0x000001f648877468: 48ba e829 | ac5d f601 | 0000 8b40 | 0849 ba00 | 0000 00f6 | 0100 0049 | 03c2 483b | 8248 0700 
  0x000001f648877488: 0075 0d48 | 8382 5007 | 0000 01e9 | 6000 0000 | 483b 8258 | 0700 0075 | 0d48 8382 | 6007 0000 
  0x000001f6488774a8: 01e9 4a00 | 0000 4883 | ba48 0700 | 0000 7517 | 4889 8248 | 0700 0048 | c782 5007 | 0000 0100 
  0x000001f6488774c8: 0000 e929 | 0000 0048 | 83ba 5807 | 0000 0075 | 1748 8982 | 5807 0000 | 48c7 8260 | 0700 0001 
  0x000001f6488774e8: 0000 00e9 | 0800 0000 | 4883 8238 | 0700 0001 | 488b 9424 | f000 0000 | 0f1f 4400 | 0048 b830 
  0x000001f648877508: 761d 00f6 

  0x000001f64887750c: ;   {virtual_call}
  0x000001f64887750c: 0100 00e8 

  0x000001f648877510: ; ImmutableOopMap {[120]=Oop [136]=Oop [144]=Oop [152]=Oop [160]=Oop [200]=Oop [240]=Oop [248]=Oop }
                      ;*invokeinterface next {reexecute=0 rethrow=0 return_oop=0}
                      ; - org.eclipse.osgi.internal.loader.classpath.ClasspathManager::defineClass@270 (line 764)
  0x000001f648877510: acd1 6807 

  0x000001f648877514: ;   {other}
  0x000001f648877514: 0f1f 8400 | 8415 000f | 4885 c075 

  0x000001f648877520: ;   {metadata(method data for {method} {0x000001f65d68e398} 'defineClass' '(Ljava/lang/String;[BLorg/eclipse/osgi/internal/loader/classpath/ClasspathEntry;Lorg/eclipse/osgi/storage/bundlefile/BundleEntry;Ljava/util/List;)Ljava/lang/Class;' in 'org/eclipse/osgi/internal/loader/classpath/ClasspathManager')}
  0x000001f648877520: 1648 bfe8 | 29ac 5df6 | 0100 0080 | 8f69 0700 | 0001 e9cd 

  0x000001f648877534: ;   {metadata('org/eclipse/osgi/internal/hookregistry/ClassLoaderHook')}
  0x000001f648877534: 0000 0048 | bb78 eb08 | 01f6 0100 | 008b 7808 | 49ba 0000 | 0000 f601 | 0000 4903 | fa48 3b5f 
  0x000001f648877554: 380f 858d 

  0x000001f648877558: ;   {metadata(method data for {method} {0x000001f65d68e398} 'defineClass' '(Ljava/lang/String;[BLorg/eclipse/osgi/internal/loader/classpath/ClasspathEntry;Lorg/eclipse/osgi/storage/bundlefile/BundleEntry;Ljava/util/List;)Ljava/lang/Class;' in 'org/eclipse/osgi/internal/loader/classpath/ClasspathManager')}
  0x000001f648877558: 0000 0048 | bfe8 29ac | 5df6 0100 | 008b 5808 | 49ba 0000 | 0000 f601 | 0000 4903 | da48 3b9f 
  0x000001f648877578: 8007 0000 | 750d 4883 | 8788 0700 | 0001 e979 | 0000 0048 | 3b9f 9007 | 0000 750d | 4883 8798 
  0x000001f648877598: 0700 0001 | e963 0000 | 0048 83bf | 8007 0000 | 0075 1748 | 899f 8007 | 0000 48c7 | 8788 0700 
  0x000001f6488775b8: 0001 0000 | 00e9 4200 | 0000 4883 | bf90 0700 | 0000 7517 | 4889 9f90 | 0700 0048 | c787 9807 
  0x000001f6488775d8: 0000 0100 | 0000 e921 | 0000 00e9 | 1c00 0000 

  0x000001f6488775e8: ;   {metadata(method data for {method} {0x000001f65d68e398} 'defineClass' '(Ljava/lang/String;[BLorg/eclipse/osgi/internal/loader/classpath/ClasspathEntry;Lorg/eclipse/osgi/storage/bundlefile/BundleEntry;Ljava/util/List;)Ljava/lang/Class;' in 'org/eclipse/osgi/internal/loader/classpath/ClasspathManager')}
  0x000001f6488775e8: 48bf e829 | ac5d f601 | 0000 4883 | af70 0700 | 0001 e958 | 1900 00e9 | 0000 0000 | 488b f048 
  0x000001f648877608: 3b06 488b 

  0x000001f64887760c: ;   {metadata(method data for {method} {0x000001f65d68e398} 'defineClass' '(Ljava/lang/String;[BLorg/eclipse/osgi/internal/loader/classpath/ClasspathEntry;Lorg/eclipse/osgi/storage/bundlefile/BundleEntry;Ljava/util/List;)Ljava/lang/Class;' in 'org/eclipse/osgi/internal/loader/classpath/ClasspathManager')}
  0x000001f64887760c: d648 bfe8 | 29ac 5df6 | 0100 008b | 5208 49ba | 0000 0000 | f601 0000 | 4903 d248 | 3b97 b807 
  0x000001f64887762c: 0000 750d | 4883 87c0 | 0700 0001 | e960 0000 | 0048 3b97 | c807 0000 | 750d 4883 | 87d0 0700 
  0x000001f64887764c: 0001 e94a | 0000 0048 | 83bf b807 | 0000 0075 | 1748 8997 | b807 0000 | 48c7 87c0 | 0700 0001 
  0x000001f64887766c: 0000 00e9 | 2900 0000 | 4883 bfc8 | 0700 0000 | 7517 4889 | 97c8 0700 | 0048 c787 | d007 0000 
  0x000001f64887768c: 0100 0000 | e908 0000 | 0048 8387 | a807 0000 | 0148 8bd6 | 4889 b424 | 0001 0000 | 0f1f 4400 
  0x000001f6488776ac: 0048 b8ff | ffff ffff 

  0x000001f6488776b4: ;   {virtual_call}
  0x000001f6488776b4: ffff ffe8 

  0x000001f6488776b8: ; ImmutableOopMap {[120]=Oop [136]=Oop [144]=Oop [152]=Oop [160]=Oop [200]=Oop [240]=Oop [248]=Oop [256]=Oop }
                      ;*invokevirtual isProcessClassRecursionSupported {reexecute=0 rethrow=0 return_oop=0}
                      ; - org.eclipse.osgi.internal.loader.classpath.ClasspathManager::defineClass@282 (line 765)
  0x000001f6488776b8: 942d 1507 

  0x000001f6488776bc: ;   {other}
  0x000001f6488776bc: 0f1f 8400 | 2c17 0010 

  0x000001f6488776c4: ;   {metadata(method data for {method} {0x000001f65d68e398} 'defineClass' '(Ljava/lang/String;[BLorg/eclipse/osgi/internal/loader/classpath/ClasspathEntry;Lorg/eclipse/osgi/storage/bundlefile/BundleEntry;Ljava/util/List;)Ljava/lang/Class;' in 'org/eclipse/osgi/internal/loader/classpath/ClasspathManager')}
  0x000001f6488776c4: 85c0 49b8 | e829 ac5d | f601 0000 | 49c7 c1f0 | 0700 0075 | 0749 c7c1 | e007 0000 | 4b8b 3c08 
  0x000001f6488776e4: 488d 7f01 | 4b89 3c08 | 0f85 0d00 | 0000 488b | 8424 f000 | 0000 e980 | 0000 0048 | 8bb4 2400 
  0x000001f648877704: 0100 0048 | 8b8c 2490 | 0000 0048 | 8b54 2478 

  0x000001f648877714: ;   {metadata(method data for {method} {0x000001f65d68e398} 'defineClass' '(Ljava/lang/String;[BLorg/eclipse/osgi/internal/loader/classpath/ClasspathEntry;Lorg/eclipse/osgi/storage/bundlefile/BundleEntry;Ljava/util/List;)Ljava/lang/Class;' in 'org/eclipse/osgi/internal/loader/classpath/ClasspathManager')}
  0x000001f648877714: 4c8b c249 | b9e8 29ac | 5df6 0100 | 0049 8381 | 0008 0000 | 014c 8bc6 | 4c8b 8c24 | 8800 0000 
  0x000001f648877734: 488b bc24 | f800 0000 | 488b b424 | a000 0000 | 488b d948 | 8b8c 2498 | 0000 0048 | 8914 2448 
  0x000001f648877754: 895c 2408 | 488b c248 

  0x000001f64887775c: ;   {optimized virtual_call}
  0x000001f64887775c: 8bd0 90e8 

  0x000001f648877760: ; ImmutableOopMap {[120]=Oop [136]=Oop [144]=Oop [152]=Oop [160]=Oop [200]=Oop [240]=Oop [248]=Oop }
                      ;*invokespecial processClass {reexecute=0 rethrow=0 return_oop=0}
                      ; - org.eclipse.osgi.internal.loader.classpath.ClasspathManager::defineClass@299 (line 769)
  0x000001f648877760: 5cfc fbff 

  0x000001f648877764: ;   {other}
  0x000001f648877764: 0f1f 8400 | d417 0011 | 4c8b c84c | 898c 24f8 | 0000 0048 | 8b84 24f0 | 0000 0048 | 3b00 488b 
  0x000001f648877784: ;   {metadata(method data for {method} {0x000001f65d68e398} 'defineClass' '(Ljava/lang/String;[BLorg/eclipse/osgi/internal/loader/classpath/ClasspathEntry;Lorg/eclipse/osgi/storage/bundlefile/BundleEntry;Ljava/util/List;)Ljava/lang/Class;' in 'org/eclipse/osgi/internal/loader/classpath/ClasspathManager')}
  0x000001f648877784: f048 bfe8 | 29ac 5df6 | 0100 008b | 7608 49ba | 0000 0000 | f601 0000 | 4903 f248 | 3bb7 2008 
  0x000001f6488777a4: 0000 750d | 4883 8728 | 0800 0001 | e960 0000 | 0048 3bb7 | 3008 0000 | 750d 4883 | 8738 0800 
  0x000001f6488777c4: 0001 e94a | 0000 0048 | 83bf 2008 | 0000 0075 | 1748 89b7 | 2008 0000 | 48c7 8728 | 0800 0001 
  0x000001f6488777e4: 0000 00e9 | 2900 0000 | 4883 bf30 | 0800 0000 | 7517 4889 | b730 0800 | 0048 c787 | 3808 0000 
  0x000001f648877804: 0100 0000 | e908 0000 | 0048 8387 | 1008 0000 | 0148 8bd0 | 0f1f 4400 | 0048 b830 | 761d 00f6 
  0x000001f648877824: ;   {virtual_call}
  0x000001f648877824: 0100 00e8 

  0x000001f648877828: ; ImmutableOopMap {[120]=Oop [136]=Oop [144]=Oop [152]=Oop [160]=Oop [200]=Oop [240]=Oop [248]=Oop }
                      ;*invokeinterface hasNext {reexecute=0 rethrow=0 return_oop=0}
                      ; - org.eclipse.osgi.internal.loader.classpath.ClasspathManager::defineClass@305 (line 764)
  0x000001f648877828: f4c3 6107 

  0x000001f64887782c: ;   {other}
  0x000001f64887782c: 0f1f 8400 | 9c18 0012 | 85c0 ba02 | 0000 0075 | 05ba 0000 

  0x000001f648877840: ;   {metadata(method data for {method} {0x000001f65d68e398} 'defineClass' '(Ljava/lang/String;[BLorg/eclipse/osgi/internal/loader/classpath/ClasspathEntry;Lorg/eclipse/osgi/storage/bundlefile/BundleEntry;Ljava/util/List;)Ljava/lang/Class;' in 'org/eclipse/osgi/internal/loader/classpath/ClasspathManager')}
  0x000001f648877840: 0000 48be | e829 ac5d | f601 0000 | 8bbe d000 | 0000 03fa | 89be d000 | 0000 85d2 | 7505 bf02 
  0x000001f648877860: 0000 0081 | e7fe 3f00 | 0085 ff0f | 84f9 1600 | 004d 8b97 

  0x000001f648877874: ; ImmutableOopMap {[120]=Oop [136]=Oop [144]=Oop [152]=Oop [160]=Oop [200]=Oop [240]=Oop [248]=Oop }
                      ;*ifne {reexecute=1 rethrow=0 return_oop=0}
                      ; - (reexecute) org.eclipse.osgi.internal.loader.classpath.ClasspathManager::defineClass@310 (line 764)
  0x000001f648877874: 5804 0000 

  0x000001f648877878: ;   {poll}
  0x000001f648877878: 4185 0285 

  0x000001f64887787c: ;   {metadata(method data for {method} {0x000001f65d68e398} 'defineClass' '(Ljava/lang/String;[BLorg/eclipse/osgi/internal/loader/classpath/ClasspathEntry;Lorg/eclipse/osgi/storage/bundlefile/BundleEntry;Ljava/util/List;)Ljava/lang/Class;' in 'org/eclipse/osgi/internal/loader/classpath/ClasspathManager')}
  0x000001f64887787c: c048 bae8 | 29ac 5df6 | 0100 0048 | c7c6 4808 | 0000 7507 | 48c7 c658 | 0800 0048 | 8b3c 3248 
  0x000001f64887789c: 8d7f 0148 | 893c 320f | 85b7 fbff | ff48 8b94 | 24c8 0000 | 008b 7210 

  0x000001f6488778b4: ; implicit exception: dispatches to 0x000001f648878f90
  0x000001f6488778b4: 483b 064c 

  0x000001f6488778b8: ;   {metadata(method data for {method} {0x000001f65d68e398} 'defineClass' '(Ljava/lang/String;[BLorg/eclipse/osgi/internal/loader/classpath/ClasspathEntry;Lorg/eclipse/osgi/storage/bundlefile/BundleEntry;Ljava/util/List;)Ljava/lang/Class;' in 'org/eclipse/osgi/internal/loader/classpath/ClasspathManager')}
  0x000001f6488778b8: 8bc6 48bf | e829 ac5d | f601 0000 | 458b 4008 | 49ba 0000 | 0000 f601 | 0000 4d03 | c24c 3b87 
  0x000001f6488778d8: 7808 0000 | 750d 4883 | 8780 0800 | 0001 e960 | 0000 004c | 3b87 8808 | 0000 750d | 4883 8790 
  0x000001f6488778f8: 0800 0001 | e94a 0000 | 0048 83bf | 7808 0000 | 0075 174c | 8987 7808 | 0000 48c7 | 8780 0800 
  0x000001f648877918: 0001 0000 | 00e9 2900 | 0000 4883 | bf88 0800 | 0000 7517 | 4c89 8788 | 0800 0048 | c787 9008 
  0x000001f648877938: 0000 0100 | 0000 e908 | 0000 0048 | 8387 6808 | 0000 014c | 8b84 2488 | 0000 0048 | 8994 24c8 
  0x000001f648877958: 0000 0048 | 8bd6 0f1f | 8000 0000 | 0048 b8d0 | 890b 00f6 

  0x000001f64887796c: ;   {virtual_call}
  0x000001f64887796c: 0100 00e8 

  0x000001f648877970: ; ImmutableOopMap {[120]=Oop [136]=Oop [144]=Oop [152]=Oop [160]=Oop [200]=Oop [248]=Oop }
                      ;*invokeinterface contains {reexecute=0 rethrow=0 return_oop=0}
                      ; - org.eclipse.osgi.internal.loader.classpath.ClasspathManager::defineClass@319 (line 773)
  0x000001f648877970: 4c7f e3ff 

  0x000001f648877974: ;   {other}
  0x000001f648877974: 0f1f 8400 | e419 0014 

  0x000001f64887797c: ;   {metadata(method data for {method} {0x000001f65d68e398} 'defineClass' '(Ljava/lang/String;[BLorg/eclipse/osgi/internal/loader/classpath/ClasspathEntry;Lorg/eclipse/osgi/storage/bundlefile/BundleEntry;Ljava/util/List;)Ljava/lang/Class;' in 'org/eclipse/osgi/internal/loader/classpath/ClasspathManager')}
  0x000001f64887797c: 85c0 48ba | e829 ac5d | f601 0000 | 48c7 c6a0 | 0800 0074 | 0748 c7c6 | b008 0000 | 488b 3c32 
  0x000001f64887799c: 488d 7f01 | 4889 3c32 | 0f84 bc04 

  0x000001f6488779a8: ;   {metadata(method data for {method} {0x000001f65d68e398} 'defineClass' '(Ljava/lang/String;[BLorg/eclipse/osgi/internal/loader/classpath/ClasspathEntry;Lorg/eclipse/osgi/storage/bundlefile/BundleEntry;Ljava/util/List;)Ljava/lang/Class;' in 'org/eclipse/osgi/internal/loader/classpath/ClasspathManager')}
  0x000001f6488779a8: 0000 48ba | e829 ac5d | f601 0000 | ff82 d008 

  0x000001f6488779b8: ;   {metadata(method data for {method} {0x000001f65d68e398} 'defineClass' '(Ljava/lang/String;[BLorg/eclipse/osgi/internal/loader/classpath/ClasspathEntry;Lorg/eclipse/osgi/storage/bundlefile/BundleEntry;Ljava/util/List;)Ljava/lang/Class;' in 'org/eclipse/osgi/internal/loader/classpath/ClasspathManager')}
  0x000001f6488779b8: 0000 48ba | e829 ac5d | f601 0000 | ff82 e008 | 0000 488b | 8c24 9000 

  0x000001f6488779d0: ;   {metadata(method data for {method} {0x000001f65d68e398} 'defineClass' '(Ljava/lang/String;[BLorg/eclipse/osgi/internal/loader/classpath/ClasspathEntry;Lorg/eclipse/osgi/storage/bundlefile/BundleEntry;Ljava/util/List;)Ljava/lang/Class;' in 'org/eclipse/osgi/internal/loader/classpath/ClasspathManager')}
  0x000001f6488779d0: 0000 48ba | e829 ac5d | f601 0000 | 8b49 0849 | ba00 0000 | 00f6 0100 | 0049 03ca | 483b 8a48 
  0x000001f6488779f0: 0900 0075 | 0d48 8382 | 5009 0000 | 01e9 6000 | 0000 483b | 8a58 0900 | 0075 0d48 | 8382 6009 
  0x000001f648877a10: 0000 01e9 | 4a00 0000 | 4883 ba48 | 0900 0000 | 7517 4889 | 8a48 0900 | 0048 c782 | 5009 0000 
  0x000001f648877a30: 0100 0000 | e929 0000 | 0048 83ba | 5809 0000 | 0075 1748 | 898a 5809 | 0000 48c7 | 8260 0900 
  0x000001f648877a50: 0001 0000 | 00e9 0800 | 0000 4883 | 8238 0900 | 0001 488b | 9424 9000 | 0000 6666 | 9048 b8ff 
  0x000001f648877a70: ffff ffff 

  0x000001f648877a74: ;   {virtual_call}
  0x000001f648877a74: ffff ffe8 

  0x000001f648877a78: ; ImmutableOopMap {[120]=Oop [136]=Oop [152]=Oop [160]=Oop [248]=Oop }
                      ;*invokeinterface iterator {reexecute=0 rethrow=0 return_oop=0}
                      ; - org.eclipse.osgi.internal.loader.classpath.ClasspathManager::defineClass@358 (line 788)
  0x000001f648877a78: 0470 0907 

  0x000001f648877a7c: ;   {other}
  0x000001f648877a7c: 0f1f 8400 | ec1a 0015 | 4889 8424 | 0801 0000 

  0x000001f648877a8c: ;   {metadata(method data for {method} {0x000001f65d68e398} 'defineClass' '(Ljava/lang/String;[BLorg/eclipse/osgi/internal/loader/classpath/ClasspathEntry;Lorg/eclipse/osgi/storage/bundlefile/BundleEntry;Ljava/util/List;)Ljava/lang/Class;' in 'org/eclipse/osgi/internal/loader/classpath/ClasspathManager')}
  0x000001f648877a8c: 48ba e829 | ac5d f601 | 0000 ff82 | 7009 0000 | e99b 0200 | 000f 1f80 | 0000 0000 | 488b 8424 
  0x000001f648877aac: 0801 0000 

  0x000001f648877ab0: ;   {metadata(method data for {method} {0x000001f65d68e398} 'defineClass' '(Ljava/lang/String;[BLorg/eclipse/osgi/internal/loader/classpath/ClasspathEntry;Lorg/eclipse/osgi/storage/bundlefile/BundleEntry;Ljava/util/List;)Ljava/lang/Class;' in 'org/eclipse/osgi/internal/loader/classpath/ClasspathManager')}
  0x000001f648877ab0: 48be e829 | ac5d f601 | 0000 8b40 | 0849 ba00 | 0000 00f6 | 0100 0049 | 03c2 483b | 8698 0900 
  0x000001f648877ad0: 0075 0d48 | 8386 a009 | 0000 01e9 | 6000 0000 | 483b 86a8 | 0900 0075 | 0d48 8386 | b009 0000 
  0x000001f648877af0: 01e9 4a00 | 0000 4883 | be98 0900 | 0000 7517 | 4889 8698 | 0900 0048 | c786 a009 | 0000 0100 
  0x000001f648877b10: 0000 e929 | 0000 0048 | 83be a809 | 0000 0075 | 1748 8986 | a809 0000 | 48c7 86b0 | 0900 0001 
  0x000001f648877b30: 0000 00e9 | 0800 0000 | 4883 8688 | 0900 0001 | 488b 9424 | 0801 0000 | 0f1f 4400 | 0048 b8ff 
  0x000001f648877b50: ffff ffff 

  0x000001f648877b54: ;   {virtual_call}
  0x000001f648877b54: ffff ffe8 

  0x000001f648877b58: ; ImmutableOopMap {[120]=Oop [136]=Oop [152]=Oop [160]=Oop [248]=Oop [264]=Oop }
                      ;*invokeinterface next {reexecute=0 rethrow=0 return_oop=0}
                      ; - org.eclipse.osgi.internal.loader.classpath.ClasspathManager::defineClass@370 (line 788)
  0x000001f648877b58: 246f 0907 

  0x000001f648877b5c: ;   {other}
  0x000001f648877b5c: 0f1f 8400 | cc1b 0016 | 4885 c075 

  0x000001f648877b68: ;   {metadata(method data for {method} {0x000001f65d68e398} 'defineClass' '(Ljava/lang/String;[BLorg/eclipse/osgi/internal/loader/classpath/ClasspathEntry;Lorg/eclipse/osgi/storage/bundlefile/BundleEntry;Ljava/util/List;)Ljava/lang/Class;' in 'org/eclipse/osgi/internal/loader/classpath/ClasspathManager')}
  0x000001f648877b68: 1749 b9e8 | 29ac 5df6 | 0100 0041 | 8089 b909 | 0000 01e9 | ce00 0000 

  0x000001f648877b80: ;   {metadata('org/eclipse/osgi/internal/hookregistry/ClassLoaderHook')}
  0x000001f648877b80: 48bf 78eb | 0801 f601 | 0000 448b | 4808 49ba | 0000 0000 | f601 0000 | 4d03 ca49 | 3b79 380f 
  0x000001f648877ba0: 858d 0000 

  0x000001f648877ba4: ;   {metadata(method data for {method} {0x000001f65d68e398} 'defineClass' '(Ljava/lang/String;[BLorg/eclipse/osgi/internal/loader/classpath/ClasspathEntry;Lorg/eclipse/osgi/storage/bundlefile/BundleEntry;Ljava/util/List;)Ljava/lang/Class;' in 'org/eclipse/osgi/internal/loader/classpath/ClasspathManager')}
  0x000001f648877ba4: 0049 b9e8 | 29ac 5df6 | 0100 008b | 7808 49ba | 0000 0000 | f601 0000 | 4903 fa49 | 3bb9 d009 
  0x000001f648877bc4: 0000 750d | 4983 81d8 | 0900 0001 | e979 0000 | 0049 3bb9 | e009 0000 | 750d 4983 | 81e8 0900 
  0x000001f648877be4: 0001 e963 | 0000 0049 | 83b9 d009 | 0000 0075 | 1749 89b9 | d009 0000 | 49c7 81d8 | 0900 0001 
  0x000001f648877c04: 0000 00e9 | 4200 0000 | 4983 b9e0 | 0900 0000 | 7517 4989 | b9e0 0900 | 0049 c781 | e809 0000 
  0x000001f648877c24: 0100 0000 | e921 0000 | 00e9 1c00 

  0x000001f648877c30: ;   {metadata(method data for {method} {0x000001f65d68e398} 'defineClass' '(Ljava/lang/String;[BLorg/eclipse/osgi/internal/loader/classpath/ClasspathEntry;Lorg/eclipse/osgi/storage/bundlefile/BundleEntry;Ljava/util/List;)Ljava/lang/Class;' in 'org/eclipse/osgi/internal/loader/classpath/ClasspathManager')}
  0x000001f648877c30: 0000 49b9 | e829 ac5d | f601 0000 | 4983 a9c0 | 0900 0001 | e94c 1300 | 00e9 0000 | 0000 488b 
  0x000001f648877c50: d048 3b02 

  0x000001f648877c54: ;   {metadata(method data for {method} {0x000001f65d68e398} 'defineClass' '(Ljava/lang/String;[BLorg/eclipse/osgi/internal/loader/classpath/ClasspathEntry;Lorg/eclipse/osgi/storage/bundlefile/BundleEntry;Ljava/util/List;)Ljava/lang/Class;' in 'org/eclipse/osgi/internal/loader/classpath/ClasspathManager')}
  0x000001f648877c54: 4c8b c249 | b9e8 29ac | 5df6 0100 | 0045 8b40 | 0849 ba00 | 0000 00f6 | 0100 004d | 03c2 4d3b 
  0x000001f648877c74: 8108 0a00 | 0075 0d49 | 8381 100a | 0000 01e9 | 6000 0000 | 4d3b 8118 | 0a00 0075 | 0d49 8381 
  0x000001f648877c94: 200a 0000 | 01e9 4a00 | 0000 4983 | b908 0a00 | 0000 7517 | 4d89 8108 | 0a00 0049 | c781 100a 
  0x000001f648877cb4: 0000 0100 | 0000 e929 | 0000 0049 | 83b9 180a | 0000 0075 | 174d 8981 | 180a 0000 | 49c7 8120 
  0x000001f648877cd4: 0a00 0001 | 0000 00e9 | 0800 0000 | 4983 81f8 | 0900 0001 | 4c8b 8424 | 8800 0000 

  0x000001f648877cf0: ;   {oop(nullptr)}
  0x000001f648877cf0: 49b9 0000 | 0000 0000 | 0000 488b | bc24 f800 | 0000 488b | b424 a000 | 0000 488b | 8c24 9800 
  0x000001f648877d10: 0000 488b | 5c24 7848 | 891c 2466 | 9048 b8ff | ffff ffff 

  0x000001f648877d24: ;   {virtual_call}
  0x000001f648877d24: ffff ffe8 

  0x000001f648877d28: ; ImmutableOopMap {[120]=Oop [136]=Oop [152]=Oop [160]=Oop [248]=Oop [264]=Oop }
                      ;*invokevirtual recordClassDefine {reexecute=0 rethrow=0 return_oop=0}
                      ; - org.eclipse.osgi.internal.loader.classpath.ClasspathManager::defineClass@390 (line 789)
  0x000001f648877d28: 546d 0907 

  0x000001f648877d2c: ;   {other}
  0x000001f648877d2c: 0f1f 8400 | 9c1d 0017 | 488b 8424 | 0801 0000 

  0x000001f648877d3c: ; implicit exception: dispatches to 0x000001f648878fa3
  0x000001f648877d3c: 483b 0048 

  0x000001f648877d40: ;   {metadata(method data for {method} {0x000001f65d68e398} 'defineClass' '(Ljava/lang/String;[BLorg/eclipse/osgi/internal/loader/classpath/ClasspathEntry;Lorg/eclipse/osgi/storage/bundlefile/BundleEntry;Ljava/util/List;)Ljava/lang/Class;' in 'org/eclipse/osgi/internal/loader/classpath/ClasspathManager')}
  0x000001f648877d40: 8bf0 48bf | e829 ac5d | f601 0000 | 8b76 0849 | ba00 0000 | 00f6 0100 | 0049 03f2 | 483b b740 
  0x000001f648877d60: 0a00 0075 | 0d48 8387 | 480a 0000 | 01e9 6000 | 0000 483b | b750 0a00 | 0075 0d48 | 8387 580a 
  0x000001f648877d80: 0000 01e9 | 4a00 0000 | 4883 bf40 | 0a00 0000 | 7517 4889 | b740 0a00 | 0048 c787 | 480a 0000 
  0x000001f648877da0: 0100 0000 | e929 0000 | 0048 83bf | 500a 0000 | 0075 1748 | 89b7 500a | 0000 48c7 | 8758 0a00 
  0x000001f648877dc0: 0001 0000 | 00e9 0800 | 0000 4883 | 8730 0a00 | 0001 488b | d048 b8ff | ffff ffff 

  0x000001f648877ddc: ;   {virtual_call}
  0x000001f648877ddc: ffff ffe8 

  0x000001f648877de0: ; ImmutableOopMap {[120]=Oop [136]=Oop [152]=Oop [160]=Oop [248]=Oop [264]=Oop }
                      ;*invokeinterface hasNext {reexecute=0 rethrow=0 return_oop=0}
                      ; - org.eclipse.osgi.internal.loader.classpath.ClasspathManager::defineClass@395 (line 788)
  0x000001f648877de0: 9c6c 0907 

  0x000001f648877de4: ;   {other}
  0x000001f648877de4: 0f1f 8400 | 541e 0018 | 85c0 ba02 | 0000 0075 | 05ba 0000 

  0x000001f648877df8: ;   {metadata(method data for {method} {0x000001f65d68e398} 'defineClass' '(Ljava/lang/String;[BLorg/eclipse/osgi/internal/loader/classpath/ClasspathEntry;Lorg/eclipse/osgi/storage/bundlefile/BundleEntry;Ljava/util/List;)Ljava/lang/Class;' in 'org/eclipse/osgi/internal/loader/classpath/ClasspathManager')}
  0x000001f648877df8: 0000 48be | e829 ac5d | f601 0000 | 8bbe d000 | 0000 03fa | 89be d000 | 0000 85d2 | 7505 bf02 
  0x000001f648877e18: 0000 0081 | e7fe 3f00 | 0085 ff0f | 847f 1100 | 004d 8b97 

  0x000001f648877e2c: ; ImmutableOopMap {[120]=Oop [136]=Oop [152]=Oop [160]=Oop [248]=Oop [264]=Oop }
                      ;*ifne {reexecute=1 rethrow=0 return_oop=0}
                      ; - (reexecute) org.eclipse.osgi.internal.loader.classpath.ClasspathManager::defineClass@400 (line 788)
  0x000001f648877e2c: 5804 0000 

  0x000001f648877e30: ;   {poll}
  0x000001f648877e30: 4185 0285 

  0x000001f648877e34: ;   {metadata(method data for {method} {0x000001f65d68e398} 'defineClass' '(Ljava/lang/String;[BLorg/eclipse/osgi/internal/loader/classpath/ClasspathEntry;Lorg/eclipse/osgi/storage/bundlefile/BundleEntry;Ljava/util/List;)Ljava/lang/Class;' in 'org/eclipse/osgi/internal/loader/classpath/ClasspathManager')}
  0x000001f648877e34: c048 bae8 | 29ac 5df6 | 0100 0048 | c7c6 680a | 0000 7507 | 48c7 c678 | 0a00 0048 | 8b3c 3248 
  0x000001f648877e54: 8d7f 0148 | 893c 320f | 8547 fcff | ffe9 4308 | 0000 488b | 9424 c800 | 0000 8b72 | 1048 3b06 
  0x000001f648877e74: ;   {metadata(method data for {method} {0x000001f65d68e398} 'defineClass' '(Ljava/lang/String;[BLorg/eclipse/osgi/internal/loader/classpath/ClasspathEntry;Lorg/eclipse/osgi/storage/bundlefile/BundleEntry;Ljava/util/List;)Ljava/lang/Class;' in 'org/eclipse/osgi/internal/loader/classpath/ClasspathManager')}
  0x000001f648877e74: 4c8b c648 | bfe8 29ac | 5df6 0100 | 0045 8b40 | 0849 ba00 | 0000 00f6 | 0100 004d | 03c2 4c3b 
  0x000001f648877e94: 8798 0a00 | 0075 0d48 | 8387 a00a | 0000 01e9 | 6000 0000 | 4c3b 87a8 | 0a00 0075 | 0d48 8387 
  0x000001f648877eb4: b00a 0000 | 01e9 4a00 | 0000 4883 | bf98 0a00 | 0000 7517 | 4c89 8798 | 0a00 0048 | c787 a00a 
  0x000001f648877ed4: 0000 0100 | 0000 e929 | 0000 0048 | 83bf a80a | 0000 0075 | 174c 8987 | a80a 0000 | 48c7 87b0 
  0x000001f648877ef4: 0a00 0001 | 0000 00e9 | 0800 0000 | 4883 8788 | 0a00 0001 | 4c8b 8424 | 8800 0000 | 4889 9424 
  0x000001f648877f14: c800 0000 | 488b d666 | 9048 b8d0 | 890b 00f6 

  0x000001f648877f24: ;   {virtual_call}
  0x000001f648877f24: 0100 00e8 

  0x000001f648877f28: ; ImmutableOopMap {[120]=Oop [136]=Oop [144]=Oop [152]=Oop [160]=Oop [200]=Oop [248]=Oop }
                      ;*invokeinterface add {reexecute=0 rethrow=0 return_oop=0}
                      ; - org.eclipse.osgi.internal.loader.classpath.ClasspathManager::defineClass@411 (line 777)
  0x000001f648877f28: 9486 6607 

  0x000001f648877f2c: ;   {other}
  0x000001f648877f2c: 0f1f 8400 | 9c1f 001a | 488b 5424 | 788b 7210 

  0x000001f648877f3c: ; implicit exception: dispatches to 0x000001f648878fce
  0x000001f648877f3c: 483b 064c 

  0x000001f648877f40: ;   {metadata(method data for {method} {0x000001f65d68e398} 'defineClass' '(Ljava/lang/String;[BLorg/eclipse/osgi/internal/loader/classpath/ClasspathEntry;Lorg/eclipse/osgi/storage/bundlefile/BundleEntry;Ljava/util/List;)Ljava/lang/Class;' in 'org/eclipse/osgi/internal/loader/classpath/ClasspathManager')}
  0x000001f648877f40: 8bc6 49b9 | e829 ac5d | f601 0000 | 458b 4008 | 49ba 0000 | 0000 f601 | 0000 4d03 | c24d 3b81 
  0x000001f648877f60: d00a 0000 | 750d 4983 | 81d8 0a00 | 0001 e960 | 0000 004d | 3b81 e00a | 0000 750d | 4983 81e8 
  0x000001f648877f80: 0a00 0001 | e94a 0000 | 0049 83b9 | d00a 0000 | 0075 174d | 8981 d00a | 0000 49c7 | 81d8 0a00 
  0x000001f648877fa0: 0001 0000 | 00e9 2900 | 0000 4983 | b9e0 0a00 | 0000 7517 | 4d89 81e0 | 0a00 0049 | c781 e80a 
  0x000001f648877fc0: 0000 0100 | 0000 e908 | 0000 0049 | 8381 c00a | 0000 014c | 8b84 2488 | 0000 004c | 8b8c 24f8 
  0x000001f648877fe0: 0000 0048 | 8bbc 24a0 | 0000 0048 

  0x000001f648877fec: ;   {optimized virtual_call}
  0x000001f648877fec: 8bd6 90e8 

  0x000001f648877ff0: ; ImmutableOopMap {[120]=Oop [136]=Oop [144]=Oop [152]=Oop [160]=Oop [200]=Oop [248]=Oop }
                      ;*invokevirtual defineClass {reexecute=0 rethrow=0 return_oop=0}
                      ; - org.eclipse.osgi.internal.loader.classpath.ClasspathManager::defineClass@424 (line 779)
  0x000001f648877ff0: 5918 0000 

  0x000001f648877ff4: ;   {other}
  0x000001f648877ff4: 0f1f 8400 | 6420 001b | 4889 8424 | 1001 0000 

  0x000001f648878004: ;   {metadata(method data for {method} {0x000001f65d68e398} 'defineClass' '(Ljava/lang/String;[BLorg/eclipse/osgi/internal/loader/classpath/ClasspathEntry;Lorg/eclipse/osgi/storage/bundlefile/BundleEntry;Ljava/util/List;)Ljava/lang/Class;' in 'org/eclipse/osgi/internal/loader/classpath/ClasspathManager')}
  0x000001f648878004: 49b8 e829 | ac5d f601 | 0000 41ff | 80f8 0a00 | 0048 8b94 | 24c8 0000 | 008b 5210 

  0x000001f648878020: ; implicit exception: dispatches to 0x000001f648878fd3
  0x000001f648878020: 483b 024c 

  0x000001f648878024: ;   {metadata(method data for {method} {0x000001f65d68e398} 'defineClass' '(Ljava/lang/String;[BLorg/eclipse/osgi/internal/loader/classpath/ClasspathEntry;Lorg/eclipse/osgi/storage/bundlefile/BundleEntry;Ljava/util/List;)Ljava/lang/Class;' in 'org/eclipse/osgi/internal/loader/classpath/ClasspathManager')}
  0x000001f648878024: 8bc2 48be | e829 ac5d | f601 0000 | 458b 4008 | 49ba 0000 | 0000 f601 | 0000 4d03 | c24c 3b86 
  0x000001f648878044: 580b 0000 | 750d 4883 | 8660 0b00 | 0001 e960 | 0000 004c | 3b86 680b | 0000 750d | 4883 8670 
  0x000001f648878064: 0b00 0001 | e94a 0000 | 0048 83be | 580b 0000 | 0075 174c | 8986 580b | 0000 48c7 | 8660 0b00 
  0x000001f648878084: 0001 0000 | 00e9 2900 | 0000 4883 | be68 0b00 | 0000 7517 | 4c89 8668 | 0b00 0048 | c786 700b 
  0x000001f6488780a4: 0000 0100 | 0000 e908 | 0000 0048 | 8386 480b | 0000 014c | 8b84 2488 | 0000 0066 | 0f1f 4400 
  0x000001f6488780c4: 0048 b8d0 | 890b 00f6 

  0x000001f6488780cc: ;   {virtual_call}
  0x000001f6488780cc: 0100 00e8 

  0x000001f6488780d0: ; ImmutableOopMap {[120]=Oop [136]=Oop [144]=Oop [152]=Oop [160]=Oop [248]=Oop [272]=Oop }
                      ;*invokeinterface remove {reexecute=0 rethrow=0 return_oop=0}
                      ; - org.eclipse.osgi.internal.loader.classpath.ClasspathManager::defineClass@455 (line 781)
  0x000001f6488780d0: 2cd0 faff 

  0x000001f6488780d4: ;   {other}
  0x000001f6488780d4: 0f1f 8400 | 4421 001c 

  0x000001f6488780dc: ;   {metadata(method data for {method} {0x000001f65d68e398} 'defineClass' '(Ljava/lang/String;[BLorg/eclipse/osgi/internal/loader/classpath/ClasspathEntry;Lorg/eclipse/osgi/storage/bundlefile/BundleEntry;Ljava/util/List;)Ljava/lang/Class;' in 'org/eclipse/osgi/internal/loader/classpath/ClasspathManager')}
  0x000001f6488780dc: 48ba e829 | ac5d f601 | 0000 ff82 | 800b 0000 

  0x000001f6488780ec: ;   {metadata(method data for {method} {0x000001f65d68e398} 'defineClass' '(Ljava/lang/String;[BLorg/eclipse/osgi/internal/loader/classpath/ClasspathEntry;Lorg/eclipse/osgi/storage/bundlefile/BundleEntry;Ljava/util/List;)Ljava/lang/Class;' in 'org/eclipse/osgi/internal/loader/classpath/ClasspathManager')}
  0x000001f6488780ec: 48ba e829 | ac5d f601 | 0000 ff82 | 700d 0000 | 488b 8424 | 1001 0000 

  0x000001f648878104: ;   {metadata(method data for {method} {0x000001f65d68e398} 'defineClass' '(Ljava/lang/String;[BLorg/eclipse/osgi/internal/loader/classpath/ClasspathEntry;Lorg/eclipse/osgi/storage/bundlefile/BundleEntry;Ljava/util/List;)Ljava/lang/Class;' in 'org/eclipse/osgi/internal/loader/classpath/ClasspathManager')}
  0x000001f648878104: 4885 c048 | bae8 29ac | 5df6 0100 | 0048 c7c6 | 800d 0000 | 7407 48c7 | c690 0d00 | 0048 8b3c 
  0x000001f648878124: 3248 8d7f | 0148 893c | 320f 8432 | 0000 000f | be50 0c85 

  0x000001f648878138: ;   {metadata(method data for {method} {0x000001f65d68e398} 'defineClass' '(Ljava/lang/String;[BLorg/eclipse/osgi/internal/loader/classpath/ClasspathEntry;Lorg/eclipse/osgi/storage/bundlefile/BundleEntry;Ljava/util/List;)Ljava/lang/Class;' in 'org/eclipse/osgi/internal/loader/classpath/ClasspathManager')}
  0x000001f648878138: d248 bae8 | 29ac 5df6 | 0100 0048 | c7c6 b00d | 0000 7507 | 48c7 c6a0 | 0d00 0048 | 8b3c 3248 
  0x000001f648878158: 8d7f 0148 | 893c 320f | 850f 0000 

  0x000001f648878164: ;   {oop(nullptr)}
  0x000001f648878164: 0048 be00 | 0000 0000 | 0000 00e9 | 1600 0000 

  0x000001f648878174: ;   {metadata(method data for {method} {0x000001f65d68e398} 'defineClass' '(Ljava/lang/String;[BLorg/eclipse/osgi/internal/loader/classpath/ClasspathEntry;Lorg/eclipse/osgi/storage/bundlefile/BundleEntry;Ljava/util/List;)Ljava/lang/Class;' in 'org/eclipse/osgi/internal/loader/classpath/ClasspathManager')}
  0x000001f648878174: 8b50 1048 | bee8 29ac | 5df6 0100 | 00ff 86c0 | 0d00 0048 | 8bf2 4889 | b424 1801 | 0000 488b 
  0x000001f648878194: 8c24 9000 

  0x000001f648878198: ;   {metadata(method data for {method} {0x000001f65d68e398} 'defineClass' '(Ljava/lang/String;[BLorg/eclipse/osgi/internal/loader/classpath/ClasspathEntry;Lorg/eclipse/osgi/storage/bundlefile/BundleEntry;Ljava/util/List;)Ljava/lang/Class;' in 'org/eclipse/osgi/internal/loader/classpath/ClasspathManager')}
  0x000001f648878198: 0000 48ba | e829 ac5d | f601 0000 | 8b49 0849 | ba00 0000 | 00f6 0100 | 0049 03ca | 483b 8ae8 
  0x000001f6488781b8: 0d00 0075 | 0d48 8382 | f00d 0000 | 01e9 6000 | 0000 483b | 8af8 0d00 | 0075 0d48 | 8382 000e 
  0x000001f6488781d8: 0000 01e9 | 4a00 0000 | 4883 bae8 | 0d00 0000 | 7517 4889 | 8ae8 0d00 | 0048 c782 | f00d 0000 
  0x000001f6488781f8: 0100 0000 | e929 0000 | 0048 83ba | f80d 0000 | 0075 1748 | 898a f80d | 0000 48c7 | 8200 0e00 
  0x000001f648878218: 0001 0000 | 00e9 0800 | 0000 4883 | 82d8 0d00 | 0001 488b | 9424 9000 | 0000 6666 | 9048 b8e8 
  0x000001f648878238: a51c 00f6 

  0x000001f64887823c: ;   {virtual_call}
  0x000001f64887823c: 0100 00e8 

  0x000001f648878240: ; ImmutableOopMap {[120]=Oop [136]=Oop [152]=Oop [160]=Oop [248]=Oop [272]=Oop [280]=Oop }
                      ;*invokeinterface iterator {reexecute=0 rethrow=0 return_oop=0}
                      ; - org.eclipse.osgi.internal.loader.classpath.ClasspathManager::defineClass@576 (line 788)
  0x000001f648878240: dc30 7007 

  0x000001f648878244: ;   {other}
  0x000001f648878244: 0f1f 8400 | b422 001d | 4889 8424 | 2001 0000 

  0x000001f648878254: ;   {metadata(method data for {method} {0x000001f65d68e398} 'defineClass' '(Ljava/lang/String;[BLorg/eclipse/osgi/internal/loader/classpath/ClasspathEntry;Lorg/eclipse/osgi/storage/bundlefile/BundleEntry;Ljava/util/List;)Ljava/lang/Class;' in 'org/eclipse/osgi/internal/loader/classpath/ClasspathManager')}
  0x000001f648878254: 48ba e829 | ac5d f601 | 0000 ff82 | 100e 0000 | e99b 0200 | 000f 1f80 | 0000 0000 | 488b 8424 
  0x000001f648878274: 2001 0000 

  0x000001f648878278: ;   {metadata(method data for {method} {0x000001f65d68e398} 'defineClass' '(Ljava/lang/String;[BLorg/eclipse/osgi/internal/loader/classpath/ClasspathEntry;Lorg/eclipse/osgi/storage/bundlefile/BundleEntry;Ljava/util/List;)Ljava/lang/Class;' in 'org/eclipse/osgi/internal/loader/classpath/ClasspathManager')}
  0x000001f648878278: 48be e829 | ac5d f601 | 0000 8b40 | 0849 ba00 | 0000 00f6 | 0100 0049 | 03c2 483b | 8638 0e00 
  0x000001f648878298: 0075 0d48 | 8386 400e | 0000 01e9 | 6000 0000 | 483b 8648 | 0e00 0075 | 0d48 8386 | 500e 0000 
  0x000001f6488782b8: 01e9 4a00 | 0000 4883 | be38 0e00 | 0000 7517 | 4889 8638 | 0e00 0048 | c786 400e | 0000 0100 
  0x000001f6488782d8: 0000 e929 | 0000 0048 | 83be 480e | 0000 0075 | 1748 8986 | 480e 0000 | 48c7 8650 | 0e00 0001 
  0x000001f6488782f8: 0000 00e9 | 0800 0000 | 4883 8628 | 0e00 0001 | 488b 9424 | 2001 0000 | 0f1f 4400 | 0048 b830 
  0x000001f648878318: 761d 00f6 

  0x000001f64887831c: ;   {virtual_call}
  0x000001f64887831c: 0100 00e8 

  0x000001f648878320: ; ImmutableOopMap {[120]=Oop [136]=Oop [152]=Oop [160]=Oop [248]=Oop [272]=Oop [280]=Oop [288]=Oop }
                      ;*invokeinterface next {reexecute=0 rethrow=0 return_oop=0}
                      ; - org.eclipse.osgi.internal.loader.classpath.ClasspathManager::defineClass@588 (line 788)
  0x000001f648878320: 9cc3 6807 

  0x000001f648878324: ;   {other}
  0x000001f648878324: 0f1f 8400 | 9423 001e | 4885 c075 

  0x000001f648878330: ;   {metadata(method data for {method} {0x000001f65d68e398} 'defineClass' '(Ljava/lang/String;[BLorg/eclipse/osgi/internal/loader/classpath/ClasspathEntry;Lorg/eclipse/osgi/storage/bundlefile/BundleEntry;Ljava/util/List;)Ljava/lang/Class;' in 'org/eclipse/osgi/internal/loader/classpath/ClasspathManager')}
  0x000001f648878330: 1749 b9e8 | 29ac 5df6 | 0100 0041 | 8089 590e | 0000 01e9 | ce00 0000 

  0x000001f648878348: ;   {metadata('org/eclipse/osgi/internal/hookregistry/ClassLoaderHook')}
  0x000001f648878348: 48bf 78eb | 0801 f601 | 0000 448b | 4808 49ba | 0000 0000 | f601 0000 | 4d03 ca49 | 3b79 380f 
  0x000001f648878368: 858d 0000 

  0x000001f64887836c: ;   {metadata(method data for {method} {0x000001f65d68e398} 'defineClass' '(Ljava/lang/String;[BLorg/eclipse/osgi/internal/loader/classpath/ClasspathEntry;Lorg/eclipse/osgi/storage/bundlefile/BundleEntry;Ljava/util/List;)Ljava/lang/Class;' in 'org/eclipse/osgi/internal/loader/classpath/ClasspathManager')}
  0x000001f64887836c: 0049 b9e8 | 29ac 5df6 | 0100 008b | 7808 49ba | 0000 0000 | f601 0000 | 4903 fa49 | 3bb9 700e 
  0x000001f64887838c: 0000 750d | 4983 8178 | 0e00 0001 | e979 0000 | 0049 3bb9 | 800e 0000 | 750d 4983 | 8188 0e00 
  0x000001f6488783ac: 0001 e963 | 0000 0049 | 83b9 700e | 0000 0075 | 1749 89b9 | 700e 0000 | 49c7 8178 | 0e00 0001 
  0x000001f6488783cc: 0000 00e9 | 4200 0000 | 4983 b980 | 0e00 0000 | 7517 4989 | b980 0e00 | 0049 c781 | 880e 0000 
  0x000001f6488783ec: 0100 0000 | e921 0000 | 00e9 1c00 

  0x000001f6488783f8: ;   {metadata(method data for {method} {0x000001f65d68e398} 'defineClass' '(Ljava/lang/String;[BLorg/eclipse/osgi/internal/loader/classpath/ClasspathEntry;Lorg/eclipse/osgi/storage/bundlefile/BundleEntry;Ljava/util/List;)Ljava/lang/Class;' in 'org/eclipse/osgi/internal/loader/classpath/ClasspathManager')}
  0x000001f6488783f8: 0000 49b9 | e829 ac5d | f601 0000 | 4983 a960 | 0e00 0001 | e9cc 0b00 | 00e9 0000 | 0000 488b 
  0x000001f648878418: d048 3b02 

  0x000001f64887841c: ;   {metadata(method data for {method} {0x000001f65d68e398} 'defineClass' '(Ljava/lang/String;[BLorg/eclipse/osgi/internal/loader/classpath/ClasspathEntry;Lorg/eclipse/osgi/storage/bundlefile/BundleEntry;Ljava/util/List;)Ljava/lang/Class;' in 'org/eclipse/osgi/internal/loader/classpath/ClasspathManager')}
  0x000001f64887841c: 4c8b c249 | b9e8 29ac | 5df6 0100 | 0045 8b40 | 0849 ba00 | 0000 00f6 | 0100 004d | 03c2 4d3b 
  0x000001f64887843c: 81a8 0e00 | 0075 0d49 | 8381 b00e | 0000 01e9 | 6000 0000 | 4d3b 81b8 | 0e00 0075 | 0d49 8381 
  0x000001f64887845c: c00e 0000 | 01e9 4a00 | 0000 4983 | b9a8 0e00 | 0000 7517 | 4d89 81a8 | 0e00 0049 | c781 b00e 
  0x000001f64887847c: 0000 0100 | 0000 e929 | 0000 0049 | 83b9 b80e | 0000 0075 | 174d 8981 | b80e 0000 | 49c7 81c0 
  0x000001f64887849c: 0e00 0001 | 0000 00e9 | 0800 0000 | 4983 8198 | 0e00 0001 | 4c8b 8424 | 8800 0000 | 4c8b 8c24 
  0x000001f6488784bc: 1801 0000 | 488b bc24 | f800 0000 | 488b b424 | a000 0000 | 488b 8c24 | 9800 0000 | 488b 5c24 
  0x000001f6488784dc: 7848 891c | 240f 1f40 | 0048 b8ff | ffff ffff 

  0x000001f6488784ec: ;   {virtual_call}
  0x000001f6488784ec: ffff ffe8 

  0x000001f6488784f0: ; ImmutableOopMap {[120]=Oop [136]=Oop [152]=Oop [160]=Oop [248]=Oop [272]=Oop [280]=Oop [288]=Oop }
                      ;*invokevirtual recordClassDefine {reexecute=0 rethrow=0 return_oop=0}
                      ; - org.eclipse.osgi.internal.loader.classpath.ClasspathManager::defineClass@608 (line 789)
  0x000001f6488784f0: a41c 1507 

  0x000001f6488784f4: ;   {other}
  0x000001f6488784f4: 0f1f 8400 | 6425 001f | 488b 8424 | 2001 0000 

  0x000001f648878504: ; implicit exception: dispatches to 0x000001f648878feb
  0x000001f648878504: 483b 0048 

  0x000001f648878508: ;   {metadata(method data for {method} {0x000001f65d68e398} 'defineClass' '(Ljava/lang/String;[BLorg/eclipse/osgi/internal/loader/classpath/ClasspathEntry;Lorg/eclipse/osgi/storage/bundlefile/BundleEntry;Ljava/util/List;)Ljava/lang/Class;' in 'org/eclipse/osgi/internal/loader/classpath/ClasspathManager')}
  0x000001f648878508: 8bf8 48bb | e829 ac5d | f601 0000 | 8b7f 0849 | ba00 0000 | 00f6 0100 | 0049 03fa | 483b bbe0 
  0x000001f648878528: 0e00 0075 | 0d48 8383 | e80e 0000 | 01e9 6000 | 0000 483b | bbf0 0e00 | 0075 0d48 | 8383 f80e 
  0x000001f648878548: 0000 01e9 | 4a00 0000 | 4883 bbe0 | 0e00 0000 | 7517 4889 | bbe0 0e00 | 0048 c783 | e80e 0000 
  0x000001f648878568: 0100 0000 | e929 0000 | 0048 83bb | f00e 0000 | 0075 1748 | 89bb f00e | 0000 48c7 | 83f8 0e00 
  0x000001f648878588: 0001 0000 | 00e9 0800 | 0000 4883 | 83d0 0e00 | 0001 488b | d048 b830 | 761d 00f6 

  0x000001f6488785a4: ;   {virtual_call}
  0x000001f6488785a4: 0100 00e8 

  0x000001f6488785a8: ; ImmutableOopMap {[120]=Oop [136]=Oop [152]=Oop [160]=Oop [248]=Oop [272]=Oop [280]=Oop [288]=Oop }
                      ;*invokeinterface hasNext {reexecute=0 rethrow=0 return_oop=0}
                      ; - org.eclipse.osgi.internal.loader.classpath.ClasspathManager::defineClass@613 (line 788)
  0x000001f6488785a8: 74b6 6107 

  0x000001f6488785ac: ;   {other}
  0x000001f6488785ac: 0f1f 8400 | 1c26 0020 | 85c0 ba02 | 0000 0075 | 05ba 0000 

  0x000001f6488785c0: ;   {metadata(method data for {method} {0x000001f65d68e398} 'defineClass' '(Ljava/lang/String;[BLorg/eclipse/osgi/internal/loader/classpath/ClasspathEntry;Lorg/eclipse/osgi/storage/bundlefile/BundleEntry;Ljava/util/List;)Ljava/lang/Class;' in 'org/eclipse/osgi/internal/loader/classpath/ClasspathManager')}
  0x000001f6488785c0: 0000 48be | e829 ac5d | f601 0000 | 8bbe d000 | 0000 03fa | 89be d000 | 0000 85d2 | 7505 bf02 
  0x000001f6488785e0: 0000 0081 | e7fe 3f00 | 0085 ff0f | 84ff 0900 | 004d 8b97 

  0x000001f6488785f4: ; ImmutableOopMap {[120]=Oop [136]=Oop [152]=Oop [160]=Oop [248]=Oop [272]=Oop [280]=Oop [288]=Oop }
                      ;*ifne {reexecute=1 rethrow=0 return_oop=0}
                      ; - (reexecute) org.eclipse.osgi.internal.loader.classpath.ClasspathManager::defineClass@618 (line 788)
  0x000001f6488785f4: 5804 0000 

  0x000001f6488785f8: ;   {poll}
  0x000001f6488785f8: 4185 0285 

  0x000001f6488785fc: ;   {metadata(method data for {method} {0x000001f65d68e398} 'defineClass' '(Ljava/lang/String;[BLorg/eclipse/osgi/internal/loader/classpath/ClasspathEntry;Lorg/eclipse/osgi/storage/bundlefile/BundleEntry;Ljava/util/List;)Ljava/lang/Class;' in 'org/eclipse/osgi/internal/loader/classpath/ClasspathManager')}
  0x000001f6488785fc: c048 bae8 | 29ac 5df6 | 0100 0048 | c7c6 080f | 0000 7507 | 48c7 c618 | 0f00 0048 | 8b3c 3248 
  0x000001f64887861c: 8d7f 0148 | 893c 320f | 8547 fcff | ff48 8b84 | 2410 0100 | 0048 85c0 

  0x000001f648878634: ;   {metadata(method data for {method} {0x000001f65d68e398} 'defineClass' '(Ljava/lang/String;[BLorg/eclipse/osgi/internal/loader/classpath/ClasspathEntry;Lorg/eclipse/osgi/storage/bundlefile/BundleEntry;Ljava/util/List;)Ljava/lang/Class;' in 'org/eclipse/osgi/internal/loader/classpath/ClasspathManager')}
  0x000001f648878634: 49b8 e829 | ac5d f601 | 0000 48c7 | c228 0f00 | 0075 0748 | c7c2 380f | 0000 498b | 3410 488d 
  0x000001f648878654: 7601 4989 | 3410 0f85 | 3000 0000 

  0x000001f648878660: ;   {metadata(method data for {method} {0x000001f65d68e398} 'defineClass' '(Ljava/lang/String;[BLorg/eclipse/osgi/internal/loader/classpath/ClasspathEntry;Lorg/eclipse/osgi/storage/bundlefile/BundleEntry;Ljava/util/List;)Ljava/lang/Class;' in 'org/eclipse/osgi/internal/loader/classpath/ClasspathManager')}
  0x000001f648878660: 48b8 e829 | ac5d f601 | 0000 ff80 | 480f 0000 

  0x000001f648878670: ;   {oop(nullptr)}
  0x000001f648878670: 48b8 0000 | 0000 0000 | 0000 4881 | c470 0100 

  0x000001f648878680: ;   {poll_return}
  0x000001f648878680: 005d 493b | a750 0400 | 000f 8782 | 0900 00c3 

  0x000001f648878690: ; implicit exception: dispatches to 0x000001f648879027
  0x000001f648878690: 8b40 1048 | 81c4 7001 

  0x000001f648878698: ;   {poll_return}
  0x000001f648878698: 0000 5d49 | 3ba7 5004 | 0000 0f87 | 8409 0000 

  0x000001f6488786a8: ;   {oop(nullptr)}
  0x000001f6488786a8: c348 b800 | 0000 0000 | 0000 0048 | 81c4 7001 

  0x000001f6488786b8: ;   {poll_return}
  0x000001f6488786b8: 0000 5d49 | 3ba7 5004 | 0000 0f87 | 7a09 0000 

  0x000001f6488786c8: ;   {metadata(method data for {method} {0x000001f65d68e398} 'defineClass' '(Ljava/lang/String;[BLorg/eclipse/osgi/internal/loader/classpath/ClasspathEntry;Lorg/eclipse/osgi/storage/bundlefile/BundleEntry;Ljava/util/List;)Ljava/lang/Class;' in 'org/eclipse/osgi/internal/loader/classpath/ClasspathManager')}
  0x000001f6488786c8: c348 b8e8 | 29ac 5df6 | 0100 00ff | 80e0 0200 

  0x000001f6488786d8: ;   {oop(nullptr)}
  0x000001f6488786d8: 0048 b800 | 0000 0000 | 0000 0048 | 81c4 7001 

  0x000001f6488786e8: ;   {poll_return}
  0x000001f6488786e8: 0000 5d49 | 3ba7 5004 | 0000 0f87 | 6009 0000 | c349 8b87 | 0005 0000 | 4d33 d24d | 8997 0005 
  0x000001f648878708: 0000 4d33 | d24d 8997 | 0805 0000 | 8b52 1048 | 3b02 4c8b 

  0x000001f64887871c: ;   {metadata(method data for {method} {0x000001f65d68e398} 'defineClass' '(Ljava/lang/String;[BLorg/eclipse/osgi/internal/loader/classpath/ClasspathEntry;Lorg/eclipse/osgi/storage/bundlefile/BundleEntry;Ljava/util/List;)Ljava/lang/Class;' in 'org/eclipse/osgi/internal/loader/classpath/ClasspathManager')}
  0x000001f64887871c: c248 bee8 | 29ac 5df6 | 0100 0045 | 8b40 0849 | ba00 0000 | 00f6 0100 | 004d 03c2 | 4c3b 8620 
  0x000001f64887873c: 0b00 0075 | 0d48 8386 | 280b 0000 | 01e9 6000 | 0000 4c3b | 8630 0b00 | 0075 0d48 | 8386 380b 
  0x000001f64887875c: 0000 01e9 | 4a00 0000 | 4883 be20 | 0b00 0000 | 7517 4c89 | 8620 0b00 | 0048 c786 | 280b 0000 
  0x000001f64887877c: 0100 0000 | e929 0000 | 0048 83be | 300b 0000 | 0075 174c | 8986 300b | 0000 48c7 | 8638 0b00 
  0x000001f64887879c: 0001 0000 | 00e9 0800 | 0000 4883 | 8610 0b00 | 0001 4c8b | 8424 8800 | 0000 4889 | 8424 2801 
  0x000001f6488787bc: 0000 0f1f | 8000 0000 | 0048 b8ff | ffff ffff 

  0x000001f6488787cc: ;   {virtual_call}
  0x000001f6488787cc: ffff ffe8 

  0x000001f6488787d0: ; ImmutableOopMap {[120]=Oop [136]=Oop [144]=Oop [152]=Oop [160]=Oop [248]=Oop [296]=Oop }
                      ;*invokeinterface remove {reexecute=0 rethrow=0 return_oop=0}
                      ; - org.eclipse.osgi.internal.loader.classpath.ClasspathManager::defineClass@440 (line 781)
  0x000001f6488787d0: ac62 0907 

  0x000001f6488787d4: ;   {other}
  0x000001f6488787d4: 0f1f 8400 | 4428 0022 | 488b 8424 

  0x000001f6488787e0: ; ImmutableOopMap {rax=Oop [120]=Oop [136]=Oop [144]=Oop [152]=Oop [160]=Oop [248]=Oop }
                      ;*athrow {reexecute=1 rethrow=0 return_oop=0}
                      ; - (reexecute) org.eclipse.osgi.internal.loader.classpath.ClasspathManager::defineClass@448 (line 782)
  0x000001f6488787e0: 2801 0000 

  0x000001f6488787e4: ;   {section_word}
  0x000001f6488787e4: 48ba e487 | 8748 f601 

  0x000001f6488787ec: ;   {runtime_call handle_exception_nofpu Runtime1 stub}
  0x000001f6488787ec: 0000 e80d | 800b 0790 | 498b 8700 | 0500 004d | 33d2 4d89 | 9700 0500 | 004d 33d2 | 4d89 9708 
  0x000001f64887880c: 0500 008b | 520c 483b | 024c 8bc2 

  0x000001f648878818: ;   {metadata(method data for {method} {0x000001f65d68e398} 'defineClass' '(Ljava/lang/String;[BLorg/eclipse/osgi/internal/loader/classpath/ClasspathEntry;Lorg/eclipse/osgi/storage/bundlefile/BundleEntry;Ljava/util/List;)Ljava/lang/Class;' in 'org/eclipse/osgi/internal/loader/classpath/ClasspathManager')}
  0x000001f648878818: 48bf e829 | ac5d f601 | 0000 458b | 4008 49ba | 0000 0000 | f601 0000 | 4d03 c24c | 3b87 8806 
  0x000001f648878838: 0000 750d | 4883 8790 | 0600 0001 | e960 0000 | 004c 3b87 | 9806 0000 | 750d 4883 | 87a0 0600 
  0x000001f648878858: 0001 e94a | 0000 0048 | 83bf 8806 | 0000 0075 | 174c 8987 | 8806 0000 | 48c7 8790 | 0600 0001 
  0x000001f648878878: 0000 00e9 | 2900 0000 | 4883 bf98 | 0600 0000 | 7517 4c89 | 8798 0600 | 0048 c787 | a006 0000 
  0x000001f648878898: 0100 0000 | e908 0000 | 0048 8387 | 7806 0000 | 014c 8b84 | 2488 0000 | 0048 8984 | 2430 0100 
  0x000001f6488788b8: 000f 1f40 | 0048 b8ff | ffff ffff 

  0x000001f6488788c4: ;   {virtual_call}
  0x000001f6488788c4: ffff ffe8 

  0x000001f6488788c8: ; ImmutableOopMap {[120]=Oop [136]=Oop [144]=Oop [152]=Oop [160]=Oop [304]=Oop [312]=Oop }
                      ;*invokeinterface remove {reexecute=0 rethrow=0 return_oop=0}
                      ; - org.eclipse.osgi.internal.loader.classpath.ClasspathManager::defineClass@235 (line 759)
  0x000001f6488788c8: b461 0907 

  0x000001f6488788cc: ;   {other}
  0x000001f6488788cc: 0f1f 8400 | 3c29 0024 | 488b 8424 

  0x000001f6488788d8: ; ImmutableOopMap {rax=Oop [120]=Oop [136]=Oop [144]=Oop [152]=Oop [160]=Oop [312]=Oop }
                      ;*athrow {reexecute=1 rethrow=0 return_oop=0}
                      ; - (reexecute) org.eclipse.osgi.internal.loader.classpath.ClasspathManager::defineClass@243 (line 760)
  0x000001f6488788d8: 3001 0000 

  0x000001f6488788dc: ;   {section_word}
  0x000001f6488788dc: 48ba dc88 | 8748 f601 

  0x000001f6488788e4: ;   {runtime_call handle_exception_nofpu Runtime1 stub}
  0x000001f6488788e4: 0000 e815 | 7f0b 0790 | 498b 8700 | 0500 004d | 33d2 4d89 | 9700 0500 | 004d 33d2 | 4d89 9708 
  0x000001f648878904: ;   {metadata(method data for {method} {0x000001f65d68e398} 'defineClass' '(Ljava/lang/String;[BLorg/eclipse/osgi/internal/loader/classpath/ClasspathEntry;Lorg/eclipse/osgi/storage/bundlefile/BundleEntry;Ljava/util/List;)Ljava/lang/Class;' in 'org/eclipse/osgi/internal/loader/classpath/ClasspathManager')}
  0x000001f648878904: 0500 0048 | bfe8 29ac | 5df6 0100 | 00ff 87a8 | 0b00 0048 

  0x000001f648878918: ;   {metadata(method data for {method} {0x000001f65d68e398} 'defineClass' '(Ljava/lang/String;[BLorg/eclipse/osgi/internal/loader/classpath/ClasspathEntry;Lorg/eclipse/osgi/storage/bundlefile/BundleEntry;Ljava/util/List;)Ljava/lang/Class;' in 'org/eclipse/osgi/internal/loader/classpath/ClasspathManager')}
  0x000001f648878918: 85d2 48bf | e829 ac5d | f601 0000 | 48c7 c3b8 | 0b00 0074 | 0748 c7c3 | c80b 0000 | 488b 0c1f 
  0x000001f648878938: 488d 4901 | 4889 0c1f | 0f84 3200 | 0000 0fbe | 7a0c 85ff 

  0x000001f64887894c: ;   {metadata(method data for {method} {0x000001f65d68e398} 'defineClass' '(Ljava/lang/String;[BLorg/eclipse/osgi/internal/loader/classpath/ClasspathEntry;Lorg/eclipse/osgi/storage/bundlefile/BundleEntry;Ljava/util/List;)Ljava/lang/Class;' in 'org/eclipse/osgi/internal/loader/classpath/ClasspathManager')}
  0x000001f64887894c: 48bf e829 | ac5d f601 | 0000 48c7 | c3e8 0b00 | 0075 0748 | c7c3 d80b | 0000 488b | 0c1f 488d 
  0x000001f64887896c: 4901 4889 | 0c1f 0f85 | 0f00 0000 

  0x000001f648878978: ;   {oop(nullptr)}
  0x000001f648878978: 48bf 0000 | 0000 0000 | 0000 e916 | 0000 008b 

  0x000001f648878988: ;   {metadata(method data for {method} {0x000001f65d68e398} 'defineClass' '(Ljava/lang/String;[BLorg/eclipse/osgi/internal/loader/classpath/ClasspathEntry;Lorg/eclipse/osgi/storage/bundlefile/BundleEntry;Ljava/util/List;)Ljava/lang/Class;' in 'org/eclipse/osgi/internal/loader/classpath/ClasspathManager')}
  0x000001f648878988: 5210 48bf | e829 ac5d | f601 0000 | ff87 f80b | 0000 488b | fa48 89bc | 2440 0100 | 0048 8984 
  0x000001f6488789a8: 2450 0100 | 0048 8b8c | 2490 0000 | 0048 3b01 

  0x000001f6488789b8: ;   {metadata(method data for {method} {0x000001f65d68e398} 'defineClass' '(Ljava/lang/String;[BLorg/eclipse/osgi/internal/loader/classpath/ClasspathEntry;Lorg/eclipse/osgi/storage/bundlefile/BundleEntry;Ljava/util/List;)Ljava/lang/Class;' in 'org/eclipse/osgi/internal/loader/classpath/ClasspathManager')}
  0x000001f6488789b8: 488b d148 | bbe8 29ac | 5df6 0100 | 008b 5208 | 49ba 0000 | 0000 f601 | 0000 4903 | d248 3b93 
  0x000001f6488789d8: 200c 0000 | 750d 4883 | 8328 0c00 | 0001 e960 | 0000 0048 | 3b93 300c | 0000 750d | 4883 8338 
  0x000001f6488789f8: 0c00 0001 | e94a 0000 | 0048 83bb | 200c 0000 | 0075 1748 | 8993 200c | 0000 48c7 | 8328 0c00 
  0x000001f648878a18: 0001 0000 | 00e9 2900 | 0000 4883 | bb30 0c00 | 0000 7517 | 4889 9330 | 0c00 0048 | c783 380c 
  0x000001f648878a38: 0000 0100 | 0000 e908 | 0000 0048 | 8383 100c | 0000 0148 | 8bd1 0f1f | 8000 0000 | 0048 b8ff 
  0x000001f648878a58: ffff ffff 

  0x000001f648878a5c: ;   {virtual_call}
  0x000001f648878a5c: ffff ffe8 

  0x000001f648878a60: ; ImmutableOopMap {[120]=Oop [136]=Oop [152]=Oop [160]=Oop [320]=Oop [328]=Oop [336]=Oop }
                      ;*invokeinterface iterator {reexecute=0 rethrow=0 return_oop=0}
                      ; - org.eclipse.osgi.internal.loader.classpath.ClasspathManager::defineClass@497 (line 788)
  0x000001f648878a60: 1c60 0907 

  0x000001f648878a64: ;   {other}
  0x000001f648878a64: 0f1f 8400 | d42a 0026 | 4889 8424 | 5801 0000 

  0x000001f648878a74: ;   {metadata(method data for {method} {0x000001f65d68e398} 'defineClass' '(Ljava/lang/String;[BLorg/eclipse/osgi/internal/loader/classpath/ClasspathEntry;Lorg/eclipse/osgi/storage/bundlefile/BundleEntry;Ljava/util/List;)Ljava/lang/Class;' in 'org/eclipse/osgi/internal/loader/classpath/ClasspathManager')}
  0x000001f648878a74: 48ba e829 | ac5d f601 | 0000 ff82 | 480c 0000 | e99b 0200 | 000f 1f80 | 0000 0000 | 488b 8424 
  0x000001f648878a94: 5801 0000 

  0x000001f648878a98: ;   {metadata(method data for {method} {0x000001f65d68e398} 'defineClass' '(Ljava/lang/String;[BLorg/eclipse/osgi/internal/loader/classpath/ClasspathEntry;Lorg/eclipse/osgi/storage/bundlefile/BundleEntry;Ljava/util/List;)Ljava/lang/Class;' in 'org/eclipse/osgi/internal/loader/classpath/ClasspathManager')}
  0x000001f648878a98: 48be e829 | ac5d f601 | 0000 8b40 | 0849 ba00 | 0000 00f6 | 0100 0049 | 03c2 483b | 8670 0c00 
  0x000001f648878ab8: 0075 0d48 | 8386 780c | 0000 01e9 | 6000 0000 | 483b 8680 | 0c00 0075 | 0d48 8386 | 880c 0000 
  0x000001f648878ad8: 01e9 4a00 | 0000 4883 | be70 0c00 | 0000 7517 | 4889 8670 | 0c00 0048 | c786 780c | 0000 0100 
  0x000001f648878af8: 0000 e929 | 0000 0048 | 83be 800c | 0000 0075 | 1748 8986 | 800c 0000 | 48c7 8688 | 0c00 0001 
  0x000001f648878b18: 0000 00e9 | 0800 0000 | 4883 8660 | 0c00 0001 | 488b 9424 | 5801 0000 | 0f1f 4400 | 0048 b8ff 
  0x000001f648878b38: ffff ffff 

  0x000001f648878b3c: ;   {virtual_call}
  0x000001f648878b3c: ffff ffe8 

  0x000001f648878b40: ; ImmutableOopMap {[120]=Oop [136]=Oop [152]=Oop [160]=Oop [320]=Oop [328]=Oop [336]=Oop [344]=Oop }
                      ;*invokeinterface next {reexecute=0 rethrow=0 return_oop=0}
                      ; - org.eclipse.osgi.internal.loader.classpath.ClasspathManager::defineClass@509 (line 788)
  0x000001f648878b40: 3c5f 0907 

  0x000001f648878b44: ;   {other}
  0x000001f648878b44: 0f1f 8400 | b42b 0027 | 4885 c075 

  0x000001f648878b50: ;   {metadata(method data for {method} {0x000001f65d68e398} 'defineClass' '(Ljava/lang/String;[BLorg/eclipse/osgi/internal/loader/classpath/ClasspathEntry;Lorg/eclipse/osgi/storage/bundlefile/BundleEntry;Ljava/util/List;)Ljava/lang/Class;' in 'org/eclipse/osgi/internal/loader/classpath/ClasspathManager')}
  0x000001f648878b50: 1749 b9e8 | 29ac 5df6 | 0100 0041 | 8089 910c | 0000 01e9 | ce00 0000 

  0x000001f648878b68: ;   {metadata('org/eclipse/osgi/internal/hookregistry/ClassLoaderHook')}
  0x000001f648878b68: 48bf 78eb | 0801 f601 | 0000 448b | 4808 49ba | 0000 0000 | f601 0000 | 4d03 ca49 | 3b79 380f 
  0x000001f648878b88: 858d 0000 

  0x000001f648878b8c: ;   {metadata(method data for {method} {0x000001f65d68e398} 'defineClass' '(Ljava/lang/String;[BLorg/eclipse/osgi/internal/loader/classpath/ClasspathEntry;Lorg/eclipse/osgi/storage/bundlefile/BundleEntry;Ljava/util/List;)Ljava/lang/Class;' in 'org/eclipse/osgi/internal/loader/classpath/ClasspathManager')}
  0x000001f648878b8c: 0049 b9e8 | 29ac 5df6 | 0100 008b | 7808 49ba | 0000 0000 | f601 0000 | 4903 fa49 | 3bb9 a80c 
  0x000001f648878bac: 0000 750d | 4983 81b0 | 0c00 0001 | e979 0000 | 0049 3bb9 | b80c 0000 | 750d 4983 | 81c0 0c00 
  0x000001f648878bcc: 0001 e963 | 0000 0049 | 83b9 a80c | 0000 0075 | 1749 89b9 | a80c 0000 | 49c7 81b0 | 0c00 0001 
  0x000001f648878bec: 0000 00e9 | 4200 0000 | 4983 b9b8 | 0c00 0000 | 7517 4989 | b9b8 0c00 | 0049 c781 | c00c 0000 
  0x000001f648878c0c: 0100 0000 | e921 0000 | 00e9 1c00 

  0x000001f648878c18: ;   {metadata(method data for {method} {0x000001f65d68e398} 'defineClass' '(Ljava/lang/String;[BLorg/eclipse/osgi/internal/loader/classpath/ClasspathEntry;Lorg/eclipse/osgi/storage/bundlefile/BundleEntry;Ljava/util/List;)Ljava/lang/Class;' in 'org/eclipse/osgi/internal/loader/classpath/ClasspathManager')}
  0x000001f648878c18: 0000 49b9 | e829 ac5d | f601 0000 | 4983 a998 | 0c00 0001 | e951 0400 | 00e9 0000 | 0000 488b 
  0x000001f648878c38: d048 3b02 

  0x000001f648878c3c: ;   {metadata(method data for {method} {0x000001f65d68e398} 'defineClass' '(Ljava/lang/String;[BLorg/eclipse/osgi/internal/loader/classpath/ClasspathEntry;Lorg/eclipse/osgi/storage/bundlefile/BundleEntry;Ljava/util/List;)Ljava/lang/Class;' in 'org/eclipse/osgi/internal/loader/classpath/ClasspathManager')}
  0x000001f648878c3c: 4c8b c249 | b9e8 29ac | 5df6 0100 | 0045 8b40 | 0849 ba00 | 0000 00f6 | 0100 004d | 03c2 4d3b 
  0x000001f648878c5c: 81e0 0c00 | 0075 0d49 | 8381 e80c | 0000 01e9 | 6000 0000 | 4d3b 81f0 | 0c00 0075 | 0d49 8381 
  0x000001f648878c7c: f80c 0000 | 01e9 4a00 | 0000 4983 | b9e0 0c00 | 0000 7517 | 4d89 81e0 | 0c00 0049 | c781 e80c 
  0x000001f648878c9c: 0000 0100 | 0000 e929 | 0000 0049 | 83b9 f00c | 0000 0075 | 174d 8981 | f00c 0000 | 49c7 81f8 
  0x000001f648878cbc: 0c00 0001 | 0000 00e9 | 0800 0000 | 4983 81d0 | 0c00 0001 | 4c8b 8424 | 8800 0000 | 4c8b 8c24 
  0x000001f648878cdc: 4001 0000 | 488b bc24 | 4801 0000 | 488b b424 | a000 0000 | 488b 8c24 | 9800 0000 | 488b 5c24 
  0x000001f648878cfc: 7848 891c | 240f 1f40 | 0048 b8ff | ffff ffff 

  0x000001f648878d0c: ;   {virtual_call}
  0x000001f648878d0c: ffff ffe8 

  0x000001f648878d10: ; ImmutableOopMap {[120]=Oop [136]=Oop [152]=Oop [160]=Oop [320]=Oop [328]=Oop [336]=Oop [344]=Oop }
                      ;*invokevirtual recordClassDefine {reexecute=0 rethrow=0 return_oop=0}
                      ; - org.eclipse.osgi.internal.loader.classpath.ClasspathManager::defineClass@529 (line 789)
  0x000001f648878d10: 6c5d 0907 

  0x000001f648878d14: ;   {other}
  0x000001f648878d14: 0f1f 8400 | 842d 0028 | 488b 8424 | 5801 0000 

  0x000001f648878d24: ; implicit exception: dispatches to 0x000001f648879090
  0x000001f648878d24: 483b 004c 

  0x000001f648878d28: ;   {metadata(method data for {method} {0x000001f65d68e398} 'defineClass' '(Ljava/lang/String;[BLorg/eclipse/osgi/internal/loader/classpath/ClasspathEntry;Lorg/eclipse/osgi/storage/bundlefile/BundleEntry;Ljava/util/List;)Ljava/lang/Class;' in 'org/eclipse/osgi/internal/loader/classpath/ClasspathManager')}
  0x000001f648878d28: 8bc8 49bb | e829 ac5d | f601 0000 | 458b 4908 | 49ba 0000 | 0000 f601 | 0000 4d03 | ca4d 3b8b 
  0x000001f648878d48: 180d 0000 | 750d 4983 | 8320 0d00 | 0001 e960 | 0000 004d | 3b8b 280d | 0000 750d | 4983 8330 
  0x000001f648878d68: 0d00 0001 | e94a 0000 | 0049 83bb | 180d 0000 | 0075 174d | 898b 180d | 0000 49c7 | 8320 0d00 
  0x000001f648878d88: 0001 0000 | 00e9 2900 | 0000 4983 | bb28 0d00 | 0000 7517 | 4d89 8b28 | 0d00 0049 | c783 300d 
  0x000001f648878da8: 0000 0100 | 0000 e908 | 0000 0049 | 8383 080d | 0000 0148 | 8bd0 0f1f | 8000 0000 | 0048 b8ff 
  0x000001f648878dc8: ffff ffff 

  0x000001f648878dcc: ;   {virtual_call}
  0x000001f648878dcc: ffff ffe8 

  0x000001f648878dd0: ; ImmutableOopMap {[120]=Oop [136]=Oop [152]=Oop [160]=Oop [320]=Oop [328]=Oop [336]=Oop [344]=Oop }
                      ;*invokeinterface hasNext {reexecute=0 rethrow=0 return_oop=0}
                      ; - org.eclipse.osgi.internal.loader.classpath.ClasspathManager::defineClass@534 (line 788)
  0x000001f648878dd0: ac5c 0907 

  0x000001f648878dd4: ;   {other}
  0x000001f648878dd4: 0f1f 8400 | 442e 0029 | 85c0 ba02 | 0000 0075 | 05ba 0000 

  0x000001f648878de8: ;   {metadata(method data for {method} {0x000001f65d68e398} 'defineClass' '(Ljava/lang/String;[BLorg/eclipse/osgi/internal/loader/classpath/ClasspathEntry;Lorg/eclipse/osgi/storage/bundlefile/BundleEntry;Ljava/util/List;)Ljava/lang/Class;' in 'org/eclipse/osgi/internal/loader/classpath/ClasspathManager')}
  0x000001f648878de8: 0000 48be | e829 ac5d | f601 0000 | 8bbe d000 | 0000 03fa | 89be d000 | 0000 85d2 | 7505 bf02 
  0x000001f648878e08: 0000 0081 | e7fe 3f00 | 0085 ff0f | 847c 0200 | 004d 8b97 

  0x000001f648878e1c: ; ImmutableOopMap {[120]=Oop [136]=Oop [152]=Oop [160]=Oop [320]=Oop [328]=Oop [336]=Oop [344]=Oop }
                      ;*ifne {reexecute=1 rethrow=0 return_oop=0}
                      ; - (reexecute) org.eclipse.osgi.internal.loader.classpath.ClasspathManager::defineClass@539 (line 788)
  0x000001f648878e1c: 5804 0000 

  0x000001f648878e20: ;   {poll}
  0x000001f648878e20: 4185 0285 

  0x000001f648878e24: ;   {metadata(method data for {method} {0x000001f65d68e398} 'defineClass' '(Ljava/lang/String;[BLorg/eclipse/osgi/internal/loader/classpath/ClasspathEntry;Lorg/eclipse/osgi/storage/bundlefile/BundleEntry;Ljava/util/List;)Ljava/lang/Class;' in 'org/eclipse/osgi/internal/loader/classpath/ClasspathManager')}
  0x000001f648878e24: c048 bae8 | 29ac 5df6 | 0100 0048 | c7c6 400d | 0000 7507 | 48c7 c650 | 0d00 0048 | 8b3c 3248 
  0x000001f648878e44: 8d7f 0148 | 893c 320f | 853f fcff | ff48 8b84 | 2450 0100 | 00e9 a608 

  0x000001f648878e5c: ;   {metadata({method} {0x000001f65d68e398} 'defineClass' '(Ljava/lang/String;[BLorg/eclipse/osgi/internal/loader/classpath/ClasspathEntry;Lorg/eclipse/osgi/storage/bundlefile/BundleEntry;Ljava/util/List;)Ljava/lang/Class;' in 'org/eclipse/osgi/internal/loader/classpath/ClasspathManager')}
  0x000001f648878e5c: 0000 49ba | 90e3 685d | f601 0000 | 4c89 5424 | 0848 c704 | 24ff ffff 

  0x000001f648878e74: ;   {runtime_call counter_overflow Runtime1 stub}
  0x000001f648878e74: ffe8 06ce 

  0x000001f648878e78: ; ImmutableOopMap {rdx=Oop r8=Oop r9=Oop rdi=Oop rsi=Oop rcx=Oop [120]=Oop [128]=Oop [136]=Oop [144]=Oop [152]=Oop [160]=Oop }
                      ;*synchronization entry
                      ; - org.eclipse.osgi.internal.loader.classpath.ClasspathManager::defineClass@-1 (line 730)
  0x000001f648878e78: 1407 e953 

  0x000001f648878e7c: ;   {runtime_call throw_null_pointer_exception Runtime1 stub}
  0x000001f648878e7c: d7ff ffe8 

  0x000001f648878e80: ; ImmutableOopMap {rdx=Oop rsi=Oop [120]=Oop [128]=Oop [136]=Oop [144]=Oop [152]=Oop [160]=Oop }
                      ;*invokevirtual get {reexecute=0 rethrow=0 return_oop=0}
                      ; - org.eclipse.osgi.internal.loader.classpath.ClasspathManager::defineClass@16 (line 734)
  0x000001f648878e80: 7c91 0b07 | 4889 0424 

  0x000001f648878e88: ;   {runtime_call throw_class_cast_exception Runtime1 stub}
  0x000001f648878e88: e8f3 a014 

  0x000001f648878e8c: ; ImmutableOopMap {[120]=Oop [128]=Oop [136]=Oop [144]=Oop [152]=Oop [160]=Oop }
                      ;*checkcast {reexecute=0 rethrow=0 return_oop=0}
                      ; - org.eclipse.osgi.internal.loader.classpath.ClasspathManager::defineClass@19 (line 734)
  0x000001f648878e8c: 0748 8bd2 

  0x000001f648878e90: ;   {runtime_call fast_new_instance Runtime1 stub}
  0x000001f648878e90: e86b 880b 

  0x000001f648878e94: ; ImmutableOopMap {[120]=Oop [128]=Oop [136]=Oop [144]=Oop [152]=Oop [160]=Oop }
                      ;*new {reexecute=0 rethrow=0 return_oop=0}
                      ; - org.eclipse.osgi.internal.loader.classpath.ClasspathManager::defineClass@29 (line 736)
  0x000001f648878e94: 07e9 8bd9 

  0x000001f648878e98: ;   {metadata({method} {0x000001f65d808530} '<init>' '()V' in 'org/eclipse/osgi/internal/loader/classpath/ClasspathManager$DefineContext')}
  0x000001f648878e98: ffff 49ba | 2885 805d | f601 0000 | 4c89 5424 | 0848 c704 | 24ff ffff 

  0x000001f648878eb0: ;   {runtime_call counter_overflow Runtime1 stub}
  0x000001f648878eb0: ffe8 cacd 

  0x000001f648878eb4: ; ImmutableOopMap {rax=Oop [120]=Oop [128]=Oop [136]=Oop [144]=Oop [152]=Oop [160]=Oop [176]=Oop }
                      ;*synchronization entry
                      ; - org.eclipse.osgi.internal.loader.classpath.ClasspathManager$DefineContext::<init>@-1 (line 704)
                      ; - org.eclipse.osgi.internal.loader.classpath.ClasspathManager::defineClass@33 (line 736)
  0x000001f648878eb4: 1407 e9ae 

  0x000001f648878eb8: ;   {metadata({method} {0x000001f600474aa8} '<init>' '()V' in 'java/lang/Object')}
  0x000001f648878eb8: d9ff ff49 | baa0 4a47 | 00f6 0100 | 004c 8954 | 2408 48c7 | 0424 ffff 

  0x000001f648878ed0: ;   {runtime_call counter_overflow Runtime1 stub}
  0x000001f648878ed0: ffff e8a9 

  0x000001f648878ed4: ; ImmutableOopMap {rax=Oop [120]=Oop [128]=Oop [136]=Oop [144]=Oop [152]=Oop [160]=Oop [176]=Oop }
                      ;*synchronization entry
                      ; - java.lang.Object::<init>@-1
                      ; - org.eclipse.osgi.internal.loader.classpath.ClasspathManager$DefineContext::<init>@1 (line 704)
                      ; - org.eclipse.osgi.internal.loader.classpath.ClasspathManager::defineClass@33 (line 736)
  0x000001f648878ed4: cd14 07e9 | c9d9 ffff 

  0x000001f648878edc: ;   {runtime_call fast_new_instance Runtime1 stub}
  0x000001f648878edc: 488b d2e8 

  0x000001f648878ee0: ; ImmutableOopMap {[120]=Oop [128]=Oop [136]=Oop [144]=Oop [152]=Oop [160]=Oop [176]=Oop }
                      ;*new {reexecute=0 rethrow=0 return_oop=0}
                      ; - org.eclipse.osgi.internal.loader.classpath.ClasspathManager$DefineContext::<init>@5 (line 705)
                      ; - org.eclipse.osgi.internal.loader.classpath.ClasspathManager::defineClass@33 (line 736)
  0x000001f648878ee0: 1c88 0b07 | e90c daff | ff48 8bd2 

  0x000001f648878eec: ;   {runtime_call fast_new_instance Runtime1 stub}
  0x000001f648878eec: e80f 880b 

  0x000001f648878ef0: ; ImmutableOopMap {[120]=Oop [128]=Oop [136]=Oop [144]=Oop [152]=Oop [160]=Oop [176]=Oop }
                      ;*new {reexecute=0 rethrow=0 return_oop=0}
                      ; - org.eclipse.osgi.internal.loader.classpath.ClasspathManager$DefineContext::<init>@17 (line 706)
                      ; - org.eclipse.osgi.internal.loader.classpath.ClasspathManager::defineClass@33 (line 736)
  0x000001f648878ef0: 07e9 b2da 

  0x000001f648878ef4: ;   {runtime_call throw_null_pointer_exception Runtime1 stub}
  0x000001f648878ef4: ffff e805 

  0x000001f648878ef8: ; ImmutableOopMap {rax=Oop rdx=Oop rsi=Oop [120]=Oop [128]=Oop [136]=Oop [144]=Oop [152]=Oop [160]=Oop [176]=Oop }
                      ;*invokevirtual set {reexecute=0 rethrow=0 return_oop=0}
                      ; - org.eclipse.osgi.internal.loader.classpath.ClasspathManager::defineClass@44 (line 737)
                      ;   {runtime_call throw_null_pointer_exception Runtime1 stub}
  0x000001f648878ef8: 910b 07e8 

  0x000001f648878efc: ; ImmutableOopMap {rdx=Oop rsi=Oop r8=Oop [120]=Oop [128]=Oop [136]=Oop [144]=Oop [152]=Oop [160]=Oop }
                      ;*invokevirtual getContainer {reexecute=0 rethrow=0 return_oop=0}
                      ; - org.eclipse.osgi.internal.loader.classpath.ClasspathManager::defineClass@51 (line 741)
  0x000001f648878efc: 0091 0b07 

  0x000001f648878f00: ;   {runtime_call throw_null_pointer_exception Runtime1 stub}
  0x000001f648878f00: e8fb 900b 

  0x000001f648878f04: ; ImmutableOopMap {rdx=Oop rsi=Oop r8=Oop [120]=Oop [128]=Oop [136]=Oop [144]=Oop [152]=Oop [160]=Oop }
                      ;*invokevirtual isProcessClassRecursionSupportedByAll {reexecute=0 rethrow=0 return_oop=0}
                      ; - org.eclipse.osgi.internal.loader.classpath.ClasspathManager::defineClass@54 (line 741)
                      ;   {runtime_call throw_null_pointer_exception Runtime1 stub}
  0x000001f648878f04: 07e8 f690 

  0x000001f648878f08: ; ImmutableOopMap {rdx=Oop [120]=Oop [128]=Oop [136]=Oop [144]=Oop [152]=Oop [160]=Oop }
                      ;*getfield currentlyProcessing {reexecute=1 rethrow=0 return_oop=0}
                      ; - (reexecute) org.eclipse.osgi.internal.loader.classpath.ClasspathManager::defineClass@62 (line 744)
                      ;   {runtime_call throw_null_pointer_exception Runtime1 stub}
  0x000001f648878f08: 0b07 e8f1 

  0x000001f648878f0c: ; ImmutableOopMap {rdx=Oop rdi=Oop [120]=Oop [128]=Oop [136]=Oop [144]=Oop [152]=Oop [160]=Oop }
                      ;*invokeinterface contains {reexecute=0 rethrow=0 return_oop=0}
                      ; - org.eclipse.osgi.internal.loader.classpath.ClasspathManager::defineClass@66 (line 744)
                      ;   {runtime_call throw_null_pointer_exception Runtime1 stub}
  0x000001f648878f0c: 900b 07e8 

  0x000001f648878f10: ; ImmutableOopMap {rdx=Oop rsi=Oop [120]=Oop [128]=Oop [136]=Oop [144]=Oop [152]=Oop [160]=Oop }
                      ;*invokeinterface add {reexecute=0 rethrow=0 return_oop=0}
                      ; - org.eclipse.osgi.internal.loader.classpath.ClasspathManager::defineClass@161 (line 750)
  0x000001f648878f10: ec90 0b07 

  0x000001f648878f14: ;   {runtime_call throw_null_pointer_exception Runtime1 stub}
  0x000001f648878f14: e8e7 900b 

  0x000001f648878f18: ; ImmutableOopMap {rcx=Oop [120]=Oop [128]=Oop [136]=Oop [144]=Oop [152]=Oop [160]=Oop [200]=Oop }
                      ;*invokeinterface iterator {reexecute=0 rethrow=0 return_oop=0}
                      ; - org.eclipse.osgi.internal.loader.classpath.ClasspathManager::defineClass@169 (line 753)
  0x000001f648878f18: 0748 8904 

  0x000001f648878f1c: ;   {runtime_call throw_class_cast_exception Runtime1 stub}
  0x000001f648878f1c: 24e8 5ea0 

  0x000001f648878f20: ; ImmutableOopMap {[120]=Oop [136]=Oop [144]=Oop [152]=Oop [160]=Oop [200]=Oop [208]=Oop [216]=Oop }
                      ;*checkcast {reexecute=0 rethrow=0 return_oop=0}
                      ; - org.eclipse.osgi.internal.loader.classpath.ClasspathManager::defineClass@186 (line 753)
                      ;   {runtime_call throw_null_pointer_exception Runtime1 stub}
  0x000001f648878f20: 1407 e8d9 

  0x000001f648878f24: ; ImmutableOopMap {rsi=Oop [120]=Oop [136]=Oop [144]=Oop [152]=Oop [160]=Oop [200]=Oop [208]=Oop [216]=Oop }
                      ;*invokevirtual isProcessClassRecursionSupported {reexecute=0 rethrow=0 return_oop=0}
                      ; - org.eclipse.osgi.internal.loader.classpath.ClasspathManager::defineClass@193 (line 754)
                      ;   {runtime_call throw_null_pointer_exception Runtime1 stub}
  0x000001f648878f24: 900b 07e8 

  0x000001f648878f28: ; ImmutableOopMap {rax=Oop [120]=Oop [136]=Oop [144]=Oop [152]=Oop [160]=Oop [200]=Oop [208]=Oop [216]=Oop }
                      ;*invokeinterface hasNext {reexecute=0 rethrow=0 return_oop=0}
                      ; - org.eclipse.osgi.internal.loader.classpath.ClasspathManager::defineClass@216 (line 753)
  0x000001f648878f28: d490 0b07 

  0x000001f648878f2c: ;   {metadata({method} {0x000001f65d68e398} 'defineClass' '(Ljava/lang/String;[BLorg/eclipse/osgi/internal/loader/classpath/ClasspathEntry;Lorg/eclipse/osgi/storage/bundlefile/BundleEntry;Ljava/util/List;)Ljava/lang/Class;' in 'org/eclipse/osgi/internal/loader/classpath/ClasspathManager')}
  0x000001f648878f2c: 49ba 90e3 | 685d f601 | 0000 4c89 | 5424 0848 | c704 24dd 

  0x000001f648878f40: ;   {runtime_call counter_overflow Runtime1 stub}
  0x000001f648878f40: 0000 00e8 

  0x000001f648878f44: ; ImmutableOopMap {[120]=Oop [136]=Oop [144]=Oop [152]=Oop [160]=Oop [200]=Oop [208]=Oop [216]=Oop }
                      ;*ifne {reexecute=1 rethrow=0 return_oop=0}
                      ; - (reexecute) org.eclipse.osgi.internal.loader.classpath.ClasspathManager::defineClass@221 (line 753)
  0x000001f648878f44: 38cd 1407 | e9ec e2ff 

  0x000001f648878f4c: ;   {runtime_call throw_null_pointer_exception Runtime1 stub}
  0x000001f648878f4c: ffe8 ae90 

  0x000001f648878f50: ; ImmutableOopMap {rdx=Oop rsi=Oop [120]=Oop [136]=Oop [144]=Oop [152]=Oop [160]=Oop [216]=Oop }
                      ;*invokeinterface remove {reexecute=0 rethrow=0 return_oop=0}
                      ; - org.eclipse.osgi.internal.loader.classpath.ClasspathManager::defineClass@250 (line 759)
                      ;   {runtime_call throw_null_pointer_exception Runtime1 stub}
  0x000001f648878f50: 0b07 e8a9 

  0x000001f648878f54: ; ImmutableOopMap {rcx=Oop [120]=Oop [136]=Oop [144]=Oop [152]=Oop [160]=Oop [200]=Oop [232]=Oop }
                      ;*invokeinterface iterator {reexecute=0 rethrow=0 return_oop=0}
                      ; - org.eclipse.osgi.internal.loader.classpath.ClasspathManager::defineClass@258 (line 764)
  0x000001f648878f54: 900b 0748 

  0x000001f648878f58: ;   {runtime_call throw_class_cast_exception Runtime1 stub}
  0x000001f648878f58: 8904 24e8 

  0x000001f648878f5c: ; ImmutableOopMap {[120]=Oop [136]=Oop [144]=Oop [152]=Oop [160]=Oop [200]=Oop [240]=Oop [248]=Oop }
                      ;*checkcast {reexecute=0 rethrow=0 return_oop=0}
                      ; - org.eclipse.osgi.internal.loader.classpath.ClasspathManager::defineClass@275 (line 764)
  0x000001f648878f5c: 20a0 1407 

  0x000001f648878f60: ;   {runtime_call throw_null_pointer_exception Runtime1 stub}
  0x000001f648878f60: e89b 900b 

  0x000001f648878f64: ; ImmutableOopMap {rsi=Oop [120]=Oop [136]=Oop [144]=Oop [152]=Oop [160]=Oop [200]=Oop [240]=Oop [248]=Oop }
                      ;*invokevirtual isProcessClassRecursionSupported {reexecute=0 rethrow=0 return_oop=0}
                      ; - org.eclipse.osgi.internal.loader.classpath.ClasspathManager::defineClass@282 (line 765)
                      ;   {runtime_call throw_null_pointer_exception Runtime1 stub}
  0x000001f648878f64: 07e8 9690 

  0x000001f648878f68: ; ImmutableOopMap {rax=Oop [120]=Oop [136]=Oop [144]=Oop [152]=Oop [160]=Oop [200]=Oop [240]=Oop [248]=Oop }
                      ;*invokeinterface hasNext {reexecute=0 rethrow=0 return_oop=0}
                      ; - org.eclipse.osgi.internal.loader.classpath.ClasspathManager::defineClass@305 (line 764)
                      ;   {metadata({method} {0x000001f65d68e398} 'defineClass' '(Ljava/lang/String;[BLorg/eclipse/osgi/internal/loader/classpath/ClasspathEntry;Lorg/eclipse/osgi/storage/bundlefile/BundleEntry;Ljava/util/List;)Ljava/lang/Class;' in 'org/eclipse/osgi/internal/loader/classpath/ClasspathManager')}
  0x000001f648878f68: 0b07 49ba | 90e3 685d | f601 0000 | 4c89 5424 | 0848 c704 | 2436 0100 

  0x000001f648878f80: ;   {runtime_call counter_overflow Runtime1 stub}
  0x000001f648878f80: 00e8 facc 

  0x000001f648878f84: ; ImmutableOopMap {[120]=Oop [136]=Oop [144]=Oop [152]=Oop [160]=Oop [200]=Oop [240]=Oop [248]=Oop }
                      ;*ifne {reexecute=1 rethrow=0 return_oop=0}
                      ; - (reexecute) org.eclipse.osgi.internal.loader.classpath.ClasspathManager::defineClass@310 (line 764)
  0x000001f648878f84: 1407 e9e6 

  0x000001f648878f88: ;   {runtime_call throw_null_pointer_exception Runtime1 stub}
  0x000001f648878f88: e8ff ffe8 

  0x000001f648878f8c: ; ImmutableOopMap {rdx=Oop [120]=Oop [136]=Oop [144]=Oop [152]=Oop [160]=Oop [248]=Oop }
                      ;*getfield currentlyDefining {reexecute=1 rethrow=0 return_oop=0}
                      ; - (reexecute) org.eclipse.osgi.internal.loader.classpath.ClasspathManager::defineClass@315 (line 773)
  0x000001f648878f8c: 7090 0b07 

  0x000001f648878f90: ;   {runtime_call throw_null_pointer_exception Runtime1 stub}
  0x000001f648878f90: e86b 900b 

  0x000001f648878f94: ; ImmutableOopMap {rdx=Oop rsi=Oop [120]=Oop [136]=Oop [144]=Oop [152]=Oop [160]=Oop [248]=Oop }
                      ;*invokeinterface contains {reexecute=0 rethrow=0 return_oop=0}
                      ; - org.eclipse.osgi.internal.loader.classpath.ClasspathManager::defineClass@319 (line 773)
  0x000001f648878f94: 0748 8904 

  0x000001f648878f98: ;   {runtime_call throw_class_cast_exception Runtime1 stub}
  0x000001f648878f98: 24e8 e29f 

  0x000001f648878f9c: ; ImmutableOopMap {[120]=Oop [136]=Oop [152]=Oop [160]=Oop [248]=Oop [264]=Oop }
                      ;*checkcast {reexecute=0 rethrow=0 return_oop=0}
                      ; - org.eclipse.osgi.internal.loader.classpath.ClasspathManager::defineClass@375 (line 788)
                      ;   {runtime_call throw_null_pointer_exception Runtime1 stub}
  0x000001f648878f9c: 1407 e85d 

  0x000001f648878fa0: ; ImmutableOopMap {rdx=Oop [120]=Oop [136]=Oop [152]=Oop [160]=Oop [248]=Oop [264]=Oop }
                      ;*invokevirtual recordClassDefine {reexecute=0 rethrow=0 return_oop=0}
                      ; - org.eclipse.osgi.internal.loader.classpath.ClasspathManager::defineClass@390 (line 789)
                      ;   {runtime_call throw_null_pointer_exception Runtime1 stub}
  0x000001f648878fa0: 900b 07e8 

  0x000001f648878fa4: ; ImmutableOopMap {rax=Oop [120]=Oop [136]=Oop [152]=Oop [160]=Oop [248]=Oop [264]=Oop }
                      ;*invokeinterface hasNext {reexecute=0 rethrow=0 return_oop=0}
                      ; - org.eclipse.osgi.internal.loader.classpath.ClasspathManager::defineClass@395 (line 788)
  0x000001f648878fa4: 5890 0b07 

  0x000001f648878fa8: ;   {metadata({method} {0x000001f65d68e398} 'defineClass' '(Ljava/lang/String;[BLorg/eclipse/osgi/internal/loader/classpath/ClasspathEntry;Lorg/eclipse/osgi/storage/bundlefile/BundleEntry;Ljava/util/List;)Ljava/lang/Class;' in 'org/eclipse/osgi/internal/loader/classpath/ClasspathManager')}
  0x000001f648878fa8: 49ba 90e3 | 685d f601 | 0000 4c89 | 5424 0848 | c704 2490 

  0x000001f648878fbc: ;   {runtime_call counter_overflow Runtime1 stub}
  0x000001f648878fbc: 0100 00e8 

  0x000001f648878fc0: ; ImmutableOopMap {[120]=Oop [136]=Oop [152]=Oop [160]=Oop [248]=Oop [264]=Oop }
                      ;*ifne {reexecute=1 rethrow=0 return_oop=0}
                      ; - (reexecute) org.eclipse.osgi.internal.loader.classpath.ClasspathManager::defineClass@400 (line 788)
  0x000001f648878fc0: bccc 1407 | e960 eeff 

  0x000001f648878fc8: ;   {runtime_call throw_null_pointer_exception Runtime1 stub}
  0x000001f648878fc8: ffe8 3290 

  0x000001f648878fcc: ; ImmutableOopMap {rdx=Oop rsi=Oop [120]=Oop [136]=Oop [144]=Oop [152]=Oop [160]=Oop [248]=Oop }
                      ;*invokeinterface add {reexecute=0 rethrow=0 return_oop=0}
                      ; - org.eclipse.osgi.internal.loader.classpath.ClasspathManager::defineClass@411 (line 777)
                      ;   {runtime_call throw_null_pointer_exception Runtime1 stub}
  0x000001f648878fcc: 0b07 e82d 

  0x000001f648878fd0: ; ImmutableOopMap {rdx=Oop rsi=Oop [120]=Oop [136]=Oop [144]=Oop [152]=Oop [160]=Oop [200]=Oop [248]=Oop }
                      ;*invokevirtual defineClass {reexecute=0 rethrow=0 return_oop=0}
                      ; - org.eclipse.osgi.internal.loader.classpath.ClasspathManager::defineClass@424 (line 779)
                      ;   {runtime_call throw_null_pointer_exception Runtime1 stub}
  0x000001f648878fd0: 900b 07e8 

  0x000001f648878fd4: ; ImmutableOopMap {rdx=Oop [120]=Oop [136]=Oop [144]=Oop [152]=Oop [160]=Oop [248]=Oop [272]=Oop }
                      ;*invokeinterface remove {reexecute=0 rethrow=0 return_oop=0}
                      ; - org.eclipse.osgi.internal.loader.classpath.ClasspathManager::defineClass@455 (line 781)
  0x000001f648878fd4: 2890 0b07 

  0x000001f648878fd8: ;   {runtime_call throw_null_pointer_exception Runtime1 stub}
  0x000001f648878fd8: e823 900b 

  0x000001f648878fdc: ; ImmutableOopMap {rax=Oop [120]=Oop [136]=Oop [144]=Oop [152]=Oop [160]=Oop [248]=Oop [272]=Oop }
                      ;*getfield defined {reexecute=1 rethrow=0 return_oop=0}
                      ; - (reexecute) org.eclipse.osgi.internal.loader.classpath.ClasspathManager::defineClass@557 (line 787)
  0x000001f648878fdc: 0748 8904 

  0x000001f648878fe0: ;   {runtime_call throw_class_cast_exception Runtime1 stub}
  0x000001f648878fe0: 24e8 9a9f 

  0x000001f648878fe4: ; ImmutableOopMap {[120]=Oop [136]=Oop [152]=Oop [160]=Oop [248]=Oop [272]=Oop [280]=Oop [288]=Oop }
                      ;*checkcast {reexecute=0 rethrow=0 return_oop=0}
                      ; - org.eclipse.osgi.internal.loader.classpath.ClasspathManager::defineClass@593 (line 788)
                      ;   {runtime_call throw_null_pointer_exception Runtime1 stub}
  0x000001f648878fe4: 1407 e815 

  0x000001f648878fe8: ; ImmutableOopMap {rdx=Oop [120]=Oop [136]=Oop [152]=Oop [160]=Oop [248]=Oop [272]=Oop [280]=Oop [288]=Oop }
                      ;*invokevirtual recordClassDefine {reexecute=0 rethrow=0 return_oop=0}
                      ; - org.eclipse.osgi.internal.loader.classpath.ClasspathManager::defineClass@608 (line 789)
                      ;   {runtime_call throw_null_pointer_exception Runtime1 stub}
  0x000001f648878fe8: 900b 07e8 

  0x000001f648878fec: ; ImmutableOopMap {rax=Oop [120]=Oop [136]=Oop [152]=Oop [160]=Oop [248]=Oop [272]=Oop [280]=Oop [288]=Oop }
                      ;*invokeinterface hasNext {reexecute=0 rethrow=0 return_oop=0}
                      ; - org.eclipse.osgi.internal.loader.classpath.ClasspathManager::defineClass@613 (line 788)
  0x000001f648878fec: 1090 0b07 

  0x000001f648878ff0: ;   {metadata({method} {0x000001f65d68e398} 'defineClass' '(Ljava/lang/String;[BLorg/eclipse/osgi/internal/loader/classpath/ClasspathEntry;Lorg/eclipse/osgi/storage/bundlefile/BundleEntry;Ljava/util/List;)Ljava/lang/Class;' in 'org/eclipse/osgi/internal/loader/classpath/ClasspathManager')}
  0x000001f648878ff0: 49ba 90e3 | 685d f601 | 0000 4c89 | 5424 0848 | c704 246a 

  0x000001f648879004: ;   {runtime_call counter_overflow Runtime1 stub}
  0x000001f648879004: 0200 00e8 

  0x000001f648879008: ; ImmutableOopMap {[120]=Oop [136]=Oop [152]=Oop [160]=Oop [248]=Oop [272]=Oop [280]=Oop [288]=Oop }
                      ;*ifne {reexecute=1 rethrow=0 return_oop=0}
                      ; - (reexecute) org.eclipse.osgi.internal.loader.classpath.ClasspathManager::defineClass@618 (line 788)
  0x000001f648879008: 74cc 1407 | e9e0 f5ff 

  0x000001f648879010: ;   {internal_word}
  0x000001f648879010: ff49 ba82 | 8687 48f6 | 0100 004d | 8997 6804 

  0x000001f648879020: ;   {runtime_call SafepointBlob}
  0x000001f648879020: 0000 e9d9 

  0x000001f648879024: ;   {runtime_call throw_null_pointer_exception Runtime1 stub}
  0x000001f648879024: ba09 07e8 

  0x000001f648879028: ; ImmutableOopMap {}
                      ;*getfield clazz {reexecute=1 rethrow=0 return_oop=0}
                      ; - (reexecute) org.eclipse.osgi.internal.loader.classpath.ClasspathManager::defineClass@632 (line 794)
  0x000001f648879028: d48f 0b07 

  0x000001f64887902c: ;   {internal_word}
  0x000001f64887902c: 49ba 9b86 | 8748 f601 | 0000 4d89 | 9768 0400 

  0x000001f64887903c: ;   {runtime_call SafepointBlob}
  0x000001f64887903c: 00e9 beba 

  0x000001f648879040: ;   {internal_word}
  0x000001f648879040: 0907 49ba | bb86 8748 | f601 0000 | 4d89 9768 

  0x000001f648879050: ;   {runtime_call SafepointBlob}
  0x000001f648879050: 0400 00e9 | a8ba 0907 

  0x000001f648879058: ;   {internal_word}
  0x000001f648879058: 49ba eb86 | 8748 f601 | 0000 4d89 | 9768 0400 

  0x000001f648879068: ;   {runtime_call SafepointBlob}
  0x000001f648879068: 00e9 92ba 

  0x000001f64887906c: ;   {runtime_call throw_null_pointer_exception Runtime1 stub}
  0x000001f64887906c: 0907 e88d 

  0x000001f648879070: ; ImmutableOopMap {rax=Oop rdx=Oop [120]=Oop [136]=Oop [144]=Oop [152]=Oop [160]=Oop [248]=Oop }
                      ;*invokeinterface remove {reexecute=0 rethrow=0 return_oop=0}
                      ; - org.eclipse.osgi.internal.loader.classpath.ClasspathManager::defineClass@440 (line 781)
                      ;   {runtime_call throw_null_pointer_exception Runtime1 stub}
  0x000001f648879070: 8f0b 07e8 

  0x000001f648879074: ; ImmutableOopMap {rax=Oop rdx=Oop [120]=Oop [136]=Oop [144]=Oop [152]=Oop [160]=Oop [312]=Oop }
                      ;*invokeinterface remove {reexecute=0 rethrow=0 return_oop=0}
                      ; - org.eclipse.osgi.internal.loader.classpath.ClasspathManager::defineClass@235 (line 759)
  0x000001f648879074: 888f 0b07 

  0x000001f648879078: ;   {runtime_call throw_null_pointer_exception Runtime1 stub}
  0x000001f648879078: e883 8f0b 

  0x000001f64887907c: ; ImmutableOopMap {rax=Oop rdx=Oop [120]=Oop [136]=Oop [144]=Oop [152]=Oop [160]=Oop [328]=Oop }
                      ;*getfield defined {reexecute=1 rethrow=0 return_oop=0}
                      ; - (reexecute) org.eclipse.osgi.internal.loader.classpath.ClasspathManager::defineClass@478 (line 787)
                      ;   {runtime_call throw_null_pointer_exception Runtime1 stub}
  0x000001f64887907c: 07e8 7e8f 

  0x000001f648879080: ; ImmutableOopMap {rcx=Oop [120]=Oop [136]=Oop [144]=Oop [152]=Oop [160]=Oop [320]=Oop [328]=Oop [336]=Oop }
                      ;*invokeinterface iterator {reexecute=0 rethrow=0 return_oop=0}
                      ; - org.eclipse.osgi.internal.loader.classpath.ClasspathManager::defineClass@497 (line 788)
  0x000001f648879080: 0b07 4889 

  0x000001f648879084: ;   {runtime_call throw_class_cast_exception Runtime1 stub}
  0x000001f648879084: 0424 e8f5 

  0x000001f648879088: ; ImmutableOopMap {[120]=Oop [136]=Oop [152]=Oop [160]=Oop [320]=Oop [328]=Oop [336]=Oop [344]=Oop }
                      ;*checkcast {reexecute=0 rethrow=0 return_oop=0}
                      ; - org.eclipse.osgi.internal.loader.classpath.ClasspathManager::defineClass@514 (line 788)
                      ;   {runtime_call throw_null_pointer_exception Runtime1 stub}
  0x000001f648879088: 9e14 07e8 

  0x000001f64887908c: ; ImmutableOopMap {rdx=Oop [120]=Oop [136]=Oop [152]=Oop [160]=Oop [320]=Oop [328]=Oop [336]=Oop [344]=Oop }
                      ;*invokevirtual recordClassDefine {reexecute=0 rethrow=0 return_oop=0}
                      ; - org.eclipse.osgi.internal.loader.classpath.ClasspathManager::defineClass@529 (line 789)
  0x000001f64887908c: 708f 0b07 

  0x000001f648879090: ;   {runtime_call throw_null_pointer_exception Runtime1 stub}
  0x000001f648879090: e86b 8f0b 

  0x000001f648879094: ; ImmutableOopMap {rax=Oop [120]=Oop [136]=Oop [152]=Oop [160]=Oop [320]=Oop [328]=Oop [336]=Oop [344]=Oop }
                      ;*invokeinterface hasNext {reexecute=0 rethrow=0 return_oop=0}
                      ; - org.eclipse.osgi.internal.loader.classpath.ClasspathManager::defineClass@534 (line 788)
                      ;   {metadata({method} {0x000001f65d68e398} 'defineClass' '(Ljava/lang/String;[BLorg/eclipse/osgi/internal/loader/classpath/ClasspathEntry;Lorg/eclipse/osgi/storage/bundlefile/BundleEntry;Ljava/util/List;)Ljava/lang/Class;' in 'org/eclipse/osgi/internal/loader/classpath/ClasspathManager')}
  0x000001f648879094: 0749 ba90 | e368 5df6 | 0100 004c | 8954 2408 | 48c7 0424 | 1b02 0000 

  0x000001f6488790ac: ;   {runtime_call counter_overflow Runtime1 stub}
  0x000001f6488790ac: e8cf cb14 

  0x000001f6488790b0: ; ImmutableOopMap {[120]=Oop [136]=Oop [152]=Oop [160]=Oop [320]=Oop [328]=Oop [336]=Oop [344]=Oop }
                      ;*ifne {reexecute=1 rethrow=0 return_oop=0}
                      ; - (reexecute) org.eclipse.osgi.internal.loader.classpath.ClasspathManager::defineClass@539 (line 788)
  0x000001f6488790b0: 07e9 63fd 

  0x000001f6488790b4: ;   {oop(nullptr)}
  0x000001f6488790b4: ffff 48ba | 0000 0000 | 0000 0000 | 48ff b424 | 8000 0000 | 488f 8424 | 4801 0000 | e917 f8ff 
  0x000001f6488790d4: ;   {oop(nullptr)}
  0x000001f6488790d4: ff48 ba00 | 0000 0000 | 0000 0048 | ffb4 2480 | 0000 0048 | 8f84 2448 | 0100 00e9 | f8f7 ffff 
  0x000001f6488790f4: ;   {oop(nullptr)}
  0x000001f6488790f4: 48ba 0000 | 0000 0000 | 0000 48ff | b424 8000 | 0000 488f | 8424 4801 | 0000 e9d9 

  0x000001f648879110: ;   {oop(nullptr)}
  0x000001f648879110: f7ff ff48 | ba00 0000 | 0000 0000 | 0048 ffb4 | 2480 0000 | 0048 8f84 | 2448 0100 | 00e9 baf7 
  0x000001f648879130: ;   {oop(nullptr)}
  0x000001f648879130: ffff 48ba | 0000 0000 | 0000 0000 | 48ff b424 | 8000 0000 | 488f 8424 | 4801 0000 | e99b f7ff 
  0x000001f648879150: ;   {oop(nullptr)}
  0x000001f648879150: ff48 ba00 | 0000 0000 | 0000 0048 | ffb4 2480 | 0000 0048 | 8f84 2448 | 0100 00e9 | 7cf7 ffff 
  0x000001f648879170: ;   {oop(nullptr)}
  0x000001f648879170: 48ba 0000 | 0000 0000 | 0000 48ff | b424 8000 | 0000 488f | 8424 4801 | 0000 e95d | f7ff ff48 
  0x000001f648879190: ffb4 2480 | 0000 0048 | 8f84 2438 | 0100 0048 | 8b94 24c8 | 0000 00e9 | 48f6 ffff | 48ff b424 
  0x000001f6488791b0: d800 0000 | 488f 8424 | 3801 0000 | 488b 9424 | c800 0000 | e92b f6ff | ff48 ffb4 | 24d8 0000 
  0x000001f6488791d0: 0048 8f84 | 2438 0100 | 0048 8b94 | 24c8 0000 | 00e9 0ef6 | ffff 48ff | b424 d800 | 0000 488f 
  0x000001f6488791f0: 8424 3801 | 0000 488b | 9424 c800 | 0000 e9f1 | f5ff ff48 | ffb4 24d8 | 0000 0048 | 8f84 2438 
  0x000001f648879210: 0100 0048 | 8b94 24c8 | 0000 00e9 | d4f5 ffff 

  0x000001f648879220: ;   {oop(nullptr)}
  0x000001f648879220: 48ba 0000 | 0000 0000 | 0000 48ff | b424 d800 | 0000 488f | 8424 4801 | 0000 e9ad 

  0x000001f64887923c: ;   {oop(nullptr)}
  0x000001f64887923c: f6ff ff48 | ba00 0000 | 0000 0000 | 0048 ffb4 | 24e8 0000 | 0048 8f84 | 2448 0100 | 00e9 8ef6 
  0x000001f64887925c: ;   {oop(nullptr)}
  0x000001f64887925c: ffff 48ba | 0000 0000 | 0000 0000 | 48ff b424 | f800 0000 | 488f 8424 | 4801 0000 | e96f f6ff 
  0x000001f64887927c: ;   {oop(nullptr)}
  0x000001f64887927c: ff48 ba00 | 0000 0000 | 0000 0048 | ffb4 24f8 | 0000 0048 | 8f84 2448 | 0100 00e9 | 50f6 ffff 
  0x000001f64887929c: ;   {oop(nullptr)}
  0x000001f64887929c: 48ba 0000 | 0000 0000 | 0000 48ff | b424 f800 | 0000 488f | 8424 4801 | 0000 e931 

  0x000001f6488792b8: ;   {oop(nullptr)}
  0x000001f6488792b8: f6ff ff48 | ba00 0000 | 0000 0000 | 0048 ffb4 | 24f8 0000 | 0048 8f84 | 2448 0100 | 00e9 12f6 
  0x000001f6488792d8: ;   {oop(nullptr)}
  0x000001f6488792d8: ffff 48ba | 0000 0000 | 0000 0000 | 48ff b424 | f800 0000 | 488f 8424 | 4801 0000 | e9f3 f5ff 
  0x000001f6488792f8: ;   {oop(nullptr)}
  0x000001f6488792f8: ff48 ba00 | 0000 0000 | 0000 0048 | ffb4 24f8 | 0000 0048 | 8f84 2448 | 0100 00e9 | d4f5 ffff 
  0x000001f648879318: 488b 9424 | c800 0000 | e9d4 f3ff | ff48 8b94 | 2410 0100 | 0048 ffb4 | 24f8 0000 | 0048 8f84 
  0x000001f648879338: 2448 0100 | 00e9 aaf5 

  0x000001f648879340: ;   {oop(nullptr)}
  0x000001f648879340: ffff 48ba | 0000 0000 | 0000 0000 | 48ff b424 | f800 0000 | 488f 8424 | 4801 0000 | e98b f5ff 
  0x000001f648879360: ;   {oop(nullptr)}
  0x000001f648879360: ff48 ba00 | 0000 0000 | 0000 0048 | ffb4 24f8 | 0000 0048 | 8f84 2448 | 0100 00e9 | 6cf5 ffff 
  0x000001f648879380: ;   {oop(nullptr)}
  0x000001f648879380: 48ba 0000 | 0000 0000 | 0000 48ff | b424 3801 | 0000 488f | 8424 4801 | 0000 e94d 

  0x000001f64887939c: ;   {oop(nullptr)}
  0x000001f64887939c: f5ff ff48 | ba00 0000 | 0000 0000 | 0048 ffb4 | 2438 0100 | 0048 8f84 | 2448 0100 | 00e9 2ef5 
  0x000001f6488793bc: ;   {oop(nullptr)}
  0x000001f6488793bc: ffff 48ba | 0000 0000 | 0000 0000 | 48ff b424 | 8000 0000 | 488f 8424 | 4801 0000 | e90f f5ff 
  0x000001f6488793dc: ;   {oop(nullptr)}
  0x000001f6488793dc: ff48 ba00 | 0000 0000 | 0000 0048 | ffb4 2480 | 0000 0048 | 8f84 2448 | 0100 00e9 | f0f4 ffff 
  0x000001f6488793fc: ;   {oop(nullptr)}
  0x000001f6488793fc: 48ba 0000 | 0000 0000 | 0000 48ff | b424 8000 | 0000 488f | 8424 4801 | 0000 e9d1 

  0x000001f648879418: ;   {oop(nullptr)}
  0x000001f648879418: f4ff ff48 | ba00 0000 | 0000 0000 | 0048 ffb4 | 2480 0000 | 0048 8f84 | 2448 0100 | 00e9 b2f4 
  0x000001f648879438: ;   {oop(nullptr)}
  0x000001f648879438: ffff 48ba | 0000 0000 | 0000 0000 | 48ff b424 | 8000 0000 | 488f 8424 | 4801 0000 | e993 f4ff 
  0x000001f648879458: ;   {oop(nullptr)}
  0x000001f648879458: ff48 ba00 | 0000 0000 | 0000 0048 | ffb4 2480 | 0000 0048 | 8f84 2448 | 0100 00e9 | 74f4 ffff 
  0x000001f648879478: ;   {oop(nullptr)}
  0x000001f648879478: 48ba 0000 | 0000 0000 | 0000 48ff | b424 8000 | 0000 488f | 8424 4801 | 0000 e955 

  0x000001f648879494: ;   {oop(nullptr)}
  0x000001f648879494: f4ff ff48 | ba00 0000 | 0000 0000 | 0048 ffb4 | 2480 0000 | 0048 8f84 | 2448 0100 | 00e9 36f4 
  0x000001f6488794b4: ;   {oop(nullptr)}
  0x000001f6488794b4: ffff 48ba | 0000 0000 | 0000 0000 | 48ff b424 | 8000 0000 | 488f 8424 | 4801 0000 | e917 f4ff 
  0x000001f6488794d4: ;   {oop(nullptr)}
  0x000001f6488794d4: ff48 ba00 | 0000 0000 | 0000 0048 | ffb4 2480 | 0000 0048 | 8f84 2448 | 0100 00e9 | f8f3 ffff 
  0x000001f6488794f4: ;   {oop(nullptr)}
  0x000001f6488794f4: 48ba 0000 | 0000 0000 | 0000 48ff | b424 8000 | 0000 488f | 8424 4801 | 0000 e9d9 | f3ff ff48 
  0x000001f648879514: ffb4 2480 | 0000 0048 | 8f84 2438 | 0100 0048 | 8b94 24c8 | 0000 00e9 | c4f2 ffff | 48ff b424 
  0x000001f648879534: d800 0000 | 488f 8424 | 3801 0000 | 488b 9424 | c800 0000 | e9a7 f2ff | ff48 ffb4 | 24d8 0000 
  0x000001f648879554: 0048 8f84 | 2438 0100 | 0048 8b94 | 24c8 0000 | 00e9 8af2 | ffff 48ff | b424 d800 | 0000 488f 
  0x000001f648879574: 8424 3801 | 0000 488b | 9424 c800 | 0000 e96d 

  0x000001f648879584: ;   {oop(nullptr)}
  0x000001f648879584: f2ff ff48 | ba00 0000 | 0000 0000 | 0048 ffb4 | 24d8 0000 | 0048 8f84 | 2448 0100 | 00e9 46f3 
  0x000001f6488795a4: ;   {oop(nullptr)}
  0x000001f6488795a4: ffff 48ba | 0000 0000 | 0000 0000 | 48ff b424 | e800 0000 | 488f 8424 | 4801 0000 | e927 f3ff 
  0x000001f6488795c4: ;   {oop(nullptr)}
  0x000001f6488795c4: ff48 ba00 | 0000 0000 | 0000 0048 | ffb4 24f8 | 0000 0048 | 8f84 2448 | 0100 00e9 | 08f3 ffff 
  0x000001f6488795e4: ;   {oop(nullptr)}
  0x000001f6488795e4: 48ba 0000 | 0000 0000 | 0000 48ff | b424 f800 | 0000 488f | 8424 4801 | 0000 e9e9 

  0x000001f648879600: ;   {oop(nullptr)}
  0x000001f648879600: f2ff ff48 | ba00 0000 | 0000 0000 | 0048 ffb4 | 24f8 0000 | 0048 8f84 | 2448 0100 | 00e9 caf2 
  0x000001f648879620: ;   {oop(nullptr)}
  0x000001f648879620: ffff 48ba | 0000 0000 | 0000 0000 | 48ff b424 | f800 0000 | 488f 8424 | 4801 0000 | e9ab f2ff 
  0x000001f648879640: ;   {oop(nullptr)}
  0x000001f648879640: ff48 ba00 | 0000 0000 | 0000 0048 | ffb4 24f8 | 0000 0048 | 8f84 2448 | 0100 00e9 | 8cf2 ffff 
  0x000001f648879660: ;   {oop(nullptr)}
  0x000001f648879660: 48ba 0000 | 0000 0000 | 0000 48ff | b424 f800 | 0000 488f | 8424 4801 | 0000 e96d | f2ff ff48 
  0x000001f648879680: 8b94 24c8 | 0000 00e9 | 6df0 ffff | 488b 9424 | 1001 0000 | 48ff b424 | f800 0000 | 488f 8424 
  0x000001f6488796a0: 4801 0000 | e943 f2ff 

  0x000001f6488796a8: ;   {oop(nullptr)}
  0x000001f6488796a8: ff48 ba00 | 0000 0000 | 0000 0048 | ffb4 24f8 | 0000 0048 | 8f84 2448 | 0100 00e9 | 24f2 ffff 
  0x000001f6488796c8: ;   {oop(nullptr)}
  0x000001f6488796c8: 48ba 0000 | 0000 0000 | 0000 48ff | b424 3801 | 0000 488f | 8424 4801 | 0000 e905 | f2ff ff49 
  0x000001f6488796e8: 8b87 0005 | 0000 49c7 | 8700 0500 | 0000 0000 | 0049 c787 | 0805 0000 | 0000 0000 | 4881 c470 
  0x000001f648879708: 0100 005d 

  0x000001f64887970c: ;   {runtime_call unwind_exception Runtime1 stub}
  0x000001f64887970c: e9ef 970b | 07f4 f4f4 | f4f4 f4f4 
[Stub Code]
  0x000001f648879718: ;   {no_reloc}
  0x000001f648879718: 0f1f 4400 

  0x000001f64887971c: ;   {static_stub}
  0x000001f64887971c: 0048 bb00 | 0000 0000 

  0x000001f648879724: ;   {runtime_call nmethod}
  0x000001f648879724: 0000 00e9 | fbff ffff 

  0x000001f64887972c: ;   {static_stub}
  0x000001f64887972c: 9048 bb00 | 0000 0000 

  0x000001f648879734: ;   {runtime_call nmethod}
  0x000001f648879734: 0000 00e9 | fbff ffff 

  0x000001f64887973c: ;   {static_stub}
  0x000001f64887973c: 9048 bb00 | 0000 0000 

  0x000001f648879744: ;   {runtime_call nmethod}
  0x000001f648879744: 0000 00e9 | fbff ffff 

  0x000001f64887974c: ;   {static_stub}
  0x000001f64887974c: 9048 bb00 | 0000 0000 

  0x000001f648879754: ;   {runtime_call nmethod}
  0x000001f648879754: 0000 00e9 | fbff ffff 

  0x000001f64887975c: ;   {static_stub}
  0x000001f64887975c: 9048 bb00 | 0000 0000 

  0x000001f648879764: ;   {runtime_call nmethod}
  0x000001f648879764: 0000 00e9 | fbff ffff 

  0x000001f64887976c: ;   {static_stub}
  0x000001f64887976c: 9048 bb00 | 0000 0000 

  0x000001f648879774: ;   {runtime_call nmethod}
  0x000001f648879774: 0000 00e9 | fbff ffff 

  0x000001f64887977c: ;   {static_stub}
  0x000001f64887977c: 9048 bb00 | 0000 0000 

  0x000001f648879784: ;   {runtime_call nmethod}
  0x000001f648879784: 0000 00e9 | fbff ffff 

  0x000001f64887978c: ;   {static_stub}
  0x000001f64887978c: 9048 bb00 | 0000 0000 

  0x000001f648879794: ;   {runtime_call nmethod}
  0x000001f648879794: 0000 00e9 | fbff ffff 

  0x000001f64887979c: ;   {static_stub}
  0x000001f64887979c: 9048 bb00 | 0000 0000 

  0x000001f6488797a4: ;   {runtime_call nmethod}
  0x000001f6488797a4: 0000 00e9 | fbff ffff 

  0x000001f6488797ac: ;   {static_stub}
  0x000001f6488797ac: 9048 bb00 | 0000 0000 

  0x000001f6488797b4: ;   {runtime_call nmethod}
  0x000001f6488797b4: 0000 00e9 | fbff ffff 

  0x000001f6488797bc: ;   {static_stub}
  0x000001f6488797bc: 9048 bb00 | 0000 0000 

  0x000001f6488797c4: ;   {runtime_call nmethod}
  0x000001f6488797c4: 0000 00e9 | fbff ffff 

  0x000001f6488797cc: ;   {static_stub}
  0x000001f6488797cc: 9048 bb00 | 0000 0000 

  0x000001f6488797d4: ;   {runtime_call nmethod}
  0x000001f6488797d4: 0000 00e9 | fbff ffff 

  0x000001f6488797dc: ;   {static_stub}
  0x000001f6488797dc: 9048 bb00 | 0000 0000 

  0x000001f6488797e4: ;   {runtime_call nmethod}
  0x000001f6488797e4: 0000 00e9 | fbff ffff 

  0x000001f6488797ec: ;   {static_stub}
  0x000001f6488797ec: 9048 bb00 | 0000 0000 

  0x000001f6488797f4: ;   {runtime_call nmethod}
  0x000001f6488797f4: 0000 00e9 | fbff ffff 

  0x000001f6488797fc: ;   {static_stub}
  0x000001f6488797fc: 9048 bb00 | 0000 0000 

  0x000001f648879804: ;   {runtime_call nmethod}
  0x000001f648879804: 0000 00e9 | fbff ffff 

  0x000001f64887980c: ;   {static_stub}
  0x000001f64887980c: 9048 bb00 | 0000 0000 

  0x000001f648879814: ;   {runtime_call nmethod}
  0x000001f648879814: 0000 00e9 | fbff ffff 

  0x000001f64887981c: ;   {static_stub}
  0x000001f64887981c: 9048 bb00 | 0000 0000 

  0x000001f648879824: ;   {runtime_call nmethod}
  0x000001f648879824: 0000 00e9 | fbff ffff 

  0x000001f64887982c: ;   {static_stub}
  0x000001f64887982c: 9048 bb00 | 0000 0000 

  0x000001f648879834: ;   {runtime_call nmethod}
  0x000001f648879834: 0000 00e9 | fbff ffff 

  0x000001f64887983c: ;   {static_stub}
  0x000001f64887983c: 9048 bb00 | 0000 0000 

  0x000001f648879844: ;   {runtime_call nmethod}
  0x000001f648879844: 0000 00e9 | fbff ffff 

  0x000001f64887984c: ;   {static_stub}
  0x000001f64887984c: 9048 bb30 | fd5d 5df6 

  0x000001f648879854: ;   {runtime_call I2C/C2I adapters}
  0x000001f648879854: 0100 00e9 | 93ba 0807 

  0x000001f64887985c: ;   {static_stub}
  0x000001f64887985c: 9048 bb00 | 0000 0000 

  0x000001f648879864: ;   {runtime_call nmethod}
  0x000001f648879864: 0000 00e9 | fbff ffff 

  0x000001f64887986c: ;   {static_stub}
  0x000001f64887986c: 9048 bb00 | 0000 0000 

  0x000001f648879874: ;   {runtime_call nmethod}
  0x000001f648879874: 0000 00e9 | fbff ffff 

  0x000001f64887987c: ;   {static_stub}
  0x000001f64887987c: 9048 bb00 | 0000 0000 

  0x000001f648879884: ;   {runtime_call nmethod}
  0x000001f648879884: 0000 00e9 | fbff ffff 

  0x000001f64887988c: ;   {static_stub}
  0x000001f64887988c: 9048 bb00 | 0000 0000 

  0x000001f648879894: ;   {runtime_call nmethod}
  0x000001f648879894: 0000 00e9 | fbff ffff 

  0x000001f64887989c: ;   {static_stub}
  0x000001f64887989c: 9048 bb00 | 0000 0000 

  0x000001f6488798a4: ;   {runtime_call nmethod}
  0x000001f6488798a4: 0000 00e9 | fbff ffff 

  0x000001f6488798ac: ;   {static_stub}
  0x000001f6488798ac: 9048 bb00 | 0000 0000 

  0x000001f6488798b4: ;   {runtime_call nmethod}
  0x000001f6488798b4: 0000 00e9 | fbff ffff 

  0x000001f6488798bc: ;   {static_stub}
  0x000001f6488798bc: 9048 bb00 | 0000 0000 

  0x000001f6488798c4: ;   {runtime_call nmethod}
  0x000001f6488798c4: 0000 00e9 | fbff ffff 

  0x000001f6488798cc: ;   {static_stub}
  0x000001f6488798cc: 9048 bb00 | 0000 0000 

  0x000001f6488798d4: ;   {runtime_call nmethod}
  0x000001f6488798d4: 0000 00e9 | fbff ffff 

  0x000001f6488798dc: ;   {static_stub}
  0x000001f6488798dc: 9048 bb00 | 0000 0000 

  0x000001f6488798e4: ;   {runtime_call nmethod}
  0x000001f6488798e4: 0000 00e9 | fbff ffff 

  0x000001f6488798ec: ;   {static_stub}
  0x000001f6488798ec: 9048 bb00 | 0000 0000 

  0x000001f6488798f4: ;   {runtime_call nmethod}
  0x000001f6488798f4: 0000 00e9 | fbff ffff 

  0x000001f6488798fc: ;   {static_stub}
  0x000001f6488798fc: 9048 bb00 | 0000 0000 

  0x000001f648879904: ;   {runtime_call nmethod}
  0x000001f648879904: 0000 00e9 | fbff ffff 

  0x000001f64887990c: ;   {static_stub}
  0x000001f64887990c: 48bb 0000 | 0000 0000 

  0x000001f648879914: ;   {runtime_call nmethod}
  0x000001f648879914: 0000 e9fb 

  0x000001f648879918: ;   {static_stub}
  0x000001f648879918: ffff ff48 | bb00 0000 | 0000 0000 

  0x000001f648879924: ;   {runtime_call nmethod}
  0x000001f648879924: 00e9 fbff 

  0x000001f648879928: ;   {static_stub}
  0x000001f648879928: ffff 48bb | 0000 0000 | 0000 0000 

  0x000001f648879934: ;   {runtime_call nmethod}
  0x000001f648879934: e9fb ffff 

  0x000001f648879938: ;   {runtime_call handle_exception_from_callee Runtime1 stub}
  0x000001f648879938: ffe8 c268 

  0x000001f64887993c: ;   {external_word}
  0x000001f64887993c: 0b07 48b9 | 5063 27eb | fa7f 0000 | 4883 e4f0 

  0x000001f64887994c: ;   {runtime_call}
  0x000001f64887994c: 48b8 c0c9 | e9ea fa7f | 0000 ffd0 

  0x000001f648879958: ;   {section_word}
  0x000001f648879958: f449 ba59 | 9987 48f6 | 0100 0041 

  0x000001f648879964: ;   {runtime_call DeoptimizationBlob}
  0x000001f648879964: 52e9 36a4 | 0907 f4f4 | f4f4 f4f4 
[/MachCode]


---------------  P R O C E S S  ---------------

Threads class SMR info:
_java_thread_list=0x000001f661588bc0, length=17, elements={
0x000001f64518aec0, 0x000001f65bb77b90, 0x000001f65bb7c030, 0x000001f65bb7e150,
0x000001f65bb7ffd0, 0x000001f65bb82dc0, 0x000001f65bb83820, 0x000001f65bb86670,
0x000001f65bbfe4c0, 0x000001f65c8d5860, 0x000001f65cb4f8f0, 0x000001f6610344d0,
0x000001f66126c950, 0x000001f65cb89c60, 0x000001f65cb8a2d0, 0x000001f661333ea0,
0x000001f6617f8dc0
}

Java Threads: ( => current thread )
  0x000001f64518aec0 JavaThread "main"                              [_thread_blocked, id=23508, stack(0x0000005752500000,0x0000005752600000) (1024K)]
  0x000001f65bb77b90 JavaThread "Reference Handler"          daemon [_thread_blocked, id=22972, stack(0x0000005752900000,0x0000005752a00000) (1024K)]
  0x000001f65bb7c030 JavaThread "Finalizer"                  daemon [_thread_blocked, id=22984, stack(0x0000005752a00000,0x0000005752b00000) (1024K)]
  0x000001f65bb7e150 JavaThread "Signal Dispatcher"          daemon [_thread_blocked, id=22992, stack(0x0000005752b00000,0x0000005752c00000) (1024K)]
  0x000001f65bb7ffd0 JavaThread "Attach Listener"            daemon [_thread_blocked, id=23296, stack(0x0000005752c00000,0x0000005752d00000) (1024K)]
  0x000001f65bb82dc0 JavaThread "Service Thread"             daemon [_thread_blocked, id=23248, stack(0x0000005752d00000,0x0000005752e00000) (1024K)]
  0x000001f65bb83820 JavaThread "Monitor Deflation Thread"   daemon [_thread_blocked, id=23012, stack(0x0000005752e00000,0x0000005752f00000) (1024K)]
  0x000001f65bb86670 JavaThread "C2 CompilerThread0"         daemon [_thread_blocked, id=23164, stack(0x0000005752f00000,0x0000005753000000) (1024K)]
  0x000001f65bbfe4c0 JavaThread "C1 CompilerThread0"         daemon [_thread_blocked, id=23016, stack(0x0000005753000000,0x0000005753100000) (1024K)]
  0x000001f65c8d5860 JavaThread "Common-Cleaner"             daemon [_thread_blocked, id=23992, stack(0x0000005753100000,0x0000005753200000) (1024K)]
  0x000001f65cb4f8f0 JavaThread "Notification Thread"        daemon [_thread_blocked, id=25308, stack(0x0000005753200000,0x0000005753300000) (1024K)]
  0x000001f6610344d0 JavaThread "Active Thread: Equinox Container: 30e6ad71-58f1-48f9-8393-9a12a79d2014"        [_thread_blocked, id=20720, stack(0x0000005753600000,0x0000005753700000) (1024K)]
  0x000001f66126c950 JavaThread "Refresh Thread: Equinox Container: 30e6ad71-58f1-48f9-8393-9a12a79d2014" daemon [_thread_blocked, id=15312, stack(0x0000005753700000,0x0000005753800000) (1024K)]
  0x000001f65cb89c60 JavaThread "Framework Event Dispatcher: Equinox Container: 30e6ad71-58f1-48f9-8393-9a12a79d2014" daemon [_thread_blocked, id=15892, stack(0x0000005753800000,0x0000005753900000) (1024K)]
=>0x000001f65cb8a2d0 JavaThread "Start Level: Equinox Container: 30e6ad71-58f1-48f9-8393-9a12a79d2014" daemon [_thread_in_vm, id=22684, stack(0x0000005753900000,0x0000005753a00000) (1024K)]
  0x000001f661333ea0 JavaThread "Bundle File Closer"         daemon [_thread_blocked, id=24160, stack(0x0000005753b00000,0x0000005753c00000) (1024K)]
  0x000001f6617f8dc0 JavaThread "SCR Component Actor"        daemon [_thread_blocked, id=24028, stack(0x0000005753a00000,0x0000005753b00000) (1024K)]
Total: 17

Other Threads:
  0x000001f64524b680 VMThread "VM Thread"                           [id=22964, stack(0x0000005752800000,0x0000005752900000) (1024K)] _threads_hazard_ptr=0x000001f661588bc0
  0x000001f65bb1ca00 WatcherThread "VM Periodic Task Thread"        [id=22948, stack(0x0000005752700000,0x0000005752800000) (1024K)]
  0x000001f6451a9200 WorkerThread "GC Thread#0"                     [id=22932, stack(0x0000005752600000,0x0000005752700000) (1024K)]
  0x000001f6611665d0 WorkerThread "GC Thread#1"                     [id=28640, stack(0x0000005753300000,0x0000005753400000) (1024K)]
  0x000001f661166980 WorkerThread "GC Thread#2"                     [id=920, stack(0x0000005753400000,0x0000005753500000) (1024K)]
  0x000001f661166220 WorkerThread "GC Thread#3"                     [id=8224, stack(0x0000005753500000,0x0000005753600000) (1024K)]
Total: 6

Threads with active compile tasks:
Total: 0

VM state: synchronizing (normal execution)

VM Mutex/Monitor currently owned by a thread:  ([mutex/lock_event])
[0x00007ffaeb52d530] Metaspace_lock - owner thread: 0x000001f65cb8a2d0
[0x00007ffaeb52f5b0] Threads_lock - owner thread: 0x000001f64524b680

Heap address: 0x0000000080000000, size: 2048 MB, Compressed Oops mode: 32-bit

CDS archive(s) mapped at: [0x000001f600000000-0x000001f600ba0000-0x000001f600ba0000), size 12189696, SharedBaseAddress: 0x000001f600000000, ArchiveRelocationMode: 1.
Compressed class space mapped at: 0x000001f601000000-0x000001f641000000, reserved size: 1073741824
Narrow klass base: 0x000001f600000000, Narrow klass shift: 0, Narrow klass range: 0x100000000

GC Precious Log:
 CardTable entry size: 512
 CPUs: 4 total, 4 available
 Memory: 16287M
 Large Page Support: Disabled
 NUMA Support: Disabled
 Compressed Oops: Enabled (32-bit)
 Alignments: Space 512K, Generation 512K, Heap 2M
 Heap Min Capacity: 100M
 Heap Initial Capacity: 100M
 Heap Max Capacity: 2G
 Pre-touch: Disabled
 Parallel Workers: 4

Heap:
 PSYoungGen      total 29696K, used 12759K [0x00000000d5580000, 0x00000000d7680000, 0x0000000100000000)
  eden space 25600K, 33% used [0x00000000d5580000,0x00000000d5dfd4e0,0x00000000d6e80000)
  from space 4096K, 99% used [0x00000000d7280000,0x00000000d7678b18,0x00000000d7680000)
  to   space 4096K, 0% used [0x00000000d6e80000,0x00000000d6e80000,0x00000000d7280000)
 ParOldGen       total 68608K, used 6812K [0x0000000080000000, 0x0000000084300000, 0x00000000d5580000)
  object space 68608K, 9% used [0x0000000080000000,0x00000000806a7118,0x0000000084300000)
 Metaspace       used 12906K, committed 13312K, reserved 1114112K
  class space    used 1361K, committed 1536K, reserved 1048576K

Card table byte_map: [0x000001f644b50000,0x000001f644f60000] _byte_map_base: 0x000001f644750000

Marking Bits: (ParMarkBitMap*) 0x00007ffaeb5344a0
 Begin Bits: [0x000001f657640000, 0x000001f659640000)
 End Bits:   [0x000001f659640000, 0x000001f65b640000)

Polling page: 0x000001f643070000

Metaspace:

Usage:
  Non-class:     11.27 MB used.
      Class:      1.33 MB used.
       Both:     12.60 MB used.

Virtual space:
  Non-class space:       64.00 MB reserved,      11.50 MB ( 18%) committed,  1 nodes.
      Class space:        1.00 GB reserved,       1.50 MB ( <1%) committed,  1 nodes.
             Both:        1.06 GB reserved,      13.00 MB (  1%) committed. 

Chunk freelists:
   Non-Class:  4.17 MB
       Class:  14.51 MB
        Both:  18.68 MB

MaxMetaspaceSize: unlimited
CompressedClassSpaceSize: 1.00 GB
Initial GC threshold: 21.00 MB
Current GC threshold: 21.00 MB
CDS: on
 - commit_granule_bytes: 65536.
 - commit_granule_words: 8192.
 - virtual_space_node_default_size: 8388608.
 - enlarge_chunks_in_place: 1.
 - use_allocation_guard: 0.


Internal statistics:

num_allocs_failed_limit: 0.
num_arena_births: 316.
num_arena_deaths: 0.
num_vsnodes_births: 2.
num_vsnodes_deaths: 0.
num_space_committed: 208.
num_space_uncommitted: 0.
num_chunks_returned_to_freelist: 0.
num_chunks_taken_from_freelist: 713.
num_chunk_merges: 0.
num_chunk_splits: 443.
num_chunks_enlarged: 293.
num_inconsistent_stats: 0.

CodeHeap 'non-profiled nmethods': size=120000Kb used=1231Kb max_used=1231Kb free=118768Kb
 bounds [0x000001f64fe60000, 0x000001f6500d0000, 0x000001f657390000]
CodeHeap 'profiled nmethods': size=120000Kb used=5505Kb max_used=5505Kb free=114494Kb
 bounds [0x000001f648390000, 0x000001f648900000, 0x000001f64f8c0000]
CodeHeap 'non-nmethods': size=5760Kb used=1240Kb max_used=1262Kb free=4519Kb
 bounds [0x000001f64f8c0000, 0x000001f64fb30000, 0x000001f64fe60000]
CodeCache: size=245760Kb, used=7976Kb, max_used=7998Kb, free=237781Kb
 total_blobs=3281, nmethods=2772, adapters=415, full_count=0
Compilation: enabled, stopped_count=0, restarted_count=0

Compilation events (20 events):
Event: 24.412 Thread 0x000001f65bbfe4c0 2763       3       java.util.stream.ReferencePipeline::map (26 bytes)
Event: 24.413 Thread 0x000001f65bbfe4c0 nmethod 2763 0x000001f6488ec510 code [0x000001f6488ec700, 0x000001f6488ecb90]
Event: 24.413 Thread 0x000001f65bbfe4c0 2766       1       java.util.Collections$EmptyList::contains (2 bytes)
Event: 24.413 Thread 0x000001f65bbfe4c0 nmethod 2766 0x000001f64ff91190 code [0x000001f64ff91320, 0x000001f64ff913e8]
Event: 24.413 Thread 0x000001f65bbfe4c0 2764       3       java.util.stream.ReferencePipeline$3::<init> (15 bytes)
Event: 24.413 Thread 0x000001f65bbfe4c0 nmethod 2764 0x000001f6488ecd90 code [0x000001f6488ecf40, 0x000001f6488ed180]
Event: 24.413 Thread 0x000001f65bbfe4c0 2765       3       java.util.stream.ReferencePipeline$3::opWrapSink (10 bytes)
Event: 24.414 Thread 0x000001f65bbfe4c0 nmethod 2765 0x000001f6488ed310 code [0x000001f6488ed500, 0x000001f6488eda28]
Event: 24.417 Thread 0x000001f65bbfe4c0 2767       3       java.util.zip.Inflater::<init> (28 bytes)
Event: 24.417 Thread 0x000001f65bbfe4c0 nmethod 2767 0x000001f6488edc10 code [0x000001f6488ede00, 0x000001f6488ee218]
Event: 24.418 Thread 0x000001f65bbfe4c0 2768       3       org.eclipse.osgi.internal.loader.BundleLoader::isExportedPackage (11 bytes)
Event: 24.418 Thread 0x000001f65bbfe4c0 nmethod 2768 0x000001f6488ee410 code [0x000001f6488ee5c0, 0x000001f6488ee798]
Event: 24.418 Thread 0x000001f65bbfe4c0 2769   !   3       java.util.Collections$SynchronizedCollection::contains (25 bytes)
Event: 24.418 Thread 0x000001f65bbfe4c0 nmethod 2769 0x000001f6488ee890 code [0x000001f6488eea40, 0x000001f6488eed10]
Event: 24.420 Thread 0x000001f65bbfe4c0 2770       3       java.util.ArrayDeque::isEmpty (17 bytes)
Event: 24.421 Thread 0x000001f65bbfe4c0 nmethod 2770 0x000001f6488eee90 code [0x000001f6488ef020, 0x000001f6488ef188]
Event: 24.421 Thread 0x000001f65bbfe4c0 2771   !   3       org.eclipse.osgi.internal.loader.classpath.ClasspathManager::findLocalClass (210 bytes)
Event: 24.422 Thread 0x000001f65bbfe4c0 nmethod 2771 0x000001f64ff91490 code [0x000001f64ff91860, 0x000001f64ff933e8]
Event: 24.423 Thread 0x000001f65bbfe4c0 2772       3       org.eclipse.osgi.internal.hooks.EclipseLazyStarter::preFindLocalClass (120 bytes)
Event: 24.424 Thread 0x000001f65bbfe4c0 nmethod 2772 0x000001f6488ef210 code [0x000001f6488ef4c0, 0x000001f6488f0228]

GC Heap History (8 events):
Event: 6.744 GC heap before
{Heap before GC invocations=1 (full 0):
 PSYoungGen      total 29696K, used 25600K [0x00000000d5580000, 0x00000000d7680000, 0x0000000100000000)
  eden space 25600K, 100% used [0x00000000d5580000,0x00000000d6e80000,0x00000000d6e80000)
  from space 4096K, 0% used [0x00000000d7280000,0x00000000d7280000,0x00000000d7680000)
  to   space 4096K, 0% used [0x00000000d6e80000,0x00000000d6e80000,0x00000000d7280000)
 ParOldGen       total 68608K, used 0K [0x0000000080000000, 0x0000000084300000, 0x00000000d5580000)
  object space 68608K, 0% used [0x0000000080000000,0x0000000080000000,0x0000000084300000)
 Metaspace       used 4386K, committed 4672K, reserved 1114112K
  class space    used 477K, committed 576K, reserved 1048576K
}
Event: 6.757 GC heap after
{Heap after GC invocations=1 (full 0):
 PSYoungGen      total 29696K, used 3303K [0x00000000d5580000, 0x00000000d7680000, 0x0000000100000000)
  eden space 25600K, 0% used [0x00000000d5580000,0x00000000d5580000,0x00000000d6e80000)
  from space 4096K, 80% used [0x00000000d6e80000,0x00000000d71b9e98,0x00000000d7280000)
  to   space 4096K, 0% used [0x00000000d7280000,0x00000000d7280000,0x00000000d7680000)
 ParOldGen       total 68608K, used 0K [0x0000000080000000, 0x0000000084300000, 0x00000000d5580000)
  object space 68608K, 0% used [0x0000000080000000,0x0000000080000000,0x0000000084300000)
 Metaspace       used 4386K, committed 4672K, reserved 1114112K
  class space    used 477K, committed 576K, reserved 1048576K
}
Event: 12.883 GC heap before
{Heap before GC invocations=2 (full 0):
 PSYoungGen      total 29696K, used 28903K [0x00000000d5580000, 0x00000000d7680000, 0x0000000100000000)
  eden space 25600K, 100% used [0x00000000d5580000,0x00000000d6e80000,0x00000000d6e80000)
  from space 4096K, 80% used [0x00000000d6e80000,0x00000000d71b9e98,0x00000000d7280000)
  to   space 4096K, 0% used [0x00000000d7280000,0x00000000d7280000,0x00000000d7680000)
 ParOldGen       total 68608K, used 0K [0x0000000080000000, 0x0000000084300000, 0x00000000d5580000)
  object space 68608K, 0% used [0x0000000080000000,0x0000000080000000,0x0000000084300000)
 Metaspace       used 8063K, committed 8320K, reserved 1114112K
  class space    used 833K, committed 960K, reserved 1048576K
}
Event: 12.894 GC heap after
{Heap after GC invocations=2 (full 0):
 PSYoungGen      total 29696K, used 4077K [0x00000000d5580000, 0x00000000d7680000, 0x0000000100000000)
  eden space 25600K, 0% used [0x00000000d5580000,0x00000000d5580000,0x00000000d6e80000)
  from space 4096K, 99% used [0x00000000d7280000,0x00000000d767b560,0x00000000d7680000)
  to   space 4096K, 0% used [0x00000000d6e80000,0x00000000d6e80000,0x00000000d7280000)
 ParOldGen       total 68608K, used 2025K [0x0000000080000000, 0x0000000084300000, 0x00000000d5580000)
  object space 68608K, 2% used [0x0000000080000000,0x00000000801fa660,0x0000000084300000)
 Metaspace       used 8063K, committed 8320K, reserved 1114112K
  class space    used 833K, committed 960K, reserved 1048576K
}
Event: 16.136 GC heap before
{Heap before GC invocations=3 (full 0):
 PSYoungGen      total 29696K, used 29677K [0x00000000d5580000, 0x00000000d7680000, 0x0000000100000000)
  eden space 25600K, 100% used [0x00000000d5580000,0x00000000d6e80000,0x00000000d6e80000)
  from space 4096K, 99% used [0x00000000d7280000,0x00000000d767b560,0x00000000d7680000)
  to   space 4096K, 0% used [0x00000000d6e80000,0x00000000d6e80000,0x00000000d7280000)
 ParOldGen       total 68608K, used 2025K [0x0000000080000000, 0x0000000084300000, 0x00000000d5580000)
  object space 68608K, 2% used [0x0000000080000000,0x00000000801fa660,0x0000000084300000)
 Metaspace       used 9518K, committed 9856K, reserved 1114112K
  class space    used 1012K, committed 1152K, reserved 1048576K
}
Event: 16.142 GC heap after
{Heap after GC invocations=3 (full 0):
 PSYoungGen      total 29696K, used 4076K [0x00000000d5580000, 0x00000000d7680000, 0x0000000100000000)
  eden space 25600K, 0% used [0x00000000d5580000,0x00000000d5580000,0x00000000d6e80000)
  from space 4096K, 99% used [0x00000000d6e80000,0x00000000d727b2d8,0x00000000d7280000)
  to   space 4096K, 0% used [0x00000000d7280000,0x00000000d7280000,0x00000000d7680000)
 ParOldGen       total 68608K, used 5144K [0x0000000080000000, 0x0000000084300000, 0x00000000d5580000)
  object space 68608K, 7% used [0x0000000080000000,0x0000000080506048,0x0000000084300000)
 Metaspace       used 9518K, committed 9856K, reserved 1114112K
  class space    used 1012K, committed 1152K, reserved 1048576K
}
Event: 21.873 GC heap before
{Heap before GC invocations=4 (full 0):
 PSYoungGen      total 29696K, used 29676K [0x00000000d5580000, 0x00000000d7680000, 0x0000000100000000)
  eden space 25600K, 100% used [0x00000000d5580000,0x00000000d6e80000,0x00000000d6e80000)
  from space 4096K, 99% used [0x00000000d6e80000,0x00000000d727b2d8,0x00000000d7280000)
  to   space 4096K, 0% used [0x00000000d7280000,0x00000000d7280000,0x00000000d7680000)
 ParOldGen       total 68608K, used 5144K [0x0000000080000000, 0x0000000084300000, 0x00000000d5580000)
  object space 68608K, 7% used [0x0000000080000000,0x0000000080506048,0x0000000084300000)
 Metaspace       used 11713K, committed 12096K, reserved 1114112K
  class space    used 1235K, committed 1408K, reserved 1048576K
}
Event: 21.881 GC heap after
{Heap after GC invocations=4 (full 0):
 PSYoungGen      total 29696K, used 4066K [0x00000000d5580000, 0x00000000d7680000, 0x0000000100000000)
  eden space 25600K, 0% used [0x00000000d5580000,0x00000000d5580000,0x00000000d6e80000)
  from space 4096K, 99% used [0x00000000d7280000,0x00000000d7678b18,0x00000000d7680000)
  to   space 4096K, 0% used [0x00000000d6e80000,0x00000000d6e80000,0x00000000d7280000)
 ParOldGen       total 68608K, used 6812K [0x0000000080000000, 0x0000000084300000, 0x00000000d5580000)
  object space 68608K, 9% used [0x0000000080000000,0x00000000806a7118,0x0000000084300000)
 Metaspace       used 11713K, committed 12096K, reserved 1114112K
  class space    used 1235K, committed 1408K, reserved 1048576K
}

Dll operation events (18 events):
Event: 0.056 Attempting to load shared library c:\Users\ALBIN\.vscode\extensions\redhat.java-1.56.0-win32-x64\jre\21.0.12.1-win32-x86_64\bin\java.dll
Event: 0.056 Loaded shared library c:\Users\ALBIN\.vscode\extensions\redhat.java-1.56.0-win32-x64\jre\21.0.12.1-win32-x86_64\bin\java.dll
Event: 0.541 Attempting to load shared library c:\Users\ALBIN\.vscode\extensions\redhat.java-1.56.0-win32-x64\jre\21.0.12.1-win32-x86_64\bin\zip.dll
Event: 0.541 Loaded shared library c:\Users\ALBIN\.vscode\extensions\redhat.java-1.56.0-win32-x64\jre\21.0.12.1-win32-x86_64\bin\zip.dll
Event: 0.989 Attempting to load shared library C:\Users\ALBIN\.vscode\extensions\redhat.java-1.56.0-win32-x64\jre\21.0.12.1-win32-x86_64\bin\instrument.dll
Event: 0.989 Loaded shared library C:\Users\ALBIN\.vscode\extensions\redhat.java-1.56.0-win32-x64\jre\21.0.12.1-win32-x86_64\bin\instrument.dll
Event: 1.053 Attempting to load shared library C:\Users\ALBIN\.vscode\extensions\redhat.java-1.56.0-win32-x64\jre\21.0.12.1-win32-x86_64\bin\net.dll
Event: 1.059 Loaded shared library C:\Users\ALBIN\.vscode\extensions\redhat.java-1.56.0-win32-x64\jre\21.0.12.1-win32-x86_64\bin\net.dll
Event: 1.064 Attempting to load shared library C:\Users\ALBIN\.vscode\extensions\redhat.java-1.56.0-win32-x64\jre\21.0.12.1-win32-x86_64\bin\nio.dll
Event: 1.064 Loaded shared library C:\Users\ALBIN\.vscode\extensions\redhat.java-1.56.0-win32-x64\jre\21.0.12.1-win32-x86_64\bin\nio.dll
Event: 1.097 Attempting to load shared library C:\Users\ALBIN\.vscode\extensions\redhat.java-1.56.0-win32-x64\jre\21.0.12.1-win32-x86_64\bin\zip.dll
Event: 1.097 Loaded shared library C:\Users\ALBIN\.vscode\extensions\redhat.java-1.56.0-win32-x64\jre\21.0.12.1-win32-x86_64\bin\zip.dll
Event: 1.467 Attempting to load shared library C:\Users\ALBIN\.vscode\extensions\redhat.java-1.56.0-win32-x64\jre\21.0.12.1-win32-x86_64\bin\jimage.dll
Event: 1.467 Loaded shared library C:\Users\ALBIN\.vscode\extensions\redhat.java-1.56.0-win32-x64\jre\21.0.12.1-win32-x86_64\bin\jimage.dll
Event: 2.116 Attempting to load shared library c:\Users\ALBIN\.vscode\extensions\redhat.java-1.56.0-win32-x64\jre\21.0.12.1-win32-x86_64\bin\verify.dll
Event: 2.117 Loaded shared library c:\Users\ALBIN\.vscode\extensions\redhat.java-1.56.0-win32-x64\jre\21.0.12.1-win32-x86_64\bin\verify.dll
Event: 12.925 Attempting to load shared library C:\Users\ALBIN\AppData\Roaming\Code\User\globalStorage\redhat.java\1.56.0\config_win\org.eclipse.equinox.launcher\org.eclipse.equinox.launcher.win32.win32.x86_64_1.3.100.v20260804-1928\eclipse_11924.dll
Event: 12.931 Loaded shared library C:\Users\ALBIN\AppData\Roaming\Code\User\globalStorage\redhat.java\1.56.0\config_win\org.eclipse.equinox.launcher\org.eclipse.equinox.launcher.win32.win32.x86_64_1.3.100.v20260804-1928\eclipse_11924.dll

Deoptimization events (20 events):
Event: 21.847 Thread 0x000001f65cb8a2d0 Uncommon trap: trap_request=0xffffffc6 fr.pc=0x000001f64ff79d6c relative=0x00000000000006cc
Event: 21.847 Thread 0x000001f65cb8a2d0 Uncommon trap: reason=bimorphic_or_optimized_type_check action=maybe_recompile pc=0x000001f64ff79d6c method=java.util.Collections$UnmodifiableCollection$1.<init>(Ljava/util/Collections$UnmodifiableCollection;)V @ 17 c2
Event: 21.847 Thread 0x000001f65cb8a2d0 DEOPT PACKING pc=0x000001f64ff79d6c sp=0x00000057539fdb50
Event: 21.847 Thread 0x000001f65cb8a2d0 DEOPT UNPACKING pc=0x000001f64f913aa2 sp=0x00000057539fda90 mode 2
Event: 21.847 Thread 0x000001f65cb8a2d0 Uncommon trap: trap_request=0xffffffc6 fr.pc=0x000001f64ff79d6c relative=0x00000000000006cc
Event: 21.847 Thread 0x000001f65cb8a2d0 Uncommon trap: reason=bimorphic_or_optimized_type_check action=maybe_recompile pc=0x000001f64ff79d6c method=java.util.Collections$UnmodifiableCollection$1.<init>(Ljava/util/Collections$UnmodifiableCollection;)V @ 17 c2
Event: 21.847 Thread 0x000001f65cb8a2d0 DEOPT PACKING pc=0x000001f64ff79d6c sp=0x00000057539fdab0
Event: 21.847 Thread 0x000001f65cb8a2d0 DEOPT UNPACKING pc=0x000001f64f913aa2 sp=0x00000057539fd9f8 mode 2
Event: 21.847 Thread 0x000001f65cb8a2d0 Uncommon trap: trap_request=0xffffffc6 fr.pc=0x000001f64ff79d6c relative=0x00000000000006cc
Event: 21.847 Thread 0x000001f65cb8a2d0 Uncommon trap: reason=bimorphic_or_optimized_type_check action=maybe_recompile pc=0x000001f64ff79d6c method=java.util.Collections$UnmodifiableCollection$1.<init>(Ljava/util/Collections$UnmodifiableCollection;)V @ 17 c2
Event: 21.847 Thread 0x000001f65cb8a2d0 DEOPT PACKING pc=0x000001f64ff79d6c sp=0x00000057539fdab0
Event: 21.847 Thread 0x000001f65cb8a2d0 DEOPT UNPACKING pc=0x000001f64f913aa2 sp=0x00000057539fd9f8 mode 2
Event: 21.997 Thread 0x000001f65cb8a2d0 Uncommon trap: trap_request=0xffffff45 fr.pc=0x000001f64ff2386c relative=0x00000000000014ec
Event: 21.997 Thread 0x000001f65cb8a2d0 Uncommon trap: reason=unstable_if action=reinterpret pc=0x000001f64ff2386c method=java.io.WinNTFileSystem.normalize(Ljava/lang/String;II)Ljava/lang/String; @ 100 c2
Event: 21.997 Thread 0x000001f65cb8a2d0 DEOPT PACKING pc=0x000001f64ff2386c sp=0x00000057539f9100
Event: 21.997 Thread 0x000001f65cb8a2d0 DEOPT UNPACKING pc=0x000001f64f913aa2 sp=0x00000057539f9040 mode 2
Event: 23.957 Thread 0x000001f65cb8a2d0 Uncommon trap: trap_request=0xffffffcc fr.pc=0x000001f64ff8b05c relative=0x000000000000021c
Event: 23.957 Thread 0x000001f65cb8a2d0 Uncommon trap: reason=intrinsic_or_type_checked_inlining action=make_not_entrant pc=0x000001f64ff8b05c method=java.util.Arrays.copyOf([Ljava/lang/Object;ILjava/lang/Class;)[Ljava/lang/Object; @ 35 c2
Event: 23.957 Thread 0x000001f65cb8a2d0 DEOPT PACKING pc=0x000001f64ff8b05c sp=0x00000057539fdd00
Event: 23.957 Thread 0x000001f65cb8a2d0 DEOPT UNPACKING pc=0x000001f64f913aa2 sp=0x00000057539fdc90 mode 2

Classes loaded (20 events):
Event: 22.299 Loading class java/util/stream/LongStream done
Event: 22.299 Loading class java/util/stream/LongPipeline done
Event: 22.299 Loading class java/util/stream/LongPipeline$StatelessOp done
Event: 22.299 Loading class java/util/stream/ReferencePipeline$5 done
Event: 22.300 Loading class java/util/function/LongBinaryOperator
Event: 22.300 Loading class java/util/function/LongBinaryOperator done
Event: 22.300 Loading class java/util/stream/ReduceOps$10
Event: 22.300 Loading class java/util/stream/ReduceOps$10 done
Event: 22.300 Loading class java/util/stream/ReduceOps$8ReducingSink
Event: 22.301 Loading class java/util/stream/Sink$OfLong
Event: 22.301 Loading class java/util/stream/Sink$OfLong done
Event: 22.301 Loading class java/util/stream/ReduceOps$8ReducingSink done
Event: 22.301 Loading class java/util/stream/ReferencePipeline$5$1
Event: 22.301 Loading class java/util/stream/ReferencePipeline$5$1 done
Event: 22.537 Loading class java/nio/file/NoSuchFileException
Event: 22.537 Loading class java/nio/file/FileSystemException
Event: 22.537 Loading class java/nio/file/FileSystemException done
Event: 22.537 Loading class java/nio/file/NoSuchFileException done
Event: 22.961 Loading class java/lang/Process
Event: 22.962 Loading class java/lang/Process done

Classes unloaded (0 events):
No events

Classes redefined (0 events):
No events

Internal exceptions (20 events):
Event: 7.078 Thread 0x000001f64518aec0 Implicit null exception at 0x000001f64fec3040 to 0x000001f64fec30c5
Event: 7.431 Thread 0x000001f64518aec0 Exception <a 'java/lang/NoSuchMethodError'{0x00000000d59fd948}: 'void java.lang.invoke.DirectMethodHandle$Holder.invokeSpecial(java.lang.Object, java.lang.Object, java.lang.Object)'> (0x00000000d59fd948) 
thrown [s\src\hotspot\share\interpreter\linkResolver.cpp, line 773]
Event: 8.845 Thread 0x000001f64518aec0 Exception <a 'java/lang/NoSuchMethodError'{0x00000000d6465528}: 'int java.lang.invoke.DirectMethodHandle$Holder.invokeVirtual(java.lang.Object, java.lang.Object)'> (0x00000000d6465528) 
thrown [s\src\hotspot\share\interpreter\linkResolver.cpp, line 773]
Event: 9.767 Thread 0x000001f64518aec0 Exception <a 'java/lang/NoSuchMethodError'{0x00000000d65dddd0}: 'int java.lang.invoke.DirectMethodHandle$Holder.invokeStaticInit(java.lang.Object, java.lang.Object, java.lang.Object, java.lang.Object)'> (0x00000000d65dddd0) 
thrown [s\src\hotspot\share\interpreter\linkResolver.cpp, line 773]
Event: 9.770 Thread 0x000001f64518aec0 Exception <a 'java/lang/IncompatibleClassChangeError'{0x00000000d65e64b8}: Found class java.lang.Object, but interface was expected> (0x00000000d65e64b8) 
thrown [s\src\hotspot\share\interpreter\linkResolver.cpp, line 840]
Event: 9.770 Thread 0x000001f64518aec0 Exception <a 'java/lang/NoSuchMethodError'{0x00000000d65eca48}: 'void java.lang.invoke.DirectMethodHandle$Holder.invokeStaticInit(java.lang.Object, java.lang.Object)'> (0x00000000d65eca48) 
thrown [s\src\hotspot\share\interpreter\linkResolver.cpp, line 773]
Event: 9.772 Thread 0x000001f64518aec0 Exception <a 'java/lang/NoSuchMethodError'{0x00000000d65f5c80}: 'int java.lang.invoke.DirectMethodHandle$Holder.invokeStaticInit(java.lang.Object, java.lang.Object)'> (0x00000000d65f5c80) 
thrown [s\src\hotspot\share\interpreter\linkResolver.cpp, line 773]
Event: 10.080 Thread 0x000001f64518aec0 Exception <a 'java/lang/NoSuchMethodError'{0x00000000d683c690}: 'java.lang.Object java.lang.invoke.DirectMethodHandle$Holder.newInvokeSpecial(java.lang.Object, int, java.lang.Object)'> (0x00000000d683c690) 
thrown [s\src\hotspot\share\interpreter\linkResolver.cpp, line 773]
Event: 10.769 Thread 0x000001f64518aec0 Exception <a 'java/lang/ClassNotFoundException'{0x00000000d6a53ea8}: sun/net/www/protocol/plurl/Handler> (0x00000000d6a53ea8) 
thrown [s\src\hotspot\share\classfile\systemDictionary.cpp, line 313]
Event: 10.769 Thread 0x000001f64518aec0 Exception <a 'java/lang/ClassNotFoundException'{0x00000000d6a54d28}: sun/net/www/protocol/plurl/Handler> (0x00000000d6a54d28) 
thrown [s\src\hotspot\share\classfile\systemDictionary.cpp, line 313]
Event: 12.923 Thread 0x000001f64518aec0 Exception <a 'java/lang/UnsatisfiedLinkError'{0x00000000d55dd330}: 'void org.eclipse.equinox.launcher.JNIBridge._update_splash()'> (0x00000000d55dd330) 
thrown [s\src\hotspot\share\prims\nativeLookup.cpp, line 415]
Event: 14.073 Thread 0x000001f66126c950 Exception <a 'java/lang/NoSuchMethodError'{0x00000000d586c0a8}: 'void java.lang.invoke.DirectMethodHandle$Holder.invokeInterface(java.lang.Object, java.lang.Object, java.lang.Object)'> (0x00000000d586c0a8) 
thrown [s\src\hotspot\share\interpreter\linkResolver.cpp, line 773]
Event: 15.040 Thread 0x000001f65cb8a2d0 Exception <a 'java/lang/NoSuchMethodError'{0x00000000d5c526e0}: 'java.lang.Object java.lang.invoke.DirectMethodHandle$Holder.newInvokeSpecial(java.lang.Object, java.lang.Object, int, java.lang.Object)'> (0x00000000d5c526e0) 
thrown [s\src\hotspot\share\interpreter\linkResolver.cpp, line 773]
Event: 15.041 Thread 0x000001f65cb8a2d0 Exception <a 'java/lang/NoSuchMethodError'{0x00000000d5c56510}: 'java.lang.Object java.lang.invoke.DirectMethodHandle$Holder.invokeSpecial(java.lang.Object, java.lang.Object, java.lang.Object, int, java.lang.Object)'> (0x00000000d5c56510) 
thrown [s\src\hotspot\share\interpreter\linkResolver.cpp, line 773]
Event: 15.060 Thread 0x000001f65cb8a2d0 Exception <a 'java/lang/NoClassDefFoundError'{0x00000000d5cfd0a0}: jakarta/servlet/ServletContainerInitializer> (0x00000000d5cfd0a0) 
thrown [s\src\hotspot\share\classfile\systemDictionary.cpp, line 302]
Event: 15.139 Thread 0x000001f65cb8a2d0 Exception <a 'java/lang/ClassNotFoundException'{0x00000000d5e51ed0}: sun/util/logging/resources/spi/loggingProvider> (0x00000000d5e51ed0) 
thrown [s\src\hotspot\share\classfile\systemDictionary.cpp, line 313]
Event: 20.885 Thread 0x000001f65cb8a2d0 Exception <a 'java/lang/NullPointerException'{0x00000000d675be40}> (0x00000000d675be40) 
thrown [s\src\hotspot\share\interpreter\linkResolver.cpp, line 1372]
Event: 20.885 Thread 0x000001f65cb8a2d0 Exception <a 'java/lang/NullPointerException'{0x00000000d675c120}> (0x00000000d675c120) 
thrown [s\src\hotspot\share\interpreter\linkResolver.cpp, line 1372]
Event: 22.297 Thread 0x000001f65cb8a2d0 Exception <a 'java/lang/NoSuchMethodError'{0x00000000d5815928}: 'long java.lang.invoke.DirectMethodHandle$Holder.invokeSpecial(java.lang.Object, java.lang.Object)'> (0x00000000d5815928) 
thrown [s\src\hotspot\share\interpreter\linkResolver.cpp, line 773]
Event: 22.586 Thread 0x000001f65cb8a2d0 Exception <a 'java/io/FileNotFoundException'{0x00000000d5a50560}> (0x00000000d5a50560) 
thrown [s\src\hotspot\share\prims\jni.cpp, line 520]

ZGC Phase Switch (0 events):
No events

VM Operations (20 events):
Event: 16.248 Executing non-safepoint VM operation: HandshakeAllThreads (Deoptimize)
Event: 16.248 Executing non-safepoint VM operation: HandshakeAllThreads (Deoptimize) done
Event: 17.265 Executing safepoint VM operation: Cleanup
Event: 17.292 Executing safepoint VM operation: Cleanup done
Event: 18.296 Executing safepoint VM operation: Cleanup
Event: 18.297 Executing safepoint VM operation: Cleanup done
Event: 19.303 Executing safepoint VM operation: Cleanup
Event: 19.396 Executing safepoint VM operation: Cleanup done
Event: 20.418 Executing safepoint VM operation: Cleanup
Event: 20.584 Executing safepoint VM operation: Cleanup done
Event: 21.589 Executing safepoint VM operation: Cleanup
Event: 21.589 Executing safepoint VM operation: Cleanup done
Event: 21.769 Executing non-safepoint VM operation: HandshakeAllThreads (Deoptimize)
Event: 21.769 Executing non-safepoint VM operation: HandshakeAllThreads (Deoptimize) done
Event: 21.873 Executing safepoint VM operation: ParallelGCFailedAllocation (Allocation Failure)
Event: 21.881 Executing safepoint VM operation: ParallelGCFailedAllocation (Allocation Failure) done
Event: 22.887 Executing safepoint VM operation: Cleanup
Event: 22.917 Executing safepoint VM operation: Cleanup done
Event: 23.920 Executing safepoint VM operation: Cleanup
Event: 23.936 Executing safepoint VM operation: Cleanup done

Memory protections (0 events):
No events

Nmethod flushes (0 events):
No events

Events (20 events):
Event: 4.682 Thread 0x000001f65bbfe4c0 Thread added: 0x000001f65cae20e0
Event: 4.932 Thread 0x000001f65cae20e0 Thread exited: 0x000001f65cae20e0
Event: 5.160 Thread 0x000001f65bbfe4c0 Thread added: 0x000001f65cac1230
Event: 5.483 Thread 0x000001f65cac1230 Thread exited: 0x000001f65cac1230
Event: 7.426 Thread 0x000001f65bbfe4c0 Thread added: 0x000001f6614e4ac0
Event: 7.651 Thread 0x000001f6614e4ac0 Thread exited: 0x000001f6614e4ac0
Event: 7.750 Thread 0x000001f65bbfe4c0 Thread added: 0x000001f6612df370
Event: 8.013 Thread 0x000001f6612df370 Thread exited: 0x000001f6612df370
Event: 9.854 Thread 0x000001f64518aec0 Thread added: 0x000001f6610344d0
Event: 12.921 Thread 0x000001f64518aec0 Thread added: 0x000001f66126c950
Event: 14.079 Thread 0x000001f66126c950 Thread added: 0x000001f65cb89c60
Event: 14.161 Thread 0x000001f64518aec0 Thread added: 0x000001f65cb8a2d0
Event: 15.226 Thread 0x000001f65bbfe4c0 Thread added: 0x000001f65cb83f80
Event: 15.511 Thread 0x000001f65cb83f80 Thread exited: 0x000001f65cb83f80
Event: 16.168 Thread 0x000001f65bbfe4c0 Thread added: 0x000001f6613337f0
Event: 16.220 Thread 0x000001f65cb8a2d0 Thread added: 0x000001f661333ea0
Event: 16.521 Thread 0x000001f6613337f0 Thread exited: 0x000001f6613337f0
Event: 20.599 Thread 0x000001f65cb8a2d0 Thread added: 0x000001f6617f8dc0
Event: 22.305 Thread 0x000001f65bbfe4c0 Thread added: 0x000001f66197b210
Event: 22.469 Thread 0x000001f66197b210 Thread exited: 0x000001f66197b210


Dynamic libraries:
0x00007ff6db350000 - 0x00007ff6db35e000 	c:\Users\ALBIN\.vscode\extensions\redhat.java-1.56.0-win32-x64\jre\21.0.12.1-win32-x86_64\bin\java.exe
0x00007ffbc0240000 - 0x00007ffbc04a7000 	C:\Windows\SYSTEM32\ntdll.dll
0x00007ffbbfd20000 - 0x00007ffbbfdeb000 	C:\Windows\System32\KERNEL32.DLL
0x00007ffbbd6c0000 - 0x00007ffbbdac2000 	C:\Windows\System32\KERNELBASE.dll
0x00007ffbbdb80000 - 0x00007ffbbdccc000 	C:\Windows\System32\ucrtbase.dll
0x00007ffb94810000 - 0x00007ffb94828000 	c:\Users\ALBIN\.vscode\extensions\redhat.java-1.56.0-win32-x64\jre\21.0.12.1-win32-x86_64\bin\jli.dll
0x00007ffbbf530000 - 0x00007ffbbf6ff000 	C:\Windows\System32\USER32.dll
0x00007ffbbde70000 - 0x00007ffbbde97000 	C:\Windows\System32\win32u.dll
0x00007ffbbf500000 - 0x00007ffbbf52b000 	C:\Windows\System32\GDI32.dll
0x00007ffbbd500000 - 0x00007ffbbd629000 	C:\Windows\System32\gdi32full.dll
0x00007ffbbdad0000 - 0x00007ffbbdb73000 	C:\Windows\System32\msvcp_win.dll
0x00007ffb9b690000 - 0x00007ffb9b6ae000 	c:\Users\ALBIN\.vscode\extensions\redhat.java-1.56.0-win32-x64\jre\21.0.12.1-win32-x86_64\bin\VCRUNTIME140.dll
0x00007ffbab5e0000 - 0x00007ffbab870000 	C:\Windows\WinSxS\amd64_microsoft.windows.common-controls_6595b64144ccf1df_6.0.26100.9278_none_3e0d1ba8e3303201\COMCTL32.dll
0x00007ffbbe170000 - 0x00007ffbbe219000 	C:\Windows\System32\msvcrt.dll
0x00007ffbbe0a0000 - 0x00007ffbbe0d1000 	C:\Windows\System32\IMM32.DLL
0x00007ffba8920000 - 0x00007ffba892c000 	c:\Users\ALBIN\.vscode\extensions\redhat.java-1.56.0-win32-x64\jre\21.0.12.1-win32-x86_64\bin\vcruntime140_1.dll
0x00007ffb4cf00000 - 0x00007ffb4cf8d000 	c:\Users\ALBIN\.vscode\extensions\redhat.java-1.56.0-win32-x64\jre\21.0.12.1-win32-x86_64\bin\msvcp140.dll
0x00007ffaea870000 - 0x00007ffaeb612000 	c:\Users\ALBIN\.vscode\extensions\redhat.java-1.56.0-win32-x64\jre\21.0.12.1-win32-x86_64\bin\server\jvm.dll
0x00007ffbbe810000 - 0x00007ffbbe8cc000 	C:\Windows\System32\ADVAPI32.dll
0x00007ffbbdf60000 - 0x00007ffbbe009000 	C:\Windows\System32\sechost.dll
0x00007ffbbfc00000 - 0x00007ffbbfd18000 	C:\Windows\System32\RPCRT4.dll
0x00007ffbc0170000 - 0x00007ffbc01f0000 	C:\Windows\System32\WS2_32.dll
0x00007ffbbd2c0000 - 0x00007ffbbd31e000 	C:\Windows\SYSTEM32\POWRPROF.dll
0x00007ffbaee70000 - 0x00007ffbaee7b000 	C:\Windows\SYSTEM32\VERSION.dll
0x00007ffbad800000 - 0x00007ffbad836000 	C:\Windows\SYSTEM32\WINMM.dll
0x00007ffbbd2a0000 - 0x00007ffbbd2b5000 	C:\Windows\SYSTEM32\UMPDC.dll
0x00007ffbbc110000 - 0x00007ffbbc12b000 	C:\Windows\SYSTEM32\kernel.appcore.dll
0x00007ffba86c0000 - 0x00007ffba86ca000 	c:\Users\ALBIN\.vscode\extensions\redhat.java-1.56.0-win32-x64\jre\21.0.12.1-win32-x86_64\bin\jimage.dll
0x00007ffbb9740000 - 0x00007ffbb998c000 	C:\Windows\SYSTEM32\DBGHELP.DLL
0x00007ffbbf170000 - 0x00007ffbbf4f5000 	C:\Windows\System32\combase.dll
0x00007ffbbe8e0000 - 0x00007ffbbe9b9000 	C:\Windows\System32\OLEAUT32.dll
0x00007ffba59f0000 - 0x00007ffba5a2b000 	C:\Windows\SYSTEM32\dbgcore.DLL
0x00007ffbbdea0000 - 0x00007ffbbdf4c000 	C:\Windows\System32\bcryptPrimitives.dll
0x00007ffba2ed0000 - 0x00007ffba2edf000 	c:\Users\ALBIN\.vscode\extensions\redhat.java-1.56.0-win32-x64\jre\21.0.12.1-win32-x86_64\bin\instrument.dll
0x00007ffb945f0000 - 0x00007ffb94610000 	c:\Users\ALBIN\.vscode\extensions\redhat.java-1.56.0-win32-x64\jre\21.0.12.1-win32-x86_64\bin\java.dll
0x00007ffbbe9d0000 - 0x00007ffbbf168000 	C:\Windows\System32\SHELL32.dll
0x00007ffbbaee0000 - 0x00007ffbbb78e000 	C:\Windows\SYSTEM32\windows.storage.dll
0x00007ffbc0070000 - 0x00007ffbc016b000 	C:\Windows\System32\SHCORE.dll
0x00007ffbc0000000 - 0x00007ffbc0066000 	C:\Windows\System32\shlwapi.dll
0x00007ffbbd360000 - 0x00007ffbbd389000 	C:\Windows\SYSTEM32\profapi.dll
0x00007ffb8cd30000 - 0x00007ffb8cd48000 	c:\Users\ALBIN\.vscode\extensions\redhat.java-1.56.0-win32-x64\jre\21.0.12.1-win32-x86_64\bin\zip.dll
0x00007ffba2f40000 - 0x00007ffba2f50000 	C:\Users\ALBIN\.vscode\extensions\redhat.java-1.56.0-win32-x64\jre\21.0.12.1-win32-x86_64\bin\net.dll
0x00007ffbb0c60000 - 0x00007ffbb0d8a000 	C:\Windows\SYSTEM32\WINHTTP.dll
0x00007ffbbc6d0000 - 0x00007ffbbc73c000 	C:\Windows\system32\mswsock.dll
0x00007ffb8cd10000 - 0x00007ffb8cd26000 	C:\Users\ALBIN\.vscode\extensions\redhat.java-1.56.0-win32-x64\jre\21.0.12.1-win32-x86_64\bin\nio.dll
0x00007ffba1420000 - 0x00007ffba1430000 	c:\Users\ALBIN\.vscode\extensions\redhat.java-1.56.0-win32-x64\jre\21.0.12.1-win32-x86_64\bin\verify.dll
0x00007ffb8c3e0000 - 0x00007ffb8c425000 	C:\Users\ALBIN\AppData\Roaming\Code\User\globalStorage\redhat.java\1.56.0\config_win\org.eclipse.equinox.launcher\org.eclipse.equinox.launcher.win32.win32.x86_64_1.3.100.v20260804-1928\eclipse_11924.dll
0x00007ffbbe530000 - 0x00007ffbbe6ca000 	C:\Windows\System32\ole32.dll

JVMTI agents:
c:\Users\ALBIN\.vscode\extensions\redhat.java-1.56.0-win32-x64\lombok\lombok-1.18.39-4050.jar path:c:\Users\ALBIN\.vscode\extensions\redhat.java-1.56.0-win32-x64\jre\21.0.12.1-win32-x86_64\bin\instrument.dll, loaded, initialized, instrumentlib options:none

dbghelp: loaded successfully - version: 4.0.5 - missing functions: none
symbol engine: initialized successfully - sym options: 0x614 - pdb path: .;c:\Users\ALBIN\.vscode\extensions\redhat.java-1.56.0-win32-x64\jre\21.0.12.1-win32-x86_64\bin;C:\Windows\SYSTEM32;C:\Windows\WinSxS\amd64_microsoft.windows.common-controls_6595b64144ccf1df_6.0.26100.9278_none_3e0d1ba8e3303201;c:\Users\ALBIN\.vscode\extensions\redhat.java-1.56.0-win32-x64\jre\21.0.12.1-win32-x86_64\bin\server;C:\Users\ALBIN\AppData\Roaming\Code\User\globalStorage\redhat.java\1.56.0\config_win\org.eclipse.equinox.launcher\org.eclipse.equinox.launcher.win32.win32.x86_64_1.3.100.v20260804-1928

VM Arguments:
jvm_args: --add-modules=ALL-SYSTEM --add-opens=java.base/java.util=ALL-UNNAMED --add-opens=java.base/java.lang=ALL-UNNAMED --add-opens=java.base/sun.nio.fs=ALL-UNNAMED -Declipse.application=org.eclipse.jdt.ls.core.id1 -Dosgi.bundles.defaultStartLevel=4 -Declipse.product=org.eclipse.jdt.ls.core.product -Djava.import.generatesMetadataFilesAtProjectRoot=false -Dm2e.project.cache.size=50 -DDetectVMInstallationsJob.disabled=true -Dfile.encoding=utf8 -XX:+UseParallelGC -XX:GCTimeRatio=4 -XX:AdaptiveSizePolicyWeight=90 -Dsun.zip.disableMemoryMapping=true -Xmx2G -Xms100m -Xlog:disable -javaagent:c:\Users\ALBIN\.vscode\extensions\redhat.java-1.56.0-win32-x64\lombok\lombok-1.18.39-4050.jar -XX:+HeapDumpOnOutOfMemoryError -XX:HeapDumpPath=c:\Users\ALBIN\AppData\Roaming\Code\User\workspaceStorage\08ba82f765758e80f1dfaef0f2475030\redhat.java -Daether.dependencyCollector.impl=bf 
java_command: c:\Users\ALBIN\.vscode\extensions\redhat.java-1.56.0-win32-x64\server\plugins\org.eclipse.equinox.launcher_1.8.0.v20260804-1928.jar -configuration c:\Users\ALBIN\AppData\Roaming\Code\User\globalStorage\redhat.java\1.56.0\config_win -data c:\Users\ALBIN\AppData\Roaming\Code\User\workspaceStorage\08ba82f765758e80f1dfaef0f2475030\redhat.java\jdt_ws --stdio
java_class_path (initial): c:\Users\ALBIN\.vscode\extensions\redhat.java-1.56.0-win32-x64\server\plugins\org.eclipse.equinox.launcher_1.8.0.v20260804-1928.jar
Launcher Type: SUN_STANDARD

[Global flags]
    uintx AdaptiveSizePolicyWeight                 = 90                                        {product} {command line}
     intx CICompilerCount                          = 3                                         {product} {ergonomic}
    uintx GCTimeRatio                              = 4                                         {product} {command line}
     bool HeapDumpOnOutOfMemoryError               = true                                   {manageable} {command line}
    ccstr HeapDumpPath                             = c:\Users\ALBIN\AppData\Roaming\Code\User\workspaceStorage\08ba82f765758e80f1dfaef0f2475030\redhat.java         {manageable} {command line}
   size_t InitialHeapSize                          = 104857600                                 {product} {command line}
   size_t MaxHeapSize                              = 2147483648                                {product} {command line}
   size_t MaxNewSize                               = 715653120                                 {product} {ergonomic}
   size_t MinHeapDeltaBytes                        = 524288                                    {product} {ergonomic}
   size_t MinHeapSize                              = 104857600                                 {product} {command line}
   size_t NewSize                                  = 34603008                                  {product} {ergonomic}
    uintx NonNMethodCodeHeapSize                   = 5832780                                {pd product} {ergonomic}
    uintx NonProfiledCodeHeapSize                  = 122912730                              {pd product} {ergonomic}
   size_t OldSize                                  = 70254592                                  {product} {ergonomic}
    uintx ProfiledCodeHeapSize                     = 122912730                              {pd product} {ergonomic}
    uintx ReservedCodeCacheSize                    = 251658240                              {pd product} {ergonomic}
     bool SegmentedCodeCache                       = true                                      {product} {ergonomic}
   size_t SoftMaxHeapSize                          = 2147483648                             {manageable} {ergonomic}
     bool UseCompressedOops                        = true                           {product lp64_product} {ergonomic}
     bool UseLargePagesIndividualAllocation        = false                                  {pd product} {ergonomic}
     bool UseParallelGC                            = true                                      {product} {command line}

Logging:
Log output configuration:
 #0: stdout all=off uptime,level,tags foldmultilines=false
 #1: stderr all=off uptime,level,tags foldmultilines=false

Release file:
JAVA_VERSION="21.0.12.1" 
MODULES="java.base java.compiler java.datatransfer java.xml java.prefs java.desktop java.instrument java.logging java.management java.security.sasl java.naming java.rmi java.management.rmi java.net.http java.scripting java.security.jgss java.transaction.xa java.sql java.sql.rowset java.xml.crypto java.se java.smartcardio jdk.accessibility jdk.internal.jvmstat jdk.attach jdk.charsets jdk.internal.opt jdk.zipfs jdk.compiler jdk.crypto.ec jdk.crypto.cryptoki jdk.crypto.mscapi jdk.dynalink jdk.internal.ed jdk.editpad jdk.hotspot.agent jdk.httpserver jdk.internal.le jdk.internal.vm.ci jdk.internal.vm.compiler jdk.internal.vm.compiler.management jdk.jartool jdk.javadoc jdk.jcmd jdk.management jdk.management.agent jdk.jconsole jdk.jdeps jdk.jdwp.agent jdk.jdi jdk.jfr jdk.jshell jdk.jsobject jdk.jstatd jdk.localedata jdk.management.jfr jdk.naming.dns jdk.naming.rmi jdk.net jdk.nio.mapmode jdk.random jdk.sctp jdk.security.auth jdk.security.jgss jdk.unsupported jdk.unsupported.desktop jdk.xml.dom" 

Environment Variables:
PATH=C:\Program Files\Eclipse Adoptium\jdk-25.0.3.9-hotspot\bin;C:\Program Files\Common Files\Oracle\Java\javapath;C:\Windows\system32;C:\Windows;C:\Windows\System32\Wbem;C:\Windows\System32\WindowsPowerShell\v1.0\;C:\Windows\System32\OpenSSH\;C:\Program Files\Git\cmd;C:\Program Files\nodejs\;C:\Users\ALBIN\AppData\Local\Microsoft\WindowsApps;D:\software\apache-maven-3.9.16-bin\apache-maven-3.9.16\bin;C:\Users\ALBIN\AppData\Local\Python\bin;C:\Users\ALBIN\AppData\Roaming\npm
USERNAME=ALBIN
OS=Windows_NT
PROCESSOR_IDENTIFIER=Intel64 Family 6 Model 142 Stepping 9, GenuineIntel
TMP=C:\Users\ALBIN\AppData\Local\Temp
TEMP=C:\Users\ALBIN\AppData\Local\Temp




Periodic native trim disabled

---------------  S Y S T E M  ---------------

OS:
 Windows 11 , 64 bit Build 26100 (10.0.26100.9444)
OS uptime: 0 days 8:40 hours

CPU: total 4 (initial active 4) (2 cores per cpu, 2 threads per core) family 6 model 142 stepping 9 microcode 0xde, cx8, cmov, fxsr, ht, mmx, 3dnowpref, sse, sse2, sse3, ssse3, sse4.1, sse4.2, popcnt, lzcnt, tsc, tscinvbit, avx, avx2, aes, erms, clmul, bmi1, bmi2, adx, fma, vzeroupper, clflush, clflushopt, rdtscp, f16c
Processor Information for the first 4 processors :
  Max Mhz: 2701, Current Mhz: 2701, Mhz Limit: 2701

Memory: 4k page, system-wide physical 16287M (429M free)
TotalPageFile size 34911M (AvailPageFile size 2M)
current process WorkingSet (physical memory assigned to process): 113M, peak: 113M
current process commit charge ("private bytes"): 238M, peak: 240M

vm_info: OpenJDK 64-Bit Server VM (21.0.12.1+1-LTS) for windows-amd64 JRE (21.0.12.1+1-LTS), built on 2026-08-18T00:00:00Z by "admin" with MS VC++ 17.12 (VS2022)

END.
