#
# There is insufficient memory for the Java Runtime Environment to continue.
# Native memory allocation (malloc) failed to allocate 196784 bytes. Error detail: Chunk::new
# Possible reasons:
#   The system is out of physical RAM or swap space
#   This process is running with CompressedOops enabled, and the Java Heap may be blocking the growth of the native heap
# Possible solutions:
#   Reduce memory load on the system
#   Increase physical memory or swap space
#   Check if swap backing store is full
#   Decrease Java heap size (-Xmx/-Xms)
#   Decrease number of Java threads
#   Decrease Java thread stack sizes (-Xss)
#   Set larger code cache with -XX:ReservedCodeCacheSize=
#   JVM is running with Unscaled Compressed Oops mode in which the Java heap is
#     placed in the first 4GB address space. The Java Heap base address is the
#     maximum limit for the native heap growth. Please use -XX:HeapBaseMinAddress
#     to set the Java Heap base and to place the Java Heap above 4GB virtual address.
# This output file may be truncated or incomplete.
#
#  Out of Memory Error (arena.cpp:168), pid=18072, tid=10332
#
# JRE version: OpenJDK Runtime Environment Temurin-21.0.12.1+1 (21.0.12.1+1) (build 21.0.12.1+1-LTS)
# Java VM: OpenJDK 64-Bit Server VM Temurin-21.0.12.1+1 (21.0.12.1+1-LTS, mixed mode, sharing, tiered, compressed oops, compressed class ptrs, parallel gc, windows-amd64)
# No core dump will be written. Minidumps are not enabled by default on client versions of Windows
#

---------------  S U M M A R Y ------------

Command Line: --add-modules=ALL-SYSTEM --add-opens=java.base/java.util=ALL-UNNAMED --add-opens=java.base/java.lang=ALL-UNNAMED --add-opens=java.base/sun.nio.fs=ALL-UNNAMED -Declipse.application=org.eclipse.jdt.ls.core.id1 -Dosgi.bundles.defaultStartLevel=4 -Declipse.product=org.eclipse.jdt.ls.core.product -Djava.import.generatesMetadataFilesAtProjectRoot=false -Dm2e.project.cache.size=50 -DDetectVMInstallationsJob.disabled=true -Dfile.encoding=utf8 -XX:+UseParallelGC -XX:GCTimeRatio=4 -XX:AdaptiveSizePolicyWeight=90 -Dsun.zip.disableMemoryMapping=true -Xmx2G -Xms100m -Xlog:disable -javaagent:c:\Users\ALBIN\.vscode\extensions\redhat.java-1.56.0-win32-x64\lombok\lombok-1.18.39-4050.jar -XX:+HeapDumpOnOutOfMemoryError -XX:HeapDumpPath=c:\Users\ALBIN\AppData\Roaming\Code\User\workspaceStorage\08ba82f765758e80f1dfaef0f2475030\redhat.java -Daether.dependencyCollector.impl=bf c:\Users\ALBIN\.vscode\extensions\redhat.java-1.56.0-win32-x64\server\plugins\org.eclipse.equinox.launcher_1.8.0.v20260804-1928.jar -configuration c:\Users\ALBIN\AppData\Roaming\Code\User\globalStorage\redhat.java\1.56.0\config_win -data c:\Users\ALBIN\AppData\Roaming\Code\User\workspaceStorage\08ba82f765758e80f1dfaef0f2475030\redhat.java\jdt_ws --stdio

Host: Intel(R) Core(TM) i5-7200U CPU @ 2.50GHz, 4 cores, 15G,  Windows 11 , 64 bit Build 26100 (10.0.26100.9444)
Time: Fri Oct  9 17:57:55 2026 India Standard Time elapsed time: 80.960995 seconds (0d 0h 1m 20s)

---------------  T H R E A D  ---------------

Current thread (0x0000014e8d016af0):  JavaThread "C2 CompilerThread0" daemon [_thread_in_native, id=10332, stack(0x000000462f100000,0x000000462f200000) (1024K)]


Current CompileTask:
C2:80961 12647   !   4       java.util.concurrent.locks.AbstractQueuedSynchronizer::acquire (424 bytes)

Stack: [0x000000462f100000,0x000000462f200000]
Native frames: (J=compiled Java code, j=interpreted, Vv=VM code, C=native code)
V  [jvm.dll+0x6d83e9]
V  [jvm.dll+0x8b5736]
V  [jvm.dll+0x8b7cee]
V  [jvm.dll+0x8b83d3]
V  [jvm.dll+0x284596]
V  [jvm.dll+0xc685d]
V  [jvm.dll+0xc6da1]
V  [jvm.dll+0x3bf18b]
V  [jvm.dll+0x1e4149]
V  [jvm.dll+0x24c853]
V  [jvm.dll+0x24bce0]
V  [jvm.dll+0x1cb4ae]
V  [jvm.dll+0x25baad]
V  [jvm.dll+0x25a03a]
V  [jvm.dll+0x3f8aae]
V  [jvm.dll+0x8600cd]
V  [jvm.dll+0x6d6c1d]
C  [ucrtbase.dll+0x2cd30]
C  [KERNEL32.DLL+0x2cd87]
C  [ntdll.dll+0xacaec]


---------------  P R O C E S S  ---------------

Threads class SMR info:
_java_thread_list=0x0000014eedef0210, length=469, elements={
0x0000014e8d11b3b0, 0x0000014e8d0089f0, 0x0000014e8d00be80, 0x0000014e8d00e640,
0x0000014e8d00f2a0, 0x0000014e8d0132f0, 0x0000014e8d013d50, 0x0000014e8d016af0,
0x0000014e8d095700, 0x0000014ee58dcef0, 0x0000014ee5a1a230, 0x0000014eea5a5860,
0x0000014eea79b600, 0x0000014eea784670, 0x0000014eea7dedf0, 0x0000014eeaccde40,
0x0000014eeada4830, 0x0000014eeabe5240, 0x0000014eea138740, 0x0000014eea135fe0,
0x0000014eea136670, 0x0000014eea1380b0, 0x0000014eea137390, 0x0000014eea138dd0,
0x0000014eea139460, 0x0000014eea4747e0, 0x0000014eea476220, 0x0000014eea4782f0,
0x0000014eea4775d0, 0x0000014eea477c60, 0x0000014eea474e70, 0x0000014eea478980,
0x0000014eea4768b0, 0x0000014eea479010, 0x0000014eea475b90, 0x0000014eea4796a0,
0x0000014eea479d30, 0x0000014eea47be00, 0x0000014eea47a3c0, 0x0000014eea47b770,
0x0000014eea47aa50, 0x0000014eea47b0e0, 0x0000014eec0fc620, 0x0000014eec0fd340,
0x0000014eec0fb900, 0x0000014eec0f9ec0, 0x0000014eec0fccb0, 0x0000014eec0fa550,
0x0000014eec0fb270, 0x0000014eea475500, 0x0000014e8d0c6780, 0x0000014e8d0c7b30,
0x0000014e8d0c81c0, 0x0000014e8d0c8ee0, 0x0000014e8d0ca290, 0x0000014e8d0c9c00,
0x0000014e8d0c74a0, 0x0000014e8d0cbcd0, 0x0000014e8d0cd080, 0x0000014e8d0cd710,
0x0000014e8d0cb640, 0x0000014e8d0cafb0, 0x0000014e8d0cc9f0, 0x0000014e8d0cdda0,
0x0000014eec0fbf90, 0x0000014e8d0cc360, 0x0000014eec48b710, 0x0000014eec48d150,
0x0000014eec48cac0, 0x0000014eec48de70, 0x0000014eec48eb90, 0x0000014eec48f220,
0x0000014eec48bda0, 0x0000014eec48d7e0, 0x0000014eec48f8b0, 0x0000014eec48c430,
0x0000014eec492d30, 0x0000014eec491980, 0x0000014eec48ff40, 0x0000014eec490c60,
0x0000014eec4905d0, 0x0000014eec4912f0, 0x0000014eec492010, 0x0000014eec4926a0,
0x0000014eea137a20, 0x0000014eed783280, 0x0000014eed783910, 0x0000014eed784cc0,
0x0000014eed785350, 0x0000014eed786070, 0x0000014eed784630, 0x0000014eed782bf0,
0x0000014eed786700, 0x0000014eed786d90, 0x0000014eed783fa0, 0x0000014eed787ab0,
0x0000014eed788140, 0x0000014eed788e60, 0x0000014eed787420, 0x0000014eed7894f0,
0x0000014eed78a210, 0x0000014eed789b80, 0x0000014eed7859e0, 0x0000014eea931090,
0x0000014eea92f650, 0x0000014eea931720, 0x0000014eea92efc0, 0x0000014eea930a00,
0x0000014eea92e2a0, 0x0000014eea92e930, 0x0000014eea931db0, 0x0000014eea932ad0,
0x0000014eea933160, 0x0000014eea92fce0, 0x0000014eea930370, 0x0000014eea933e80,
0x0000014eea934510, 0x0000014eea934ba0, 0x0000014eea9358c0, 0x0000014eec0e8090,
0x0000014eec0eae80, 0x0000014eec0eb510, 0x0000014eec0ebba0, 0x0000014eec0e9440,
0x0000014eec0e8db0, 0x0000014eec0e8720, 0x0000014eec0ec230, 0x0000014eec0ea160,
0x0000014eec0ed5e0, 0x0000014eec0ec8c0, 0x0000014eec0ef6b0, 0x0000014eec0ea7f0,
0x0000014eec0ee990, 0x0000014eec0e9ad0, 0x0000014eec0ee300, 0x0000014eea932440,
0x0000014eec0ef020, 0x0000014eed199040, 0x0000014eed199d60, 0x0000014eed19b110,
0x0000014eed197c90, 0x0000014eed1996d0, 0x0000014eed19aa80, 0x0000014eed19b7a0,
0x0000014eed19cb50, 0x0000014eed19a3f0, 0x0000014eed19be30, 0x0000014eed198320,
0x0000014eed19f2b0, 0x0000014eed19c4c0, 0x0000014eed19d1e0, 0x0000014eed19df00,
0x0000014eed19ec20, 0x0000014eea935230, 0x0000014eed19e590, 0x0000014eec0edc70,
0x0000014eed7887d0, 0x0000014eed78e090, 0x0000014eed78da00, 0x0000014eed78bfc0,
0x0000014eed78e720, 0x0000014eed78cce0, 0x0000014eed78d370, 0x0000014eed78b2a0,
0x0000014eed78edb0, 0x0000014eed78b930, 0x0000014eed78f440, 0x0000014eed78fad0,
0x0000014eed78c650, 0x0000014eed790e80, 0x0000014eed792230, 0x0000014eed790160,
0x0000014eed791510, 0x0000014eed791ba0, 0x0000014eed19d870, 0x0000014eeca753c0,
0x0000014eeca76770, 0x0000014eeca73980, 0x0000014eeca760e0, 0x0000014eeca76e00,
0x0000014eeca77490, 0x0000014eeca74010, 0x0000014eeca77b20, 0x0000014eeca75a50,
0x0000014eeca746a0, 0x0000014eeca7a280, 0x0000014eeca7afa0, 0x0000014eeca79560,
0x0000014eeca78840, 0x0000014eeca781b0, 0x0000014eeca7c350, 0x0000014eeca7d070,
0x0000014eeca7bcc0, 0x0000014eeca7b630, 0x0000014eeca7c9e0, 0x0000014eeca79bf0,
0x0000014eeca7d700, 0x0000014eeca7dd90, 0x0000014eeca7a910, 0x0000014eeca80b80,
0x0000014eeca7e420, 0x0000014eeca7f140, 0x0000014eeca818a0, 0x0000014eeca81f30,
0x0000014eeca7f7d0, 0x0000014eeca78ed0, 0x0000014eeca81210, 0x0000014eeca7fe60,
0x0000014eeca7eab0, 0x0000014eeca825c0, 0x0000014eeca82c50, 0x0000014eeca804f0,
0x0000014eed7907f0, 0x0000014eed3a57c0, 0x0000014eed3a64e0, 0x0000014eed3a5e50,
0x0000014eed3a7890, 0x0000014eed3a6b70, 0x0000014eed3a7200, 0x0000014eed3a5130,
0x0000014eed3a4aa0, 0x0000014eed3a7f20, 0x0000014eed3aba30, 0x0000014eed3a9960,
0x0000014eed3a92d0, 0x0000014eed3a85b0, 0x0000014eed3aa680, 0x0000014eed3aad10,
0x0000014eed3ac750, 0x0000014eed3ab3a0, 0x0000014eed3ac0c0, 0x0000014eed3acde0,
0x0000014eed3a9ff0, 0x0000014eed3afbd0, 0x0000014eed3b0260, 0x0000014eed3ad470,
0x0000014eed3ae820, 0x0000014eed3b08f0, 0x0000014eed3b0f80, 0x0000014eed3adb00,
0x0000014eed3af540, 0x0000014eed3aeeb0, 0x0000014eed3b1610, 0x0000014eed3ae190,
0x0000014eed3b1ca0, 0x0000014eed3b2330, 0x0000014eed3b29c0, 0x0000014eed3b3050,
0x0000014eed3b36e0, 0x0000014eed1989b0, 0x0000014eeca74d30, 0x0000014eed78ac10,
0x0000014ef23adfc0, 0x0000014ef23ae650, 0x0000014ef23ac580, 0x0000014ef23abef0,
0x0000014ef23aece0, 0x0000014ef23ad930, 0x0000014ef23afa00, 0x0000014ef23af370,
0x0000014ef23b0090, 0x0000014ef23acc10, 0x0000014ef23b0720, 0x0000014ef23ad2a0,
0x0000014ef23b1ad0, 0x0000014ef23b2e80, 0x0000014ef23b2160, 0x0000014ef23b3ba0,
0x0000014ef23b0db0, 0x0000014ef23b48c0, 0x0000014ef23b27f0, 0x0000014ef23b3510,
0x0000014ef23b4230, 0x0000014ef23b1440, 0x0000014ef23b7020, 0x0000014ef23b4f50,
0x0000014ef23b55e0, 0x0000014ef23b90f0, 0x0000014ef23b76b0, 0x0000014ef23b5c70,
0x0000014ef23b7d40, 0x0000014ef23b83d0, 0x0000014ef23b6300, 0x0000014ef23b8a60,
0x0000014ef23b9780, 0x0000014ef23b9e10, 0x0000014ef23b6990, 0x0000014ef23ba4a0,
0x0000014ef23bab30, 0x0000014ef23bb1c0, 0x0000014eea13de70, 0x0000014eea141980,
0x0000014eea13f220, 0x0000014eea140c60, 0x0000014eea1405d0, 0x0000014eea13eb90,
0x0000014eea1412f0, 0x0000014eea13e500, 0x0000014eea13f8b0, 0x0000014eea145490,
0x0000014eea144e00, 0x0000014eea1426a0, 0x0000014eea142010, 0x0000014eea142d30,
0x0000014eea1433c0, 0x0000014eea143a50, 0x0000014eea1440e0, 0x0000014eee29b370,
0x0000014eee29cdb0, 0x0000014eee29d440, 0x0000014eee29ace0, 0x0000014eee29e7f0,
0x0000014eee29f510, 0x0000014eee29c720, 0x0000014eee2a0f50, 0x0000014eee2a0230,
0x0000014eee2a2990, 0x0000014eee2a3020, 0x0000014eee2a36b0, 0x0000014eee29dad0,
0x0000014eee29c090, 0x0000014eee29ee80, 0x0000014eee29ba00, 0x0000014eee29fba0,
0x0000014eee2a15e0, 0x0000014eee2a3d40, 0x0000014eee29e160, 0x0000014eee2a43d0,
0x0000014eee2a4a60, 0x0000014eee2a08c0, 0x0000014eee2a2300, 0x0000014eee2a5e10,
0x0000014eee2a7ee0, 0x0000014eee2a6b30, 0x0000014eee2a50f0, 0x0000014eee2a8c00,
0x0000014eee2a9920, 0x0000014eed3a4410, 0x0000014eea13ff40, 0x0000014eea144770,
0x0000014eee2a7850, 0x0000014eee2a8570, 0x0000014eee2a9290, 0x0000014eee2a9fb0,
0x0000014ef3338420, 0x0000014ef33397d0, 0x0000014ef3338ab0, 0x0000014ef333cc50,
0x0000014ef333b210, 0x0000014ef333ab80, 0x0000014ef333bf30, 0x0000014ef333c5c0,
0x0000014ef333d2e0, 0x0000014ef3320780, 0x0000014ef33200f0, 0x0000014ef3320e10,
0x0000014ef3339e60, 0x0000014ef331fa60, 0x0000014ef331e6b0, 0x0000014ef331f3d0,
0x0000014ef3321b30, 0x0000014ef33214a0, 0x0000014ef333a4f0, 0x0000014ef331e020,
0x0000014ef33221c0, 0x0000014ef331ed40, 0x0000014ef3339140, 0x0000014ef3324fb0,
0x0000014ef3323c00, 0x0000014ef3324920, 0x0000014ef3322ee0, 0x0000014ef3322850,
0x0000014ef3326360, 0x0000014ef3327080, 0x0000014ef33269f0, 0x0000014ef333b8a0,
0x0000014ef3325640, 0x0000014ef3324290, 0x0000014ef3327da0, 0x0000014ef3328ac0,
0x0000014ef3323570, 0x0000014ef3329e70, 0x0000014ef33297e0, 0x0000014ef332a500,
0x0000014ef3329150, 0x0000014ef332e6a0, 0x0000014ef332e010, 0x0000014ef332ed30,
0x0000014ef3327710, 0x0000014ef332b8b0, 0x0000014ef332b220, 0x0000014ef3325cd0,
0x0000014ef3328430, 0x0000014ef332f3c0, 0x0000014ef332d980, 0x0000014ef332c5d0,
0x0000014ef33300e0, 0x0000014ef332cc60, 0x0000014ef3330770, 0x0000014ef332d2f0,
0x0000014ef3330e00, 0x0000014ef33321b0, 0x0000014ef332bf40, 0x0000014ef3332840,
0x0000014ef3331490, 0x0000014ef3333560, 0x0000014ef3334280, 0x0000014ef3334910,
0x0000014ef3335cc0, 0x0000014ef3337700, 0x0000014ef3337d90, 0x0000014ef3334fa0,
0x0000014eee2a1c70, 0x0000014eee2a5780, 0x0000014eed3a8c40, 0x0000014eec86f000,
0x0000014eec86e970, 0x0000014eec8710d0, 0x0000014eec8731a0, 0x0000014eec872480,
0x0000014eec871760, 0x0000014eec86fd20, 0x0000014eec873830, 0x0000014eec855920,
0x0000014eec86f690, 0x0000014eec855290, 0x0000014eec857360, 0x0000014eec854c00,
0x0000014eec855fb0, 0x0000014eec856cd0, 0x0000014eec85a7e0, 0x0000014eec85ae70,
0x0000014eec859430, 0x0000014eec85a150, 0x0000014eec858080, 0x0000014eec856640,
0x0000014eec8579f0, 0x0000014eec85bb90, 0x0000014eec85b500, 0x0000014eec872b10,
0x0000014eec858da0, 0x0000014eec85e980, 0x0000014eec85f6a0, 0x0000014eec85c8b0,
0x0000014eec85cf40, 0x0000014eec85d5d0, 0x0000014eec85dc60, 0x0000014eec862b20,
0x0000014eec864560, 0x0000014eec864bf0, 0x0000014eec8631b0, 0x0000014eec861e00,
0x0000014eec8679e0, 0x0000014eec868700, 0x0000014eec858710, 0x0000014eec859ac0,
0x0000014eec85f010, 0x0000014eec860a50, 0x0000014eec8610e0, 0x0000014eec8703b0,
0x0000014eec85fd30, 0x0000014eec870a40, 0x0000014eec85c220, 0x0000014eec861770,
0x0000014eec85e2f0, 0x0000014eec854570, 0x0000014eec862490, 0x0000014eec866630,
0x0000014eec865fa0
}

Java Threads: ( => current thread )
  0x0000014e8d11b3b0 JavaThread "main"                              [_thread_blocked, id=16844, stack(0x000000462e600000,0x000000462e700000) (1024K)]
  0x0000014e8d0089f0 JavaThread "Reference Handler"          daemon [_thread_blocked, id=12684, stack(0x000000462eb00000,0x000000462ec00000) (1024K)]
  0x0000014e8d00be80 JavaThread "Finalizer"                  daemon [_thread_blocked, id=18452, stack(0x000000462ec00000,0x000000462ed00000) (1024K)]
  0x0000014e8d00e640 JavaThread "Signal Dispatcher"          daemon [_thread_blocked, id=2752, stack(0x000000462ed00000,0x000000462ee00000) (1024K)]
  0x0000014e8d00f2a0 JavaThread "Attach Listener"            daemon [_thread_blocked, id=764, stack(0x000000462ee00000,0x000000462ef00000) (1024K)]
  0x0000014e8d0132f0 JavaThread "Service Thread"             daemon [_thread_blocked, id=20392, stack(0x000000462ef00000,0x000000462f000000) (1024K)]
  0x0000014e8d013d50 JavaThread "Monitor Deflation Thread"   daemon [_thread_blocked, id=4112, stack(0x000000462f000000,0x000000462f100000) (1024K)]
=>0x0000014e8d016af0 JavaThread "C2 CompilerThread0"         daemon [_thread_in_native, id=10332, stack(0x000000462f100000,0x000000462f200000) (1024K)]
  0x0000014e8d095700 JavaThread "C1 CompilerThread0"         daemon [_thread_blocked, id=19052, stack(0x000000462f200000,0x000000462f300000) (1024K)]
  0x0000014ee58dcef0 JavaThread "Common-Cleaner"             daemon [_thread_blocked, id=13640, stack(0x000000462f300000,0x000000462f400000) (1024K)]
  0x0000014ee5a1a230 JavaThread "Notification Thread"        daemon [_thread_blocked, id=6528, stack(0x000000462f400000,0x000000462f500000) (1024K)]
  0x0000014eea5a5860 JavaThread "Active Thread: Equinox Container: 08f7db5a-f22f-481d-8a04-9df9cbfd5778"        [_thread_blocked, id=14428, stack(0x000000462f900000,0x000000462fa00000) (1024K)]
  0x0000014eea79b600 JavaThread "Refresh Thread: Equinox Container: 08f7db5a-f22f-481d-8a04-9df9cbfd5778" daemon [_thread_blocked, id=16900, stack(0x000000462fa00000,0x000000462fb00000) (1024K)]
  0x0000014eea784670 JavaThread "Framework Event Dispatcher: Equinox Container: 08f7db5a-f22f-481d-8a04-9df9cbfd5778" daemon [_thread_blocked, id=19156, stack(0x000000462fb00000,0x000000462fc00000) (1024K)]
  0x0000014eea7dedf0 JavaThread "Start Level: Equinox Container: 08f7db5a-f22f-481d-8a04-9df9cbfd5778" daemon [_thread_blocked, id=3788, stack(0x000000462fc00000,0x000000462fd00000) (1024K)]
  0x0000014eeaccde40 JavaThread "Bundle File Closer"         daemon [_thread_blocked, id=16388, stack(0x000000462fd00000,0x000000462fe00000) (1024K)]
  0x0000014eeada4830 JavaThread "SCR Component Actor"        daemon [_thread_blocked, id=21664, stack(0x000000462f500000,0x000000462f600000) (1024K)]
  0x0000014eeabe5240 JavaThread "Worker-JM"                         [_thread_blocked, id=21716, stack(0x000000462fe00000,0x000000462ff00000) (1024K)]
  0x0000014eea138740 JavaThread "JNA Cleaner"                daemon [_thread_blocked, id=20536, stack(0x000000462ff00000,0x0000004630000000) (1024K)]
  0x0000014eea135fe0 JavaThread "Worker-0: Initialize workspace"        [_thread_blocked, id=21960, stack(0x0000004630000000,0x0000004630100000) (1024K)]
  0x0000014eea136670 JavaThread "Worker-1: Initialize workspace"        [_thread_blocked, id=15624, stack(0x0000004630100000,0x0000004630200000) (1024K)]
  0x0000014eea1380b0 JavaThread "Worker-2: Initialize workspace"        [_thread_blocked, id=19104, stack(0x0000004630200000,0x0000004630300000) (1024K)]
  0x0000014eea137390 JavaThread "Worker-3: Initialize workspace"        [_thread_blocked, id=20960, stack(0x0000004630300000,0x0000004630400000) (1024K)]
  0x0000014eea138dd0 JavaThread "Java indexing"              daemon [_thread_blocked, id=20488, stack(0x0000004630500000,0x0000004630600000) (1024K)]
  0x0000014eea139460 JavaThread "Worker-4: Initialize workspace"        [_thread_blocked, id=20528, stack(0x0000004630600000,0x0000004630700000) (1024K)]
  0x0000014eea4747e0 JavaThread "Worker-5: Initialize workspace"        [_thread_blocked, id=10856, stack(0x0000004630900000,0x0000004630a00000) (1024K)]
  0x0000014eea476220 JavaThread "pool-2-thread-1"                   [_thread_blocked, id=14124, stack(0x0000004630a00000,0x0000004630b00000) (1024K)]
  0x0000014eea4782f0 JavaThread "WorkspaceEventsHandler"            [_thread_blocked, id=12000, stack(0x0000004630b00000,0x0000004630c00000) (1024K)]
  0x0000014eea4775d0 JavaThread "pool-1-thread-1"                   [_thread_in_native, id=20284, stack(0x0000004630c00000,0x0000004630d00000) (1024K)]
  0x0000014eea477c60 JavaThread "PatternSearchJob-worker-1"  daemon [_thread_blocked, id=8576, stack(0x0000004630400000,0x0000004630500000) (1024K)]
  0x0000014eea474e70 JavaThread "PatternSearchJob-worker-2"  daemon [_thread_blocked, id=18280, stack(0x0000004630d00000,0x0000004630e00000) (1024K)]
  0x0000014eea478980 JavaThread "PatternSearchJob-worker-3"  daemon [_thread_blocked, id=3300, stack(0x0000004630e00000,0x0000004630f00000) (1024K)]
  0x0000014eea4768b0 JavaThread "Timer-0"                           [_thread_blocked, id=8476, stack(0x0000004631000000,0x0000004631100000) (1024K)]
  0x0000014eea479010 JavaThread "Timer-1"                           [_thread_blocked, id=21244, stack(0x0000004631200000,0x0000004631300000) (1024K)]
  0x0000014eea475b90 JavaThread "Worker-6: Initialize workspace"        [_thread_blocked, id=21152, stack(0x0000004631300000,0x0000004631400000) (1024K)]
  0x0000014eea4796a0 JavaThread "Timer-2"                           [_thread_blocked, id=8268, stack(0x0000004631100000,0x0000004631200000) (1024K)]
  0x0000014eea479d30 JavaThread "Timer-3"                           [_thread_blocked, id=20048, stack(0x0000004631500000,0x0000004631600000) (1024K)]
  0x0000014eea47be00 JavaThread "Worker-7: Initialize workspace"        [_thread_blocked, id=7668, stack(0x0000004631600000,0x0000004631700000) (1024K)]
  0x0000014eea47a3c0 JavaThread "Timer-4"                           [_thread_blocked, id=20936, stack(0x0000004631700000,0x0000004631800000) (1024K)]
  0x0000014eea47b770 JavaThread "Worker-8: Initialize workspace"        [_thread_blocked, id=17736, stack(0x0000004631800000,0x0000004631900000) (1024K)]
  0x0000014eea47aa50 JavaThread "Timer-5"                           [_thread_blocked, id=17828, stack(0x0000004631900000,0x0000004631a00000) (1024K)]
  0x0000014eea47b0e0 JavaThread "Worker-9: Initialize workspace"        [_thread_blocked, id=22000, stack(0x0000004631a00000,0x0000004631b00000) (1024K)]
  0x0000014eec0fc620 JavaThread "Timer-6"                           [_thread_blocked, id=21104, stack(0x0000004631b00000,0x0000004631c00000) (1024K)]
  0x0000014eec0fd340 JavaThread "Timer-7"                           [_thread_blocked, id=20676, stack(0x0000004631c00000,0x0000004631d00000) (1024K)]
  0x0000014eec0fb900 JavaThread "Timer-8"                           [_thread_blocked, id=20104, stack(0x0000004631400000,0x0000004631500000) (1024K)]
  0x0000014eec0f9ec0 JavaThread "Worker-10: Initialize workspace"        [_thread_blocked, id=12984, stack(0x0000004631d00000,0x0000004631e00000) (1024K)]
  0x0000014eec0fccb0 JavaThread "Timer-9"                           [_thread_blocked, id=13348, stack(0x0000004631f00000,0x0000004632000000) (1024K)]
  0x0000014eec0fa550 JavaThread "Worker-11: Initialize workspace"        [_thread_blocked, id=21692, stack(0x0000004630f00000,0x0000004631000000) (1024K)]
  0x0000014eec0fb270 JavaThread "Worker-12: Initialize workspace"        [_thread_blocked, id=15120, stack(0x0000004632100000,0x0000004632200000) (1024K)]
  0x0000014eea475500 JavaThread "Timer-10"                          [_thread_blocked, id=756, stack(0x0000004632000000,0x0000004632100000) (1024K)]
  0x0000014e8d0c6780 JavaThread "Worker-13: Initialize workspace"        [_thread_blocked, id=21816, stack(0x0000004632200000,0x0000004632300000) (1024K)]
  0x0000014e8d0c7b30 JavaThread "Timer-11"                          [_thread_blocked, id=21060, stack(0x0000004632400000,0x0000004632500000) (1024K)]
  0x0000014e8d0c81c0 JavaThread "Worker-14: Initialize workspace"        [_thread_blocked, id=2016, stack(0x0000004632500000,0x0000004632600000) (1024K)]
  0x0000014e8d0c8ee0 JavaThread "Worker-15: Initialize workspace"        [_thread_blocked, id=11932, stack(0x0000004631e00000,0x0000004631f00000) (1024K)]
  0x0000014e8d0ca290 JavaThread "Timer-12"                          [_thread_blocked, id=20124, stack(0x0000004632700000,0x0000004632800000) (1024K)]
  0x0000014e8d0c9c00 JavaThread "Worker-16: Initialize workspace"        [_thread_blocked, id=17812, stack(0x0000004632600000,0x0000004632700000) (1024K)]
  0x0000014e8d0c74a0 JavaThread "Timer-13"                          [_thread_blocked, id=16820, stack(0x0000004632900000,0x0000004632a00000) (1024K)]
  0x0000014e8d0cbcd0 JavaThread "Timer-14"                          [_thread_blocked, id=10384, stack(0x0000004632a00000,0x0000004632b00000) (1024K)]
  0x0000014e8d0cd080 JavaThread "Worker-17: Initialize workspace"        [_thread_blocked, id=7456, stack(0x0000004632b00000,0x0000004632c00000) (1024K)]
  0x0000014e8d0cd710 JavaThread "Timer-15"                          [_thread_blocked, id=20388, stack(0x0000004632c00000,0x0000004632d00000) (1024K)]
  0x0000014e8d0cb640 JavaThread "Worker-18: Initialize workspace"        [_thread_blocked, id=13376, stack(0x0000004632800000,0x0000004632900000) (1024K)]
  0x0000014e8d0cafb0 JavaThread "Timer-16"                          [_thread_blocked, id=20608, stack(0x0000004632e00000,0x0000004632f00000) (1024K)]
  0x0000014e8d0cc9f0 JavaThread "Worker-19: Initialize workspace"        [_thread_blocked, id=10784, stack(0x0000004632f00000,0x0000004633000000) (1024K)]
  0x0000014e8d0cdda0 JavaThread "Worker-20: Initialize workspace"        [_thread_blocked, id=19236, stack(0x0000004633000000,0x0000004633100000) (1024K)]
  0x0000014eec0fbf90 JavaThread "Timer-17"                          [_thread_blocked, id=20868, stack(0x0000004633100000,0x0000004633200000) (1024K)]
  0x0000014e8d0cc360 JavaThread "Timer-18"                          [_thread_blocked, id=4316, stack(0x0000004633200000,0x0000004633300000) (1024K)]
  0x0000014eec48b710 JavaThread "Worker-21: Initialize workspace"        [_thread_blocked, id=21404, stack(0x0000004632d00000,0x0000004632e00000) (1024K)]
  0x0000014eec48d150 JavaThread "Timer-19"                          [_thread_blocked, id=9192, stack(0x0000004633300000,0x0000004633400000) (1024K)]
  0x0000014eec48cac0 JavaThread "Timer-20"                          [_thread_blocked, id=22348, stack(0x0000004633400000,0x0000004633500000) (1024K)]
  0x0000014eec48de70 JavaThread "Worker-22: Initialize workspace"        [_thread_blocked, id=22368, stack(0x0000004633500000,0x0000004633600000) (1024K)]
  0x0000014eec48eb90 JavaThread "Worker-23: Initialize workspace"        [_thread_blocked, id=13576, stack(0x0000004632300000,0x0000004632400000) (1024K)]
  0x0000014eec48f220 JavaThread "Timer-21"                          [_thread_blocked, id=19084, stack(0x0000004633700000,0x0000004633800000) (1024K)]
  0x0000014eec48bda0 JavaThread "Worker-24: Initialize workspace"        [_thread_blocked, id=20988, stack(0x0000004633800000,0x0000004633900000) (1024K)]
  0x0000014eec48d7e0 JavaThread "Timer-22"                          [_thread_blocked, id=20320, stack(0x0000004633900000,0x0000004633a00000) (1024K)]
  0x0000014eec48f8b0 JavaThread "Worker-25: Initialize workspace"        [_thread_blocked, id=21940, stack(0x0000004633600000,0x0000004633700000) (1024K)]
  0x0000014eec48c430 JavaThread "Timer-23"                          [_thread_blocked, id=3156, stack(0x0000004633c00000,0x0000004633d00000) (1024K)]
  0x0000014eec492d30 JavaThread "Worker-26: Initialize workspace"        [_thread_blocked, id=20128, stack(0x0000004633d00000,0x0000004633e00000) (1024K)]
  0x0000014eec491980 JavaThread "Timer-24"                          [_thread_blocked, id=2668, stack(0x0000004633e00000,0x0000004633f00000) (1024K)]
  0x0000014eec48ff40 JavaThread "Worker-27: Initialize workspace"        [_thread_blocked, id=16580, stack(0x0000004633f00000,0x0000004634000000) (1024K)]
  0x0000014eec490c60 JavaThread "Timer-25"                          [_thread_blocked, id=8736, stack(0x0000004634000000,0x0000004634100000) (1024K)]
  0x0000014eec4905d0 JavaThread "Worker-28: Initialize workspace"        [_thread_blocked, id=9944, stack(0x0000004634100000,0x0000004634200000) (1024K)]
  0x0000014eec4912f0 JavaThread "Worker-29: Initialize workspace"        [_thread_blocked, id=20260, stack(0x0000004634200000,0x0000004634300000) (1024K)]
  0x0000014eec492010 JavaThread "Timer-26"                          [_thread_blocked, id=6548, stack(0x0000004634300000,0x0000004634400000) (1024K)]
  0x0000014eec4926a0 JavaThread "Timer-27"                          [_thread_blocked, id=21260, stack(0x0000004634400000,0x0000004634500000) (1024K)]
  0x0000014eea137a20 JavaThread "Worker-30: Initialize workspace"        [_thread_blocked, id=19992, stack(0x0000004634500000,0x0000004634600000) (1024K)]
  0x0000014eed783280 JavaThread "Timer-28"                          [_thread_blocked, id=20224, stack(0x0000004634600000,0x0000004634700000) (1024K)]
  0x0000014eed783910 JavaThread "Worker-31: Initialize workspace"        [_thread_blocked, id=17424, stack(0x0000004634700000,0x0000004634800000) (1024K)]
  0x0000014eed784cc0 JavaThread "Timer-29"                          [_thread_blocked, id=21472, stack(0x0000004634800000,0x0000004634900000) (1024K)]
  0x0000014eed785350 JavaThread "Worker-32: Initialize workspace"        [_thread_blocked, id=20288, stack(0x0000004634900000,0x0000004634a00000) (1024K)]
  0x0000014eed786070 JavaThread "Timer-30"                          [_thread_blocked, id=21220, stack(0x0000004634a00000,0x0000004634b00000) (1024K)]
  0x0000014eed784630 JavaThread "Worker-33: Initialize workspace"        [_thread_blocked, id=20496, stack(0x0000004633a00000,0x0000004633b00000) (1024K)]
  0x0000014eed782bf0 JavaThread "Timer-31"                          [_thread_blocked, id=22020, stack(0x0000004634b00000,0x0000004634c00000) (1024K)]
  0x0000014eed786700 JavaThread "Worker-34: Initialize workspace"        [_thread_blocked, id=16432, stack(0x0000004634c00000,0x0000004634d00000) (1024K)]
  0x0000014eed786d90 JavaThread "Timer-32"                          [_thread_blocked, id=18320, stack(0x0000004634d00000,0x0000004634e00000) (1024K)]
  0x0000014eed783fa0 JavaThread "Worker-35: Initialize workspace"        [_thread_blocked, id=18036, stack(0x0000004634e00000,0x0000004634f00000) (1024K)]
  0x0000014eed787ab0 JavaThread "Timer-33"                          [_thread_blocked, id=19952, stack(0x0000004634f00000,0x0000004635000000) (1024K)]
  0x0000014eed788140 JavaThread "Timer-34"                          [_thread_blocked, id=20660, stack(0x0000004635100000,0x0000004635200000) (1024K)]
  0x0000014eed788e60 JavaThread "Worker-37: Initialize workspace"        [_thread_blocked, id=18512, stack(0x0000004635200000,0x0000004635300000) (1024K)]
  0x0000014eed787420 JavaThread "Worker-38: Initialize workspace"        [_thread_blocked, id=3480, stack(0x0000004635000000,0x0000004635100000) (1024K)]
  0x0000014eed7894f0 JavaThread "Timer-35"                          [_thread_blocked, id=18272, stack(0x0000004635400000,0x0000004635500000) (1024K)]
  0x0000014eed78a210 JavaThread "Worker-39: Initialize workspace"        [_thread_blocked, id=21920, stack(0x0000004635500000,0x0000004635600000) (1024K)]
  0x0000014eed789b80 JavaThread "Timer-36"                          [_thread_blocked, id=21572, stack(0x0000004635600000,0x0000004635700000) (1024K)]
  0x0000014eed7859e0 JavaThread "Worker-40: Initialize workspace"        [_thread_blocked, id=1580, stack(0x0000004635300000,0x0000004635400000) (1024K)]
  0x0000014eea931090 JavaThread "Timer-37"                          [_thread_blocked, id=16152, stack(0x0000004635800000,0x0000004635900000) (1024K)]
  0x0000014eea92f650 JavaThread "Timer-38"                          [_thread_blocked, id=21608, stack(0x0000004635900000,0x0000004635a00000) (1024K)]
  0x0000014eea931720 JavaThread "Worker-41: Initialize workspace"        [_thread_blocked, id=21900, stack(0x0000004635a00000,0x0000004635b00000) (1024K)]
  0x0000014eea92efc0 JavaThread "Timer-39"                          [_thread_blocked, id=16864, stack(0x0000004635b00000,0x0000004635c00000) (1024K)]
  0x0000014eea930a00 JavaThread "Worker-42: Initialize workspace"        [_thread_blocked, id=21068, stack(0x0000004635c00000,0x0000004635d00000) (1024K)]
  0x0000014eea92e2a0 JavaThread "Worker-43: Initialize workspace"        [_thread_blocked, id=1908, stack(0x0000004635700000,0x0000004635800000) (1024K)]
  0x0000014eea92e930 JavaThread "Timer-40"                          [_thread_blocked, id=21024, stack(0x0000004635e00000,0x0000004635f00000) (1024K)]
  0x0000014eea931db0 JavaThread "Worker-44: Initialize workspace"        [_thread_blocked, id=21092, stack(0x0000004635d00000,0x0000004635e00000) (1024K)]
  0x0000014eea932ad0 JavaThread "Timer-41"                          [_thread_blocked, id=22208, stack(0x0000004636000000,0x0000004636100000) (1024K)]
  0x0000014eea933160 JavaThread "Timer-42"                          [_thread_blocked, id=18356, stack(0x0000004636100000,0x0000004636200000) (1024K)]
  0x0000014eea92fce0 JavaThread "Worker-45: Initialize workspace"        [_thread_blocked, id=4696, stack(0x0000004636200000,0x0000004636300000) (1024K)]
  0x0000014eea930370 JavaThread "Timer-43"                          [_thread_blocked, id=3088, stack(0x0000004636400000,0x0000004636500000) (1024K)]
  0x0000014eea933e80 JavaThread "Worker-47: Initialize workspace"        [_thread_blocked, id=544, stack(0x0000004636500000,0x0000004636600000) (1024K)]
  0x0000014eea934510 JavaThread "Timer-44"                          [_thread_blocked, id=17644, stack(0x0000004636600000,0x0000004636700000) (1024K)]
  0x0000014eea934ba0 JavaThread "Timer-45"                          [_thread_blocked, id=7072, stack(0x0000004636800000,0x0000004636900000) (1024K)]
  0x0000014eea9358c0 JavaThread "Worker-48: Initialize workspace"        [_thread_blocked, id=17808, stack(0x0000004636300000,0x0000004636400000) (1024K)]
  0x0000014eec0e8090 JavaThread "Timer-46"                          [_thread_blocked, id=21804, stack(0x0000004636a00000,0x0000004636b00000) (1024K)]
  0x0000014eec0eae80 JavaThread "Timer-47"                          [_thread_blocked, id=16924, stack(0x0000004636b00000,0x0000004636c00000) (1024K)]
  0x0000014eec0eb510 JavaThread "Worker-52: Initialize workspace"        [_thread_blocked, id=17300, stack(0x0000004636c00000,0x0000004636d00000) (1024K)]
  0x0000014eec0ebba0 JavaThread "Timer-48"                          [_thread_blocked, id=8448, stack(0x0000004635f00000,0x0000004636000000) (1024K)]
  0x0000014eec0e9440 JavaThread "Worker-59: Initialize workspace"        [_thread_blocked, id=21196, stack(0x0000004636700000,0x0000004636800000) (1024K)]
  0x0000014eec0e8db0 JavaThread "Timer-49"                          [_thread_blocked, id=18328, stack(0x0000004636d00000,0x0000004636e00000) (1024K)]
  0x0000014eec0e8720 JavaThread "Worker-68: Initialize workspace"        [_thread_blocked, id=16908, stack(0x0000004636900000,0x0000004636a00000) (1024K)]
  0x0000014eec0ec230 JavaThread "Timer-50"                          [_thread_blocked, id=21444, stack(0x0000004637000000,0x0000004637100000) (1024K)]
  0x0000014eec0ea160 JavaThread "Worker-75: Initialize workspace"        [_thread_blocked, id=20712, stack(0x0000004637100000,0x0000004637200000) (1024K)]
  0x0000014eec0ed5e0 JavaThread "Timer-51"                          [_thread_blocked, id=21820, stack(0x0000004637300000,0x0000004637400000) (1024K)]
  0x0000014eec0ec8c0 JavaThread "Worker-83: Initialize workspace"        [_thread_blocked, id=8156, stack(0x0000004636e00000,0x0000004636f00000) (1024K)]
  0x0000014eec0ef6b0 JavaThread "Timer-52"                          [_thread_blocked, id=21560, stack(0x0000004637500000,0x0000004637600000) (1024K)]
  0x0000014eec0ea7f0 JavaThread "Worker-89: Initialize workspace"        [_thread_blocked, id=16948, stack(0x0000004636f00000,0x0000004637000000) (1024K)]
  0x0000014eec0ee990 JavaThread "Timer-53"                          [_thread_blocked, id=17304, stack(0x0000004637700000,0x0000004637800000) (1024K)]
  0x0000014eec0e9ad0 JavaThread "Worker-97: Initialize workspace"        [_thread_blocked, id=20332, stack(0x0000004637200000,0x0000004637300000) (1024K)]
  0x0000014eec0ee300 JavaThread "Timer-54"                          [_thread_blocked, id=9080, stack(0x0000004637800000,0x0000004637900000) (1024K)]
  0x0000014eea932440 JavaThread "Worker-106: Initialize workspace"        [_thread_blocked, id=21476, stack(0x0000004637400000,0x0000004637500000) (1024K)]
  0x0000014eec0ef020 JavaThread "Timer-55"                          [_thread_blocked, id=17640, stack(0x0000004637600000,0x0000004637700000) (1024K)]
  0x0000014eed199040 JavaThread "Worker-112: Initialize workspace"        [_thread_blocked, id=13856, stack(0x0000004637c00000,0x0000004637d00000) (1024K)]
  0x0000014eed199d60 JavaThread "Timer-56"                          [_thread_blocked, id=20276, stack(0x0000004637d00000,0x0000004637e00000) (1024K)]
  0x0000014eed19b110 JavaThread "Worker-120: Initialize workspace"        [_thread_blocked, id=18300, stack(0x0000004637a00000,0x0000004637b00000) (1024K)]
  0x0000014eed197c90 JavaThread "Timer-57"                          [_thread_blocked, id=18180, stack(0x0000004637e00000,0x0000004637f00000) (1024K)]
  0x0000014eed1996d0 JavaThread "Worker-128: Initialize workspace"        [_thread_blocked, id=18364, stack(0x0000004637900000,0x0000004637a00000) (1024K)]
  0x0000014eed19aa80 JavaThread "Timer-58"                          [_thread_blocked, id=10636, stack(0x0000004638000000,0x0000004638100000) (1024K)]
  0x0000014eed19b7a0 JavaThread "Worker-135: Initialize workspace"        [_thread_blocked, id=17968, stack(0x0000004637b00000,0x0000004637c00000) (1024K)]
  0x0000014eed19cb50 JavaThread "Timer-59"                          [_thread_blocked, id=16892, stack(0x0000004638200000,0x0000004638300000) (1024K)]
  0x0000014eed19a3f0 JavaThread "Worker-143: Initialize workspace"        [_thread_blocked, id=9780, stack(0x000000462e500000,0x000000462e600000) (1024K)]
  0x0000014eed19be30 JavaThread "Timer-60"                          [_thread_blocked, id=16612, stack(0x0000004633b00000,0x0000004633c00000) (1024K)]
  0x0000014eed198320 JavaThread "Worker-151: Initialize workspace"        [_thread_blocked, id=20512, stack(0x000000462e700000,0x000000462e800000) (1024K)]
  0x0000014eed19f2b0 JavaThread "Worker-154: Initialize workspace"        [_thread_blocked, id=20548, stack(0x0000004638300000,0x0000004638400000) (1024K)]
  0x0000014eed19c4c0 JavaThread "Timer-61"                          [_thread_blocked, id=8488, stack(0x0000004638400000,0x0000004638500000) (1024K)]
  0x0000014eed19d1e0 JavaThread "Timer-62"                          [_thread_blocked, id=15576, stack(0x0000004638600000,0x0000004638700000) (1024K)]
  0x0000014eed19df00 JavaThread "Worker-165: Initialize workspace"        [_thread_blocked, id=11692, stack(0x0000004638700000,0x0000004638800000) (1024K)]
  0x0000014eed19ec20 JavaThread "Timer-63"                          [_thread_blocked, id=4832, stack(0x0000004638900000,0x0000004638a00000) (1024K)]
  0x0000014eea935230 JavaThread "Worker-174: Initialize workspace"        [_thread_blocked, id=19912, stack(0x0000004638800000,0x0000004638900000) (1024K)]
  0x0000014eed19e590 JavaThread "Connection worker"                 [_thread_blocked, id=7484, stack(0x0000004638a00000,0x0000004638b00000) (1024K)]
  0x0000014eec0edc70 JavaThread "Connection worker"                 [_thread_blocked, id=21548, stack(0x0000004638b00000,0x0000004638c00000) (1024K)]
  0x0000014eed7887d0 JavaThread "Connection worker"                 [_thread_blocked, id=15116, stack(0x0000004638c00000,0x0000004638d00000) (1024K)]
  0x0000014eed78e090 JavaThread "Connection worker"                 [_thread_blocked, id=3336, stack(0x0000004638d00000,0x0000004638e00000) (1024K)]
  0x0000014eed78da00 JavaThread "Connection worker"                 [_thread_blocked, id=17964, stack(0x0000004638e00000,0x0000004638f00000) (1024K)]
  0x0000014eed78bfc0 JavaThread "Connection worker"                 [_thread_blocked, id=19996, stack(0x0000004638f00000,0x0000004639000000) (1024K)]
  0x0000014eed78e720 JavaThread "Connection worker"                 [_thread_blocked, id=20572, stack(0x0000004639100000,0x0000004639200000) (1024K)]
  0x0000014eed78cce0 JavaThread "Connection worker"                 [_thread_blocked, id=5024, stack(0x0000004639200000,0x0000004639300000) (1024K)]
  0x0000014eed78d370 JavaThread "Connection worker"                 [_thread_blocked, id=16312, stack(0x0000004639300000,0x0000004639400000) (1024K)]
  0x0000014eed78b2a0 JavaThread "Connection worker"                 [_thread_blocked, id=9928, stack(0x0000004639400000,0x0000004639500000) (1024K)]
  0x0000014eed78edb0 JavaThread "Connection worker"                 [_thread_blocked, id=18700, stack(0x0000004639500000,0x0000004639600000) (1024K)]
  0x0000014eed78b930 JavaThread "Connection worker"                 [_thread_blocked, id=9656, stack(0x0000004638100000,0x0000004638200000) (1024K)]
  0x0000014eed78f440 JavaThread "Connection worker"                 [_thread_blocked, id=4768, stack(0x0000004639600000,0x0000004639700000) (1024K)]
  0x0000014eed78fad0 JavaThread "Connection worker"                 [_thread_blocked, id=14432, stack(0x0000004639700000,0x0000004639800000) (1024K)]
  0x0000014eed78c650 JavaThread "Connection worker"                 [_thread_blocked, id=9456, stack(0x0000004639800000,0x0000004639900000) (1024K)]
  0x0000014eed790e80 JavaThread "Connection worker"                 [_thread_blocked, id=16684, stack(0x0000004639900000,0x0000004639a00000) (1024K)]
  0x0000014eed792230 JavaThread "Connection worker"                 [_thread_blocked, id=22352, stack(0x0000004639a00000,0x0000004639b00000) (1024K)]
  0x0000014eed790160 JavaThread "Connection worker"                 [_thread_blocked, id=6760, stack(0x0000004639b00000,0x0000004639c00000) (1024K)]
  0x0000014eed791510 JavaThread "Connection worker"                 [_thread_blocked, id=18076, stack(0x0000004639c00000,0x0000004639d00000) (1024K)]
  0x0000014eed791ba0 JavaThread "Connection worker"                 [_thread_blocked, id=19252, stack(0x0000004639e00000,0x0000004639f00000) (1024K)]
  0x0000014eed19d870 JavaThread "Connection worker"                 [_thread_blocked, id=7040, stack(0x0000004639f00000,0x000000463a000000) (1024K)]
  0x0000014eeca753c0 JavaThread "Connection worker"                 [_thread_blocked, id=17048, stack(0x000000463a000000,0x000000463a100000) (1024K)]
  0x0000014eeca76770 JavaThread "Connection worker"                 [_thread_blocked, id=22340, stack(0x000000463a100000,0x000000463a200000) (1024K)]
  0x0000014eeca73980 JavaThread "Connection worker"                 [_thread_blocked, id=12144, stack(0x0000004637f00000,0x0000004638000000) (1024K)]
  0x0000014eeca760e0 JavaThread "Connection worker"                 [_thread_blocked, id=21064, stack(0x000000463a200000,0x000000463a300000) (1024K)]
  0x0000014eeca76e00 JavaThread "Connection worker"                 [_thread_blocked, id=13244, stack(0x000000463a300000,0x000000463a400000) (1024K)]
  0x0000014eeca77490 JavaThread "Connection worker"                 [_thread_blocked, id=16576, stack(0x000000463a400000,0x000000463a500000) (1024K)]
  0x0000014eeca74010 JavaThread "Connection worker"                 [_thread_blocked, id=9804, stack(0x000000463a500000,0x000000463a600000) (1024K)]
  0x0000014eeca77b20 JavaThread "Connection worker"                 [_thread_blocked, id=15948, stack(0x000000463a600000,0x000000463a700000) (1024K)]
  0x0000014eeca75a50 JavaThread "Connection worker"                 [_thread_blocked, id=19176, stack(0x0000004639d00000,0x0000004639e00000) (1024K)]
  0x0000014eeca746a0 JavaThread "Connection worker"                 [_thread_blocked, id=12868, stack(0x000000463a800000,0x000000463a900000) (1024K)]
  0x0000014eeca7a280 JavaThread "Connection worker"                 [_thread_blocked, id=19792, stack(0x000000463a900000,0x000000463aa00000) (1024K)]
  0x0000014eeca7afa0 JavaThread "Connection worker"                 [_thread_blocked, id=17740, stack(0x000000463aa00000,0x000000463ab00000) (1024K)]
  0x0000014eeca79560 JavaThread "Connection worker"                 [_thread_blocked, id=14792, stack(0x000000463ab00000,0x000000463ac00000) (1024K)]
  0x0000014eeca78840 JavaThread "Connection worker"                 [_thread_blocked, id=19664, stack(0x000000463ac00000,0x000000463ad00000) (1024K)]
  0x0000014eeca781b0 JavaThread "Connection worker"                 [_thread_blocked, id=20072, stack(0x000000463ad00000,0x000000463ae00000) (1024K)]
  0x0000014eeca7c350 JavaThread "Connection worker"                 [_thread_blocked, id=1828, stack(0x000000463ae00000,0x000000463af00000) (1024K)]
  0x0000014eeca7d070 JavaThread "Connection worker"                 [_thread_blocked, id=2828, stack(0x000000463af00000,0x000000463b000000) (1024K)]
  0x0000014eeca7bcc0 JavaThread "Connection worker"                 [_thread_blocked, id=5284, stack(0x000000463b000000,0x000000463b100000) (1024K)]
  0x0000014eeca7b630 JavaThread "Connection worker"                 [_thread_blocked, id=19240, stack(0x000000463b100000,0x000000463b200000) (1024K)]
  0x0000014eeca7c9e0 JavaThread "Connection worker"                 [_thread_blocked, id=14496, stack(0x000000463b200000,0x000000463b300000) (1024K)]
  0x0000014eeca79bf0 JavaThread "Connection worker"                 [_thread_blocked, id=18908, stack(0x000000463b300000,0x000000463b400000) (1024K)]
  0x0000014eeca7d700 JavaThread "Connection worker"                 [_thread_blocked, id=3180, stack(0x000000463b400000,0x000000463b500000) (1024K)]
  0x0000014eeca7dd90 JavaThread "Connection worker"                 [_thread_blocked, id=22184, stack(0x000000463b500000,0x000000463b600000) (1024K)]
  0x0000014eeca7a910 JavaThread "Connection worker"                 [_thread_blocked, id=21808, stack(0x000000463b600000,0x000000463b700000) (1024K)]
  0x0000014eeca80b80 JavaThread "Connection worker"                 [_thread_blocked, id=21512, stack(0x000000463b700000,0x000000463b800000) (1024K)]
  0x0000014eeca7e420 JavaThread "Connection worker"                 [_thread_blocked, id=20580, stack(0x000000463b800000,0x000000463b900000) (1024K)]
  0x0000014eeca7f140 JavaThread "Connection worker"                 [_thread_blocked, id=22432, stack(0x000000463b900000,0x000000463ba00000) (1024K)]
  0x0000014eeca818a0 JavaThread "Connection worker"                 [_thread_blocked, id=3524, stack(0x000000463ba00000,0x000000463bb00000) (1024K)]
  0x0000014eeca81f30 JavaThread "Connection worker"                 [_thread_blocked, id=4840, stack(0x000000463bb00000,0x000000463bc00000) (1024K)]
  0x0000014eeca7f7d0 JavaThread "Connection worker"                 [_thread_blocked, id=12964, stack(0x000000463bc00000,0x000000463bd00000) (1024K)]
  0x0000014eeca78ed0 JavaThread "Connection worker"                 [_thread_blocked, id=17636, stack(0x000000463bd00000,0x000000463be00000) (1024K)]
  0x0000014eeca81210 JavaThread "Connection worker"                 [_thread_blocked, id=19924, stack(0x000000463be00000,0x000000463bf00000) (1024K)]
  0x0000014eeca7fe60 JavaThread "Timer-64"                          [_thread_blocked, id=21644, stack(0x000000463bf00000,0x000000463c000000) (1024K)]
  0x0000014eeca7eab0 JavaThread "Connection worker"                 [_thread_blocked, id=9304, stack(0x000000463c000000,0x000000463c100000) (1024K)]
  0x0000014eeca825c0 JavaThread "Connection worker"                 [_thread_blocked, id=17044, stack(0x000000463c100000,0x000000463c200000) (1024K)]
  0x0000014eeca82c50 JavaThread "Connection worker"                 [_thread_blocked, id=21072, stack(0x000000463c200000,0x000000463c300000) (1024K)]
  0x0000014eeca804f0 JavaThread "Connection worker"                 [_thread_blocked, id=20884, stack(0x000000463c300000,0x000000463c400000) (1024K)]
  0x0000014eed7907f0 JavaThread "Connection worker"                 [_thread_blocked, id=17256, stack(0x000000463c500000,0x000000463c600000) (1024K)]
  0x0000014eed3a57c0 JavaThread "Connection worker"                 [_thread_blocked, id=19472, stack(0x000000463c600000,0x000000463c700000) (1024K)]
  0x0000014eed3a64e0 JavaThread "Connection worker"                 [_thread_blocked, id=20416, stack(0x000000463c700000,0x000000463c800000) (1024K)]
  0x0000014eed3a5e50 JavaThread "Connection worker"                 [_thread_blocked, id=21004, stack(0x000000463c800000,0x000000463c900000) (1024K)]
  0x0000014eed3a7890 JavaThread "Connection worker"                 [_thread_blocked, id=18660, stack(0x000000463c900000,0x000000463ca00000) (1024K)]
  0x0000014eed3a6b70 JavaThread "Connection worker"                 [_thread_blocked, id=17680, stack(0x000000463ca00000,0x000000463cb00000) (1024K)]
  0x0000014eed3a7200 JavaThread "Worker-180: Initialize workspace"        [_thread_blocked, id=20616, stack(0x0000004638500000,0x0000004638600000) (1024K)]
  0x0000014eed3a5130 JavaThread "Worker-181: Initialize workspace"        [_thread_blocked, id=20820, stack(0x000000463a700000,0x000000463a800000) (1024K)]
  0x0000014eed3a4aa0 JavaThread "Timer-65"                          [_thread_blocked, id=17648, stack(0x000000463cb00000,0x000000463cc00000) (1024K)]
  0x0000014eed3a7f20 JavaThread "Connection worker"                 [_thread_blocked, id=13536, stack(0x000000463cc00000,0x000000463cd00000) (1024K)]
  0x0000014eed3aba30 JavaThread "Connection worker"                 [_thread_blocked, id=13212, stack(0x000000463cd00000,0x000000463ce00000) (1024K)]
  0x0000014eed3a9960 JavaThread "Worker-186: Initialize workspace"        [_thread_blocked, id=18176, stack(0x000000463ce00000,0x000000463cf00000) (1024K)]
  0x0000014eed3a92d0 JavaThread "Timer-66"                          [_thread_blocked, id=8292, stack(0x000000463cf00000,0x000000463d000000) (1024K)]
  0x0000014eed3a85b0 JavaThread "pool-3-thread-1"                   [_thread_blocked, id=22232, stack(0x000000463d100000,0x000000463d200000) (1024K)]
  0x0000014eed3aa680 JavaThread "pool-4-thread-1"                   [_thread_blocked, id=18292, stack(0x000000463d200000,0x000000463d300000) (1024K)]
  0x0000014eed3aad10 JavaThread "pool-5-thread-1"                   [_thread_blocked, id=9140, stack(0x000000463d300000,0x000000463d400000) (1024K)]
  0x0000014eed3ac750 JavaThread "pool-27-thread-1"                  [_thread_blocked, id=16328, stack(0x000000463d400000,0x000000463d500000) (1024K)]
  0x0000014eed3ab3a0 JavaThread "pool-39-thread-1"                  [_thread_blocked, id=21360, stack(0x000000463d500000,0x000000463d600000) (1024K)]
  0x0000014eed3ac0c0 JavaThread "pool-8-thread-1"                   [_thread_blocked, id=5432, stack(0x000000463d600000,0x000000463d700000) (1024K)]
  0x0000014eed3acde0 JavaThread "pool-52-thread-1"                  [_thread_blocked, id=18284, stack(0x000000463d700000,0x000000463d800000) (1024K)]
  0x0000014eed3a9ff0 JavaThread "pool-56-thread-1"                  [_thread_blocked, id=18608, stack(0x000000463d800000,0x000000463d900000) (1024K)]
  0x0000014eed3afbd0 JavaThread "pool-60-thread-1"                  [_thread_blocked, id=20840, stack(0x000000463d900000,0x000000463da00000) (1024K)]
  0x0000014eed3b0260 JavaThread "pool-64-thread-1"                  [_thread_blocked, id=19840, stack(0x000000463da00000,0x000000463db00000) (1024K)]
  0x0000014eed3ad470 JavaThread "pool-13-thread-1"                  [_thread_blocked, id=21988, stack(0x000000463db00000,0x000000463dc00000) (1024K)]
  0x0000014eed3ae820 JavaThread "pool-14-thread-1"                  [_thread_blocked, id=17468, stack(0x000000463dc00000,0x000000463dd00000) (1024K)]
  0x0000014eed3b08f0 JavaThread "pool-15-thread-1"                  [_thread_blocked, id=15840, stack(0x000000463dd00000,0x000000463de00000) (1024K)]
  0x0000014eed3b0f80 JavaThread "pool-16-thread-1"                  [_thread_blocked, id=16928, stack(0x000000463de00000,0x000000463df00000) (1024K)]
  0x0000014eed3adb00 JavaThread "pool-17-thread-1"                  [_thread_blocked, id=18928, stack(0x000000463df00000,0x000000463e000000) (1024K)]
  0x0000014eed3af540 JavaThread "pool-18-thread-1"                  [_thread_blocked, id=21888, stack(0x000000463e000000,0x000000463e100000) (1024K)]
  0x0000014eed3aeeb0 JavaThread "pool-19-thread-1"                  [_thread_blocked, id=18844, stack(0x000000463e100000,0x000000463e200000) (1024K)]
  0x0000014eed3b1610 JavaThread "pool-20-thread-1"                  [_thread_blocked, id=19632, stack(0x000000463e200000,0x000000463e300000) (1024K)]
  0x0000014eed3ae190 JavaThread "pool-21-thread-1"                  [_thread_blocked, id=14604, stack(0x000000463e300000,0x000000463e400000) (1024K)]
  0x0000014eed3b1ca0 JavaThread "pool-22-thread-1"                  [_thread_blocked, id=1012, stack(0x000000463e600000,0x000000463e700000) (1024K)]
  0x0000014eed3b2330 JavaThread "pool-23-thread-1"                  [_thread_blocked, id=19780, stack(0x000000463e700000,0x000000463e800000) (1024K)]
  0x0000014eed3b29c0 JavaThread "pool-24-thread-1"                  [_thread_blocked, id=9356, stack(0x000000463e800000,0x000000463e900000) (1024K)]
  0x0000014eed3b3050 JavaThread "pool-25-thread-1"                  [_thread_blocked, id=13452, stack(0x000000463e900000,0x000000463ea00000) (1024K)]
  0x0000014eed3b36e0 JavaThread "pool-26-thread-1"                  [_thread_blocked, id=1984, stack(0x000000463ea00000,0x000000463eb00000) (1024K)]
  0x0000014eed1989b0 JavaThread "pool-28-thread-1"                  [_thread_blocked, id=12432, stack(0x000000463eb00000,0x000000463ec00000) (1024K)]
  0x0000014eeca74d30 JavaThread "pool-29-thread-1"                  [_thread_blocked, id=12168, stack(0x000000463ec00000,0x000000463ed00000) (1024K)]
  0x0000014eed78ac10 JavaThread "pool-30-thread-1"                  [_thread_blocked, id=19744, stack(0x000000463ed00000,0x000000463ee00000) (1024K)]
  0x0000014ef23adfc0 JavaThread "pool-6-thread-1"                   [_thread_blocked, id=8076, stack(0x000000463ee00000,0x000000463ef00000) (1024K)]
  0x0000014ef23ae650 JavaThread "pool-31-thread-1"                  [_thread_blocked, id=18448, stack(0x000000463ef00000,0x000000463f000000) (1024K)]
  0x0000014ef23ac580 JavaThread "pool-32-thread-1"                  [_thread_blocked, id=17220, stack(0x000000463f000000,0x000000463f100000) (1024K)]
  0x0000014ef23abef0 JavaThread "pool-34-thread-1"                  [_thread_blocked, id=22216, stack(0x000000463f100000,0x000000463f200000) (1024K)]
  0x0000014ef23aece0 JavaThread "pool-33-thread-1"                  [_thread_blocked, id=22428, stack(0x000000463f200000,0x000000463f300000) (1024K)]
  0x0000014ef23ad930 JavaThread "pool-36-thread-1"                  [_thread_blocked, id=18312, stack(0x000000463f300000,0x000000463f400000) (1024K)]
  0x0000014ef23afa00 JavaThread "pool-35-thread-1"                  [_thread_blocked, id=2168, stack(0x000000463f400000,0x000000463f500000) (1024K)]
  0x0000014ef23af370 JavaThread "pool-38-thread-1"                  [_thread_blocked, id=2268, stack(0x000000463f500000,0x000000463f600000) (1024K)]
  0x0000014ef23b0090 JavaThread "pool-37-thread-1"                  [_thread_blocked, id=9524, stack(0x000000463f600000,0x000000463f700000) (1024K)]
  0x0000014ef23acc10 JavaThread "pool-40-thread-1"                  [_thread_blocked, id=10084, stack(0x000000463f700000,0x000000463f800000) (1024K)]
  0x0000014ef23b0720 JavaThread "pool-42-thread-1"                  [_thread_blocked, id=13216, stack(0x000000463f800000,0x000000463f900000) (1024K)]
  0x0000014ef23ad2a0 JavaThread "pool-50-thread-1"                  [_thread_blocked, id=20956, stack(0x000000463f900000,0x000000463fa00000) (1024K)]
  0x0000014ef23b1ad0 JavaThread "pool-51-thread-1"                  [_thread_blocked, id=15540, stack(0x000000463fa00000,0x000000463fb00000) (1024K)]
  0x0000014ef23b2e80 JavaThread "pool-9-thread-1"                   [_thread_blocked, id=4016, stack(0x000000463fb00000,0x000000463fc00000) (1024K)]
  0x0000014ef23b2160 JavaThread "pool-53-thread-1"                  [_thread_blocked, id=19564, stack(0x000000463fc00000,0x000000463fd00000) (1024K)]
  0x0000014ef23b3ba0 JavaThread "pool-54-thread-1"                  [_thread_blocked, id=15724, stack(0x000000463fd00000,0x000000463fe00000) (1024K)]
  0x0000014ef23b0db0 JavaThread "pool-55-thread-1"                  [_thread_blocked, id=16664, stack(0x000000463fe00000,0x000000463ff00000) (1024K)]
  0x0000014ef23b48c0 JavaThread "pool-59-thread-1"                  [_thread_blocked, id=20824, stack(0x000000463ff00000,0x0000004640000000) (1024K)]
  0x0000014ef23b27f0 JavaThread "pool-11-thread-1"                  [_thread_blocked, id=12952, stack(0x0000004640000000,0x0000004640100000) (1024K)]
  0x0000014ef23b3510 JavaThread "pool-62-thread-1"                  [_thread_blocked, id=3516, stack(0x0000004640100000,0x0000004640200000) (1024K)]
  0x0000014ef23b4230 JavaThread "pool-63-thread-1"                  [_thread_blocked, id=20344, stack(0x0000004640200000,0x0000004640300000) (1024K)]
  0x0000014ef23b1440 JavaThread "pool-66-thread-1"                  [_thread_blocked, id=6424, stack(0x0000004640300000,0x0000004640400000) (1024K)]
  0x0000014ef23b7020 JavaThread "pool-67-thread-1"                  [_thread_blocked, id=12792, stack(0x0000004640400000,0x0000004640500000) (1024K)]
  0x0000014ef23b4f50 JavaThread "pool-41-thread-1"                  [_thread_blocked, id=7112, stack(0x0000004640500000,0x0000004640600000) (1024K)]
  0x0000014ef23b55e0 JavaThread "pool-43-thread-1"                  [_thread_blocked, id=7016, stack(0x0000004640600000,0x0000004640700000) (1024K)]
  0x0000014ef23b90f0 JavaThread "pool-44-thread-1"                  [_thread_blocked, id=16772, stack(0x0000004640700000,0x0000004640800000) (1024K)]
  0x0000014ef23b76b0 JavaThread "pool-7-thread-1"                   [_thread_blocked, id=16480, stack(0x0000004640800000,0x0000004640900000) (1024K)]
  0x0000014ef23b5c70 JavaThread "pool-45-thread-1"                  [_thread_blocked, id=19832, stack(0x0000004640900000,0x0000004640a00000) (1024K)]
  0x0000014ef23b7d40 JavaThread "pool-49-thread-1"                  [_thread_blocked, id=13136, stack(0x0000004640a00000,0x0000004640b00000) (1024K)]
  0x0000014ef23b83d0 JavaThread "pool-10-thread-1"                  [_thread_blocked, id=19552, stack(0x0000004640b00000,0x0000004640c00000) (1024K)]
  0x0000014ef23b6300 JavaThread "pool-57-thread-1"                  [_thread_blocked, id=8788, stack(0x0000004640c00000,0x0000004640d00000) (1024K)]
  0x0000014ef23b8a60 JavaThread "pool-58-thread-1"                  [_thread_blocked, id=8948, stack(0x0000004640d00000,0x0000004640e00000) (1024K)]
  0x0000014ef23b9780 JavaThread "pool-61-thread-1"                  [_thread_blocked, id=17612, stack(0x0000004640e00000,0x0000004640f00000) (1024K)]
  0x0000014ef23b9e10 JavaThread "pool-12-thread-1"                  [_thread_blocked, id=5536, stack(0x0000004640f00000,0x0000004641000000) (1024K)]
  0x0000014ef23b6990 JavaThread "pool-65-thread-1"                  [_thread_blocked, id=19452, stack(0x0000004641000000,0x0000004641100000) (1024K)]
  0x0000014ef23ba4a0 JavaThread "pool-46-thread-1"                  [_thread_blocked, id=14424, stack(0x0000004641100000,0x0000004641200000) (1024K)]
  0x0000014ef23bab30 JavaThread "pool-47-thread-1"                  [_thread_blocked, id=21812, stack(0x0000004641200000,0x0000004641300000) (1024K)]
  0x0000014ef23bb1c0 JavaThread "pool-48-thread-1"                  [_thread_blocked, id=16484, stack(0x0000004641300000,0x0000004641400000) (1024K)]
  0x0000014eea13de70 JavaThread "Connection worker"                 [_thread_blocked, id=8456, stack(0x000000463c400000,0x000000463c500000) (1024K)]
  0x0000014eea141980 JavaThread "Timer-67"                          [_thread_blocked, id=16592, stack(0x0000004641500000,0x0000004641600000) (1024K)]
  0x0000014eea13f220 JavaThread "pool-68-thread-1"                  [_thread_blocked, id=9932, stack(0x0000004641700000,0x0000004641800000) (1024K)]
  0x0000014eea140c60 JavaThread "Worker-191: Initialize workspace"        [_thread_blocked, id=18680, stack(0x0000004641600000,0x0000004641700000) (1024K)]
  0x0000014eea1405d0 JavaThread "Connection worker"                 [_thread_blocked, id=5932, stack(0x0000004641400000,0x0000004641500000) (1024K)]
  0x0000014eea13eb90 JavaThread "Exec process"                      [_thread_in_native, id=20236, stack(0x0000004641800000,0x0000004641900000) (1024K)]
  0x0000014eea1412f0 JavaThread "Exec process"                      [_thread_in_native, id=4640, stack(0x0000004641900000,0x0000004641a00000) (1024K)]
  0x0000014eea13e500 JavaThread "Exec process"                      [_thread_in_native, id=21284, stack(0x0000004641a00000,0x0000004641b00000) (1024K)]
  0x0000014eea13f8b0 JavaThread "Exec process"                      [_thread_in_native, id=20668, stack(0x0000004641b00000,0x0000004641c00000) (1024K)]
  0x0000014eea145490 JavaThread "Exec process"                      [_thread_in_native, id=13696, stack(0x0000004641d00000,0x0000004641e00000) (1024K)]
  0x0000014eea144e00 JavaThread "Exec process"                      [_thread_in_native, id=11036, stack(0x0000004641e00000,0x0000004641f00000) (1024K)]
  0x0000014eea1426a0 JavaThread "Exec process"                      [_thread_in_native, id=20728, stack(0x0000004641f00000,0x0000004642000000) (1024K)]
  0x0000014eea142010 JavaThread "pool-69-thread-1"                  [_thread_blocked, id=19660, stack(0x0000004642100000,0x0000004642200000) (1024K)]
  0x0000014eea142d30 JavaThread "Exec process"                      [_thread_in_native, id=21492, stack(0x000000463d000000,0x000000463d100000) (1024K)]
  0x0000014eea1433c0 JavaThread "Exec process"                      [_thread_in_native, id=19804, stack(0x0000004642200000,0x0000004642300000) (1024K)]
  0x0000014eea143a50 JavaThread "Exec process"                      [_thread_in_native, id=13656, stack(0x0000004642300000,0x0000004642400000) (1024K)]
  0x0000014eea1440e0 JavaThread "Timer-68"                          [_thread_blocked, id=21536, stack(0x0000004642400000,0x0000004642500000) (1024K)]
  0x0000014eee29b370 JavaThread "Exec process"                      [_thread_in_native, id=16536, stack(0x0000004642700000,0x0000004642800000) (1024K)]
  0x0000014eee29cdb0 JavaThread "Exec process Thread 2"             [_thread_blocked, id=22224, stack(0x0000004642900000,0x0000004642a00000) (1024K)]
  0x0000014eee29d440 JavaThread "Exec process Thread 2"             [_thread_blocked, id=15408, stack(0x0000004642a00000,0x0000004642b00000) (1024K)]
  0x0000014eee29ace0 JavaThread "Exec process Thread 2"             [_thread_blocked, id=14504, stack(0x0000004642c00000,0x0000004642d00000) (1024K)]
  0x0000014eee29e7f0 JavaThread "Exec process Thread 2"             [_thread_blocked, id=5064, stack(0x0000004642e00000,0x0000004642f00000) (1024K)]
  0x0000014eee29f510 JavaThread "Exec process Thread 2"             [_thread_blocked, id=7512, stack(0x0000004643000000,0x0000004643100000) (1024K)]
  0x0000014eee29c720 JavaThread "Exec process"                      [_thread_in_native, id=16920, stack(0x0000004643100000,0x0000004643200000) (1024K)]
  0x0000014eee2a0f50 JavaThread "Exec process Thread 2"             [_thread_blocked, id=19324, stack(0x0000004643300000,0x0000004643400000) (1024K)]
  0x0000014eee2a0230 JavaThread "Exec process Thread 2"             [_thread_blocked, id=3716, stack(0x0000004643500000,0x0000004643600000) (1024K)]
  0x0000014eee2a2990 JavaThread "Exec process Thread 2"             [_thread_blocked, id=21100, stack(0x0000004643700000,0x0000004643800000) (1024K)]
  0x0000014eee2a3020 JavaThread "Exec process Thread 2"             [_thread_blocked, id=22144, stack(0x0000004643900000,0x0000004643a00000) (1024K)]
  0x0000014eee2a36b0 JavaThread "Exec process"                      [_thread_in_native, id=5376, stack(0x0000004643a00000,0x0000004643b00000) (1024K)]
  0x0000014eee29dad0 JavaThread "Exec process"                      [_thread_in_native, id=18408, stack(0x0000004642600000,0x0000004642700000) (1024K)]
  0x0000014eee29c090 JavaThread "Worker-195: Initialize workspace"        [_thread_blocked, id=10980, stack(0x0000004642500000,0x0000004642600000) (1024K)]
  0x0000014eee29ee80 JavaThread "Exec process Thread 2"             [_thread_blocked, id=17520, stack(0x0000004642800000,0x0000004642900000) (1024K)]
  0x0000014eee29ba00 JavaThread "Worker-196: Initialize workspace"        [_thread_blocked, id=12592, stack(0x0000004642b00000,0x0000004642c00000) (1024K)]
  0x0000014eee29fba0 JavaThread "Exec process"                      [_thread_in_native, id=18976, stack(0x0000004641c00000,0x0000004641d00000) (1024K)]
  0x0000014eee2a15e0 JavaThread "Exec process"                      [_thread_in_native, id=21840, stack(0x0000004642d00000,0x0000004642e00000) (1024K)]
  0x0000014eee2a3d40 JavaThread "Exec process"                      [_thread_in_native, id=11224, stack(0x0000004642f00000,0x0000004643000000) (1024K)]
  0x0000014eee29e160 JavaThread "Exec process"                      [_thread_in_native, id=22480, stack(0x0000004643400000,0x0000004643500000) (1024K)]
  0x0000014eee2a43d0 JavaThread "Exec process"                      [_thread_in_native, id=18644, stack(0x0000004643600000,0x0000004643700000) (1024K)]
  0x0000014eee2a4a60 JavaThread "Exec process"                      [_thread_in_native, id=16256, stack(0x0000004643800000,0x0000004643900000) (1024K)]
  0x0000014eee2a08c0 JavaThread "Exec process"                      [_thread_in_native, id=21484, stack(0x0000004643200000,0x0000004643300000) (1024K)]
  0x0000014eee2a2300 JavaThread "Exec process Thread 2"             [_thread_blocked, id=9352, stack(0x0000004643d00000,0x0000004643e00000) (1024K)]
  0x0000014eee2a5e10 JavaThread "Exec process Thread 2"             [_thread_blocked, id=9808, stack(0x0000004643f00000,0x0000004644000000) (1024K)]
  0x0000014eee2a7ee0 JavaThread "Exec process Thread 2"             [_thread_blocked, id=5940, stack(0x0000004644100000,0x0000004644200000) (1024K)]
  0x0000014eee2a6b30 JavaThread "Timer-69"                          [_thread_blocked, id=11936, stack(0x0000004644200000,0x0000004644300000) (1024K)]
  0x0000014eee2a50f0 JavaThread "Exec process Thread 2"             [_thread_blocked, id=16960, stack(0x0000004644500000,0x0000004644600000) (1024K)]
  0x0000014eee2a8c00 JavaThread "Exec process"                      [_thread_in_native, id=21984, stack(0x0000004644600000,0x0000004644700000) (1024K)]
  0x0000014eee2a9920 JavaThread "Exec process Thread 2"             [_thread_blocked, id=18760, stack(0x0000004644800000,0x0000004644900000) (1024K)]
  0x0000014eed3a4410 JavaThread "Exec process Thread 2"             [_thread_blocked, id=16740, stack(0x0000004644900000,0x0000004644a00000) (1024K)]
  0x0000014eea13ff40 JavaThread "Exec process Thread 2"             [_thread_blocked, id=14240, stack(0x0000004644b00000,0x0000004644c00000) (1024K)]
  0x0000014eea144770 JavaThread "Exec process"                      [_thread_in_native, id=812, stack(0x0000004644c00000,0x0000004644d00000) (1024K)]
  0x0000014eee2a7850 JavaThread "Exec process Thread 2"             [_thread_blocked, id=18684, stack(0x0000004643c00000,0x0000004643d00000) (1024K)]
  0x0000014eee2a8570 JavaThread "Exec process"                      [_thread_in_native, id=20428, stack(0x0000004643e00000,0x0000004643f00000) (1024K)]
  0x0000014eee2a9290 JavaThread "Exec process Thread 2"             [_thread_blocked, id=8664, stack(0x0000004644000000,0x0000004644100000) (1024K)]
  0x0000014eee2a9fb0 JavaThread "Exec process Thread 2"             [_thread_blocked, id=19144, stack(0x0000004644700000,0x0000004644800000) (1024K)]
  0x0000014ef3338420 JavaThread "Exec process Thread 2"             [_thread_blocked, id=13888, stack(0x0000004644d00000,0x0000004644e00000) (1024K)]
  0x0000014ef33397d0 JavaThread "Exec process Thread 2"             [_thread_blocked, id=17572, stack(0x0000004644f00000,0x0000004645000000) (1024K)]
  0x0000014ef3338ab0 JavaThread "Connection worker"                 [_thread_blocked, id=19816, stack(0x0000004643b00000,0x0000004643c00000) (1024K)]
  0x0000014ef333cc50 JavaThread "Exec process"                      [_thread_in_native, id=17936, stack(0x0000004644400000,0x0000004644500000) (1024K)]
  0x0000014ef333b210 JavaThread "Exec process"                      [_thread_in_native, id=536, stack(0x0000004644a00000,0x0000004644b00000) (1024K)]
  0x0000014ef333ab80 JavaThread "Exec process"                      [_thread_in_native, id=7028, stack(0x0000004645000000,0x0000004645100000) (1024K)]
  0x0000014ef333bf30 JavaThread "Timer-70"                          [_thread_blocked, id=17692, stack(0x0000004645100000,0x0000004645200000) (1024K)]
  0x0000014ef333c5c0 JavaThread "Exec process"                      [_thread_in_native, id=2676, stack(0x0000004645300000,0x0000004645400000) (1024K)]
  0x0000014ef333d2e0 JavaThread "Exec process"                      [_thread_in_native, id=22380, stack(0x0000004645400000,0x0000004645500000) (1024K)]
  0x0000014ef3320780 JavaThread "Exec process Thread 2"             [_thread_blocked, id=20432, stack(0x0000004645600000,0x0000004645700000) (1024K)]
  0x0000014ef33200f0 JavaThread "Exec process Thread 2"             [_thread_blocked, id=17188, stack(0x0000004645800000,0x0000004645900000) (1024K)]
  0x0000014ef3320e10 JavaThread "Exec process Thread 2"             [_thread_blocked, id=22280, stack(0x0000004645900000,0x0000004645a00000) (1024K)]
  0x0000014ef3339e60 JavaThread "Exec process"                      [_thread_in_native, id=16408, stack(0x0000004645500000,0x0000004645600000) (1024K)]
  0x0000014ef331fa60 JavaThread "pool-70-thread-1"                  [_thread_blocked, id=4488, stack(0x0000004645a00000,0x0000004645b00000) (1024K)]
  0x0000014ef331e6b0 JavaThread "Exec process Thread 2"             [_thread_blocked, id=18816, stack(0x0000004645c00000,0x0000004645d00000) (1024K)]
  0x0000014ef331f3d0 JavaThread "Exec process"                      [_thread_in_native, id=22244, stack(0x0000004642000000,0x0000004642100000) (1024K)]
  0x0000014ef3321b30 JavaThread "Exec process"                      [_thread_in_native, id=16644, stack(0x0000004645d00000,0x0000004645e00000) (1024K)]
  0x0000014ef33214a0 JavaThread "Exec process"                      [_thread_in_native, id=3320, stack(0x0000004645700000,0x0000004645800000) (1024K)]
  0x0000014ef333a4f0 JavaThread "Worker-200: Initialize workspace"        [_thread_blocked, id=21088, stack(0x0000004645200000,0x0000004645300000) (1024K)]
  0x0000014ef331e020 JavaThread "Exec process Thread 2"             [_thread_blocked, id=21224, stack(0x0000004645b00000,0x0000004645c00000) (1024K)]
  0x0000014ef33221c0 JavaThread "Worker-201: Initialize workspace"        [_thread_blocked, id=21700, stack(0x0000004645e00000,0x0000004645f00000) (1024K)]
  0x0000014ef331ed40 JavaThread "Exec process"                      [_thread_in_native, id=2476, stack(0x0000004645f00000,0x0000004646000000) (1024K)]
  0x0000014ef3339140 JavaThread "Connection worker"                 [_thread_blocked, id=16636, stack(0x0000004639000000,0x0000004639100000) (1024K)]
  0x0000014ef3324fb0 JavaThread "Connection worker"                 [_thread_blocked, id=6952, stack(0x0000004644300000,0x0000004644400000) (1024K)]
  0x0000014ef3323c00 JavaThread "Exec process"                      [_thread_in_native, id=20008, stack(0x0000004646000000,0x0000004646100000) (1024K)]
  0x0000014ef3324920 JavaThread "Exec process"                      [_thread_in_native, id=11008, stack(0x0000004646100000,0x0000004646200000) (1024K)]
  0x0000014ef3322ee0 JavaThread "Exec process"                      [_thread_in_native, id=21080, stack(0x0000004646300000,0x0000004646400000) (1024K)]
  0x0000014ef3322850 JavaThread "pool-71-thread-1"                  [_thread_blocked, id=16344, stack(0x0000004646400000,0x0000004646500000) (1024K)]
  0x0000014ef3326360 JavaThread "pool-72-thread-1"                  [_thread_blocked, id=19624, stack(0x0000004646600000,0x0000004646700000) (1024K)]
  0x0000014ef3327080 JavaThread "Exec process Thread 2"             [_thread_blocked, id=21456, stack(0x0000004646800000,0x0000004646900000) (1024K)]
  0x0000014ef33269f0 JavaThread "Timer-71"                          [_thread_blocked, id=11680, stack(0x0000004646200000,0x0000004646300000) (1024K)]
  0x0000014ef333b8a0 JavaThread "Exec process"                      [_thread_in_native, id=20172, stack(0x0000004644e00000,0x0000004644f00000) (1024K)]
  0x0000014ef3325640 JavaThread "Exec process"                      [_thread_in_native, id=4460, stack(0x0000004646a00000,0x0000004646b00000) (1024K)]
  0x0000014ef3324290 JavaThread "Exec process"                      [_thread_in_native, id=20748, stack(0x0000004646b00000,0x0000004646c00000) (1024K)]
  0x0000014ef3327da0 JavaThread "Exec process"                      [_thread_in_native, id=18732, stack(0x0000004646c00000,0x0000004646d00000) (1024K)]
  0x0000014ef3328ac0 JavaThread "Exec process"                      [_thread_in_native, id=8656, stack(0x0000004646d00000,0x0000004646e00000) (1024K)]
  0x0000014ef3323570 JavaThread "Exec process"                      [_thread_in_native, id=3640, stack(0x0000004646700000,0x0000004646800000) (1024K)]
  0x0000014ef3329e70 JavaThread "Exec process"                      [_thread_in_native, id=20196, stack(0x0000004646f00000,0x0000004647000000) (1024K)]
  0x0000014ef33297e0 JavaThread "Exec process"                      [_thread_in_native, id=21732, stack(0x0000004647000000,0x0000004647100000) (1024K)]
  0x0000014ef332a500 JavaThread "Exec process Thread 2"             [_thread_blocked, id=20452, stack(0x0000004647200000,0x0000004647300000) (1024K)]
  0x0000014ef3329150 JavaThread "Exec process Thread 2"             [_thread_blocked, id=19728, stack(0x0000004647400000,0x0000004647500000) (1024K)]
  0x0000014ef332e6a0 JavaThread "Exec process Thread 2"             [_thread_blocked, id=19232, stack(0x0000004647600000,0x0000004647700000) (1024K)]
  0x0000014ef332e010 JavaThread "Exec process"                      [_thread_in_native, id=6268, stack(0x0000004647700000,0x0000004647800000) (1024K)]
  0x0000014ef332ed30 JavaThread "Exec process"                      [_thread_in_native, id=2792, stack(0x0000004647800000,0x0000004647900000) (1024K)]
  0x0000014ef3327710 JavaThread "Exec process"                      [_thread_in_native, id=19076, stack(0x0000004646e00000,0x0000004646f00000) (1024K)]
  0x0000014ef332b8b0 JavaThread "Exec process Thread 2"             [_thread_blocked, id=20784, stack(0x0000004647100000,0x0000004647200000) (1024K)]
  0x0000014ef332b220 JavaThread "Worker-205: Initialize workspace"        [_thread_blocked, id=15328, stack(0x0000004647300000,0x0000004647400000) (1024K)]
  0x0000014ef3325cd0 JavaThread "Exec process"                      [_thread_in_native, id=18108, stack(0x0000004646500000,0x0000004646600000) (1024K)]
  0x0000014ef3328430 JavaThread "Exec process"                      [_thread_in_native, id=2204, stack(0x0000004647500000,0x0000004647600000) (1024K)]
  0x0000014ef332f3c0 JavaThread "Exec process"                      [_thread_in_native, id=22560, stack(0x0000004647a00000,0x0000004647b00000) (1024K)]
  0x0000014ef332d980 JavaThread "Timer-72"                          [_thread_blocked, id=22564, stack(0x0000004647b00000,0x0000004647c00000) (1024K)]
  0x0000014ef332c5d0 JavaThread "Exec process"                      [_thread_in_native, id=22572, stack(0x0000004647d00000,0x0000004647e00000) (1024K)]
  0x0000014ef33300e0 JavaThread "Exec process"                      [_thread_in_native, id=22616, stack(0x0000004647e00000,0x0000004647f00000) (1024K)]
  0x0000014ef332cc60 JavaThread "Exec process"                      [_thread_in_native, id=22620, stack(0x0000004647f00000,0x0000004648000000) (1024K)]
  0x0000014ef3330770 JavaThread "Exec process"                      [_thread_in_native, id=22660, stack(0x0000004648000000,0x0000004648100000) (1024K)]
  0x0000014ef332d2f0 JavaThread "Exec process"                      [_thread_in_native, id=22700, stack(0x0000004648100000,0x0000004648200000) (1024K)]
  0x0000014ef3330e00 JavaThread "Exec process"                      [_thread_in_native, id=22724, stack(0x0000004648200000,0x0000004648300000) (1024K)]
  0x0000014ef33321b0 JavaThread "Exec process"                      [_thread_in_native, id=22772, stack(0x0000004648300000,0x0000004648400000) (1024K)]
  0x0000014ef332bf40 JavaThread "Exec process"                      [_thread_in_native, id=22788, stack(0x0000004646900000,0x0000004646a00000) (1024K)]
  0x0000014ef3332840 JavaThread "Exec process"                      [_thread_in_native, id=22804, stack(0x0000004648400000,0x0000004648500000) (1024K)]
  0x0000014ef3331490 JavaThread "Exec process"                      [_thread_in_native, id=22836, stack(0x0000004648500000,0x0000004648600000) (1024K)]
  0x0000014ef3333560 JavaThread "Exec process Thread 2"             [_thread_blocked, id=22856, stack(0x0000004648700000,0x0000004648800000) (1024K)]
  0x0000014ef3334280 JavaThread "Exec process Thread 2"             [_thread_blocked, id=22876, stack(0x0000004648900000,0x0000004648a00000) (1024K)]
  0x0000014ef3334910 JavaThread "Exec process Thread 2"             [_thread_blocked, id=22892, stack(0x0000004648b00000,0x0000004648c00000) (1024K)]
  0x0000014ef3335cc0 JavaThread "Exec process Thread 2"             [_thread_blocked, id=22908, stack(0x0000004648d00000,0x0000004648e00000) (1024K)]
  0x0000014ef3337700 JavaThread "Exec process"                      [_thread_in_native, id=22920, stack(0x0000004648e00000,0x0000004648f00000) (1024K)]
  0x0000014ef3337d90 JavaThread "Exec process Thread 2"             [_thread_blocked, id=22932, stack(0x0000004649000000,0x0000004649100000) (1024K)]
  0x0000014ef3334fa0 JavaThread "Exec process Thread 2"             [_thread_blocked, id=22948, stack(0x0000004649200000,0x0000004649300000) (1024K)]
  0x0000014eee2a1c70 JavaThread "Exec process Thread 2"             [_thread_blocked, id=22964, stack(0x0000004649400000,0x0000004649500000) (1024K)]
  0x0000014eee2a5780 JavaThread "Exec process Thread 2"             [_thread_blocked, id=22984, stack(0x0000004649600000,0x0000004649700000) (1024K)]
  0x0000014eed3a8c40 JavaThread "Exec process Thread 2"             [_thread_blocked, id=23012, stack(0x0000004649800000,0x0000004649900000) (1024K)]
  0x0000014eec86f000 JavaThread "Exec process Thread 2"             [_thread_blocked, id=23028, stack(0x0000004649a00000,0x0000004649b00000) (1024K)]
  0x0000014eec86e970 JavaThread "Exec process"                      [_thread_in_native, id=23032, stack(0x0000004649b00000,0x0000004649c00000) (1024K)]
  0x0000014eec8710d0 JavaThread "Exec process Thread 2"             [_thread_blocked, id=23084, stack(0x0000004649d00000,0x0000004649e00000) (1024K)]
  0x0000014eec8731a0 JavaThread "Exec process Thread 2"             [_thread_blocked, id=23100, stack(0x0000004649f00000,0x000000464a000000) (1024K)]
  0x0000014eec872480 JavaThread "Exec process"                      [_thread_in_native, id=23164, stack(0x000000464a000000,0x000000464a100000) (1024K)]
  0x0000014eec871760 JavaThread "Exec process"                      [_thread_in_native, id=23184, stack(0x000000464a200000,0x000000464a300000) (1024K)]
  0x0000014eec86fd20 JavaThread "Exec process"                      [_thread_in_native, id=23192, stack(0x000000464a300000,0x000000464a400000) (1024K)]
  0x0000014eec873830 JavaThread "Exec process"                      [_thread_in_native, id=23216, stack(0x000000464a400000,0x000000464a500000) (1024K)]
  0x0000014eec855920 JavaThread "Exec process"                      [_thread_in_native, id=23248, stack(0x0000004648600000,0x0000004648700000) (1024K)]
  0x0000014eec86f690 JavaThread "Exec process"                      [_thread_in_native, id=23296, stack(0x0000004648800000,0x0000004648900000) (1024K)]
  0x0000014eec855290 JavaThread "Exec process Thread 2"             [_thread_blocked, id=23508, stack(0x0000004648c00000,0x0000004648d00000) (1024K)]
  0x0000014eec857360 JavaThread "Exec process"                      [_thread_in_native, id=23540, stack(0x0000004648f00000,0x0000004649000000) (1024K)]
  0x0000014eec854c00 JavaThread "Exec process Thread 2"             [_thread_blocked, id=17296, stack(0x0000004649300000,0x0000004649400000) (1024K)]
  0x0000014eec855fb0 JavaThread "Exec process Thread 2"             [_thread_blocked, id=22944, stack(0x0000004649700000,0x0000004649800000) (1024K)]
  0x0000014eec856cd0 JavaThread "Exec process Thread 2"             [_thread_blocked, id=17728, stack(0x0000004649900000,0x0000004649a00000) (1024K)]
  0x0000014eec85a7e0 JavaThread "Exec process Thread 2"             [_thread_blocked, id=22568, stack(0x0000004649e00000,0x0000004649f00000) (1024K)]
  0x0000014eec85ae70 JavaThread "Exec process Thread 2"             [_thread_blocked, id=23564, stack(0x000000464a500000,0x000000464a600000) (1024K)]
  0x0000014eec859430 JavaThread "Exec process Thread 2"             [_thread_blocked, id=23580, stack(0x000000464a700000,0x000000464a800000) (1024K)]
  0x0000014eec85a150 JavaThread "Exec process Thread 2"             [_thread_blocked, id=23596, stack(0x000000464a900000,0x000000464aa00000) (1024K)]
  0x0000014eec858080 JavaThread "Exec process Thread 2"             [_thread_blocked, id=23976, stack(0x000000464ab00000,0x000000464ac00000) (1024K)]
  0x0000014eec856640 JavaThread "Connection worker"                 [_thread_blocked, id=23992, stack(0x0000004647900000,0x0000004647a00000) (1024K)]
  0x0000014eec8579f0 JavaThread "Connection worker"                 [_thread_blocked, id=23996, stack(0x0000004649100000,0x0000004649200000) (1024K)]
  0x0000014eec85bb90 JavaThread "Exec process Thread 2"             [_thread_blocked, id=24140, stack(0x0000004649c00000,0x0000004649d00000) (1024K)]
  0x0000014eec85b500 JavaThread "Exec process Thread 2"             [_thread_blocked, id=24168, stack(0x000000464a800000,0x000000464a900000) (1024K)]
  0x0000014eec872b10 JavaThread "Exec process Thread 2"             [_thread_blocked, id=24204, stack(0x000000464aa00000,0x000000464ab00000) (1024K)]
  0x0000014eec858da0 JavaThread "Exec process Thread 2"             [_thread_blocked, id=24228, stack(0x000000464ad00000,0x000000464ae00000) (1024K)]
  0x0000014eec85e980 JavaThread "Exec process Thread 2"             [_thread_blocked, id=24244, stack(0x000000464af00000,0x000000464b000000) (1024K)]
  0x0000014eec85f6a0 JavaThread "Exec process Thread 2"             [_thread_blocked, id=24252, stack(0x000000464b100000,0x000000464b200000) (1024K)]
  0x0000014eec85c8b0 JavaThread "Exec process Thread 2"             [_thread_blocked, id=24268, stack(0x000000464b300000,0x000000464b400000) (1024K)]
  0x0000014eec85cf40 JavaThread "Exec process Thread 2"             [_thread_blocked, id=24284, stack(0x000000464b500000,0x000000464b600000) (1024K)]
  0x0000014eec85d5d0 JavaThread "Exec process Thread 2"             [_thread_blocked, id=24300, stack(0x000000464b700000,0x000000464b800000) (1024K)]
  0x0000014eec85dc60 JavaThread "Exec process Thread 2"             [_thread_blocked, id=24316, stack(0x000000464b900000,0x000000464ba00000) (1024K)]
  0x0000014eec862b20 JavaThread "Exec process Thread 2"             [_thread_blocked, id=24332, stack(0x000000464bb00000,0x000000464bc00000) (1024K)]
  0x0000014eec864560 JavaThread "Exec process Thread 2"             [_thread_blocked, id=24348, stack(0x000000464bd00000,0x000000464be00000) (1024K)]
  0x0000014eec864bf0 JavaThread "Exec process Thread 2"             [_thread_blocked, id=24364, stack(0x000000464bf00000,0x000000464c000000) (1024K)]
  0x0000014eec8631b0 JavaThread "Exec process Thread 2"             [_thread_blocked, id=24380, stack(0x000000464c100000,0x000000464c200000) (1024K)]
  0x0000014eec861e00 JavaThread "Exec process Thread 2"             [_thread_blocked, id=24396, stack(0x000000464c300000,0x000000464c400000) (1024K)]
  0x0000014eec8679e0 JavaThread "Exec process Thread 2"             [_thread_blocked, id=24412, stack(0x000000464c500000,0x000000464c600000) (1024K)]
  0x0000014eec868700 JavaThread "Exec process Thread 2"             [_thread_blocked, id=24428, stack(0x000000464c700000,0x000000464c800000) (1024K)]
  0x0000014eec858710 JavaThread "Timer-73"                          [_thread_blocked, id=23964, stack(0x0000004649500000,0x0000004649600000) (1024K)]
  0x0000014eec859ac0 JavaThread "pool-73-thread-1"                  [_thread_blocked, id=24644, stack(0x000000464a600000,0x000000464a700000) (1024K)]
  0x0000014eec85f010 JavaThread "pool-74-thread-1"                  [_thread_blocked, id=24648, stack(0x000000464ac00000,0x000000464ad00000) (1024K)]
  0x0000014eec860a50 JavaThread "Exec process"                      [_thread_in_native, id=24708, stack(0x000000464ae00000,0x000000464af00000) (1024K)]
  0x0000014eec8610e0 JavaThread "Exec process"                      [_thread_in_native, id=24804, stack(0x000000464b000000,0x000000464b100000) (1024K)]
  0x0000014eec8703b0 JavaThread "Connection worker"                 [_thread_blocked, id=25076, stack(0x0000004647c00000,0x0000004647d00000) (1024K)]
  0x0000014eec85fd30 JavaThread "Exec process Thread 2"             [_thread_blocked, id=25284, stack(0x000000464b400000,0x000000464b500000) (1024K)]
  0x0000014eec870a40 JavaThread "pool-75-thread-1"                  [_thread_blocked, id=25296, stack(0x0000004648a00000,0x0000004648b00000) (1024K)]
  0x0000014eec85c220 JavaThread "Exec process Thread 2"             [_thread_blocked, id=25304, stack(0x000000464b600000,0x000000464b700000) (1024K)]
  0x0000014eec861770 JavaThread "Exec process"                      [_thread_in_native, id=25308, stack(0x000000464b800000,0x000000464b900000) (1024K)]
  0x0000014eec85e2f0 JavaThread "Exec process Thread 2"             [_thread_blocked, id=25824, stack(0x000000464b200000,0x000000464b300000) (1024K)]
  0x0000014eec854570 JavaThread "Worker-212: Initialize workspace"        [_thread_blocked, id=26528, stack(0x000000464a100000,0x000000464a200000) (1024K)]
  0x0000014eec862490 JavaThread "Worker-213: Initialize workspace"        [_thread_blocked, id=26684, stack(0x000000464ba00000,0x000000464bb00000) (1024K)]
  0x0000014eec866630 JavaThread "Timer-74"                          [_thread_blocked, id=27636, stack(0x000000464be00000,0x000000464bf00000) (1024K)]
  0x0000014eec865fa0 JavaThread "Worker-215"                        [_thread_new, id=25432, stack(0x0000000000000000,0x0000000000000000) (0B)]
Total: 469

Other Threads:
  0x0000014e8d1db120 VMThread "VM Thread"                           [id=13528, stack(0x000000462ea00000,0x000000462eb00000) (1024K)]
  0x0000014e8cfaca00 WatcherThread "VM Periodic Task Thread"        [id=17268, stack(0x000000462e900000,0x000000462ea00000) (1024K)]
  0x0000014e8d139360 WorkerThread "GC Thread#0"                     [id=18592, stack(0x000000462e800000,0x000000462e900000) (1024K)]
  0x0000014eea2dc880 WorkerThread "GC Thread#1"                     [id=2052, stack(0x000000462f600000,0x000000462f700000) (1024K)]
  0x0000014eea5b6c80 WorkerThread "GC Thread#2"                     [id=20672, stack(0x000000462f700000,0x000000462f800000) (1024K)]
  0x0000014eea5b7030 WorkerThread "GC Thread#3"                     [id=6012, stack(0x000000462f800000,0x000000462f900000) (1024K)]
Total: 6

Threads with active compile tasks:
C2 CompilerThread0  81038 12647   !   4       java.util.concurrent.locks.AbstractQueuedSynchronizer::acquire (424 bytes)
C1 CompilerThread0  81038 12651       3       java.nio.HeapCharBuffer::subSequence (7 bytes)
Total: 2

VM state: not at safepoint (normal execution)

VM Mutex/Monitor currently owned by a thread:  ([mutex/lock_event])
[0x00007ffaeb52d530] Metaspace_lock - owner thread: 0x0000014e8d095700

Heap address: 0x0000000080000000, size: 2048 MB, Compressed Oops mode: 32-bit

CDS archive(s) mapped at: [0x0000014ea4000000-0x0000014ea4ba0000-0x0000014ea4ba0000), size 12189696, SharedBaseAddress: 0x0000014ea4000000, ArchiveRelocationMode: 1.
Compressed class space mapped at: 0x0000014ea5000000-0x0000014ee5000000, reserved size: 1073741824
Narrow klass base: 0x0000014ea4000000, Narrow klass shift: 0, Narrow klass range: 0x100000000

GC Precious Log:
 CardTable entry size: 512
 CPUs: 4 total, 4 available
 Memory: 16287M
 Large Page Support: Disabled
 NUMA Support: Disabled
 Compressed Oops: Enabled (32-bit)
 Alignments: Space 512K, Generation 512K, Heap 2M
 Heap Min Capacity: 100M
 Heap Initial Capacity: 100M
 Heap Max Capacity: 2G
 Pre-touch: Disabled
 Parallel Workers: 4

Heap:
 PSYoungGen      total 9728K, used 8834K [0x00000000d5580000, 0x00000000d6080000, 0x0000000100000000)
  eden space 8704K, 97% used [0x00000000d5580000,0x00000000d5dd0ab0,0x00000000d5e00000)
  from space 1024K, 31% used [0x00000000d5e00000,0x00000000d5e50000,0x00000000d5f00000)
  to   space 1024K, 0% used [0x00000000d5f80000,0x00000000d5f80000,0x00000000d6080000)
 ParOldGen       total 445952K, used 445895K [0x0000000080000000, 0x000000009b380000, 0x00000000d5580000)
  object space 445952K, 99% used [0x0000000080000000,0x000000009b371e68,0x000000009b380000)
 Metaspace       used 65366K, committed 67648K, reserved 1114112K
  class space    used 7745K, committed 8832K, reserved 1048576K

Card table byte_map: [0x0000014e8cac0000,0x0000014e8ced0000] _byte_map_base: 0x0000014e8c6c0000

Marking Bits: (ParMarkBitMap*) 0x00007ffaeb5344a0
 Begin Bits: [0x0000014e9f5d0000, 0x0000014ea15d0000)
 End Bits:   [0x0000014ea15d0000, 0x0000014ea35d0000)

Polling page: 0x0000014e8af00000

Metaspace:

Usage:
  Non-class:     56.27 MB used.
      Class:      7.56 MB used.
       Both:     63.83 MB used.

Virtual space:
  Non-class space:       64.00 MB reserved,      57.44 MB ( 90%) committed,  1 nodes.
      Class space:        1.00 GB reserved,       8.62 MB ( <1%) committed,  1 nodes.
             Both:        1.06 GB reserved,      66.06 MB (  6%) committed. 

Chunk freelists:
   Non-Class:  6.16 MB
       Class:  7.26 MB
        Both:  13.43 MB

MaxMetaspaceSize: unlimited
CompressedClassSpaceSize: 1.00 GB
Initial GC threshold: 21.00 MB
Current GC threshold: 97.31 MB
CDS: on
 - commit_granule_bytes: 65536.
 - commit_granule_words: 8192.
 - virtual_space_node_default_size: 8388608.
 - enlarge_chunks_in_place: 1.
 - use_allocation_guard: 0.


Internal statistics:

num_allocs_failed_limit: 9.
num_arena_births: 3080.
num_arena_deaths: 14.
num_vsnodes_births: 2.
num_vsnodes_deaths: 0.
num_space_committed: 1057.
num_space_uncommitted: 0.
num_chunks_returned_to_freelist: 23.
num_chunks_taken_from_freelist: 6443.
num_chunk_merges: 14.
num_chunk_splits: 3935.
num_chunks_enlarged: 1921.
num_inconsistent_stats: 0.

CodeHeap 'non-profiled nmethods': size=120000Kb used=9720Kb max_used=9720Kb free=110279Kb
 bounds [0x0000014e97df0000, 0x0000014e98770000, 0x0000014e9f320000]
CodeHeap 'profiled nmethods': size=120000Kb used=24895Kb max_used=24895Kb free=95104Kb
 bounds [0x0000014e90320000, 0x0000014e91b70000, 0x0000014e97850000]
CodeHeap 'non-nmethods': size=5760Kb used=1393Kb max_used=1474Kb free=4367Kb
 bounds [0x0000014e97850000, 0x0000014e97ac0000, 0x0000014e97df0000]
CodeCache: size=245760Kb, used=36008Kb, max_used=36089Kb, free=209750Kb
 total_blobs=12578, nmethods=11877, adapters=607, full_count=0
Compilation: enabled, stopped_count=0, restarted_count=0

Compilation events (20 events):
Event: 80.698 Thread 0x0000014e8d016af0 nmethod 12637 0x0000014e9876c990 code [0x0000014e9876cb40, 0x0000014e9876cd08]
Event: 80.698 Thread 0x0000014e8d016af0 12638       4       java.nio.HeapCharBuffer::get (15 bytes)
Event: 80.699 Thread 0x0000014e8d016af0 nmethod 12638 0x0000014e9876ce90 code [0x0000014e9876d020, 0x0000014e9876d158]
Event: 80.720 Thread 0x0000014e8d016af0 12639       4       java.util.regex.Matcher::getTextLength (10 bytes)
Event: 80.721 Thread 0x0000014e8d016af0 nmethod 12639 0x0000014e9876d290 code [0x0000014e9876d420, 0x0000014e9876d520]
Event: 80.723 Thread 0x0000014e8d095700 12640       3       java.util.regex.Matcher::region (79 bytes)
Event: 80.723 Thread 0x0000014e8d095700 nmethod 12640 0x0000014e91b6d610 code [0x0000014e91b6d860, 0x0000014e91b6dfe0]
Event: 80.745 Thread 0x0000014e8d016af0 12641       4       java.lang.Character::codePointAt (51 bytes)
Event: 80.746 Thread 0x0000014e8d016af0 nmethod 12641 0x0000014e9876d610 code [0x0000014e9876d7a0, 0x0000014e9876d858]
Event: 80.778 Thread 0x0000014e8d095700 12642       3       java.util.regex.Pattern$$Lambda/0x0000014ea5069608::is (5 bytes)
Event: 80.778 Thread 0x0000014e8d095700 nmethod 12642 0x0000014e91b6e290 code [0x0000014e91b6e440, 0x0000014e91b6e698]
Event: 80.778 Thread 0x0000014e8d095700 12643       3       java.util.Scanner::ensureOpen (19 bytes)
Event: 80.778 Thread 0x0000014e8d095700 nmethod 12643 0x0000014e91b6e790 code [0x0000014e91b6e940, 0x0000014e91b6eb58]
Event: 80.781 Thread 0x0000014e8d095700 12644       1       java.nio.HeapCharBuffer::isReadOnly (2 bytes)
Event: 80.781 Thread 0x0000014e8d095700 nmethod 12644 0x0000014e9876d910 code [0x0000014e9876daa0, 0x0000014e9876db68]
Event: 80.790 Thread 0x0000014e8d016af0 12645       4       java.util.Objects::checkFromToIndex (8 bytes)
Event: 80.790 Thread 0x0000014e8d095700 12646       1       java.util.regex.Matcher::hitEnd (5 bytes)
Event: 80.790 Thread 0x0000014e8d095700 nmethod 12646 0x0000014e9876dc10 code [0x0000014e9876dda0, 0x0000014e9876de70]
Event: 80.790 Thread 0x0000014e8d016af0 nmethod 12645 0x0000014e9876df10 code [0x0000014e9876e0a0, 0x0000014e9876e178]
Event: 80.879 Thread 0x0000014e8d016af0 12647   !   4       java.util.concurrent.locks.AbstractQueuedSynchronizer::acquire (424 bytes)

GC Heap History (20 events):
Event: 68.191 GC heap before
{Heap before GC invocations=1263 (full 3):
 PSYoungGen      total 9728K, used 9723K [0x00000000d5580000, 0x00000000d6480000, 0x0000000100000000)
  eden space 9216K, 99% used [0x00000000d5580000,0x00000000d5e7f630,0x00000000d5e80000)
  from space 512K, 99% used [0x00000000d6180000,0x00000000d61ff698,0x00000000d6200000)
  to   space 2560K, 0% used [0x00000000d6200000,0x00000000d6200000,0x00000000d6480000)
 ParOldGen       total 440832K, used 440781K [0x0000000080000000, 0x000000009ae80000, 0x00000000d5580000)
  object space 440832K, 99% used [0x0000000080000000,0x000000009ae73470,0x000000009ae80000)
 Metaspace       used 65300K, committed 67584K, reserved 1114112K
  class space    used 7743K, committed 8832K, reserved 1048576K
}
Event: 68.195 GC heap after
{Heap after GC invocations=1263 (full 3):
 PSYoungGen      total 10752K, used 1292K [0x00000000d5580000, 0x00000000d6380000, 0x0000000100000000)
  eden space 9216K, 0% used [0x00000000d5580000,0x00000000d5580000,0x00000000d5e80000)
  from space 1536K, 84% used [0x00000000d6200000,0x00000000d6343150,0x00000000d6380000)
  to   space 2048K, 0% used [0x00000000d5f80000,0x00000000d5f80000,0x00000000d6180000)
 ParOldGen       total 441344K, used 441131K [0x0000000080000000, 0x000000009af00000, 0x00000000d5580000)
  object space 441344K, 99% used [0x0000000080000000,0x000000009aecaf30,0x000000009af00000)
 Metaspace       used 65300K, committed 67584K, reserved 1114112K
  class space    used 7743K, committed 8832K, reserved 1048576K
}
Event: 68.246 GC heap before
{Heap before GC invocations=1264 (full 3):
 PSYoungGen      total 10752K, used 10508K [0x00000000d5580000, 0x00000000d6380000, 0x0000000100000000)
  eden space 9216K, 99% used [0x00000000d5580000,0x00000000d5e7ffe8,0x00000000d5e80000)
  from space 1536K, 84% used [0x00000000d6200000,0x00000000d6343150,0x00000000d6380000)
  to   space 2048K, 0% used [0x00000000d5f80000,0x00000000d5f80000,0x00000000d6180000)
 ParOldGen       total 441344K, used 441131K [0x0000000080000000, 0x000000009af00000, 0x00000000d5580000)
  object space 441344K, 99% used [0x0000000080000000,0x000000009aecaf30,0x000000009af00000)
 Metaspace       used 65306K, committed 67584K, reserved 1114112K
  class space    used 7743K, committed 8832K, reserved 1048576K
}
Event: 68.251 GC heap after
{Heap after GC invocations=1264 (full 3):
 PSYoungGen      total 11264K, used 1836K [0x00000000d5580000, 0x00000000d6280000, 0x0000000100000000)
  eden space 9216K, 0% used [0x00000000d5580000,0x00000000d5580000,0x00000000d5e80000)
  from space 2048K, 89% used [0x00000000d5f80000,0x00000000d614b110,0x00000000d6180000)
  to   space 1024K, 0% used [0x00000000d6180000,0x00000000d6180000,0x00000000d6280000)
 ParOldGen       total 441856K, used 441816K [0x0000000080000000, 0x000000009af80000, 0x00000000d5580000)
  object space 441856K, 99% used [0x0000000080000000,0x000000009af76010,0x000000009af80000)
 Metaspace       used 65306K, committed 67584K, reserved 1114112K
  class space    used 7743K, committed 8832K, reserved 1048576K
}
Event: 68.760 GC heap before
{Heap before GC invocations=1265 (full 3):
 PSYoungGen      total 11264K, used 11052K [0x00000000d5580000, 0x00000000d6280000, 0x0000000100000000)
  eden space 9216K, 100% used [0x00000000d5580000,0x00000000d5e80000,0x00000000d5e80000)
  from space 2048K, 89% used [0x00000000d5f80000,0x00000000d614b110,0x00000000d6180000)
  to   space 1024K, 0% used [0x00000000d6180000,0x00000000d6180000,0x00000000d6280000)
 ParOldGen       total 441856K, used 441816K [0x0000000080000000, 0x000000009af80000, 0x00000000d5580000)
  object space 441856K, 99% used [0x0000000080000000,0x000000009af76010,0x000000009af80000)
 Metaspace       used 65323K, committed 67648K, reserved 1114112K
  class space    used 7743K, committed 8832K, reserved 1048576K
}
Event: 68.766 GC heap after
{Heap after GC invocations=1265 (full 3):
 PSYoungGen      total 9728K, used 352K [0x00000000d5580000, 0x00000000d6200000, 0x0000000100000000)
  eden space 9216K, 0% used [0x00000000d5580000,0x00000000d5580000,0x00000000d5e80000)
  from space 512K, 68% used [0x00000000d6180000,0x00000000d61d8000,0x00000000d6200000)
  to   space 1024K, 0% used [0x00000000d6000000,0x00000000d6000000,0x00000000d6100000)
 ParOldGen       total 442368K, used 441975K [0x0000000080000000, 0x000000009b000000, 0x00000000d5580000)
  object space 442368K, 99% used [0x0000000080000000,0x000000009af9de70,0x000000009b000000)
 Metaspace       used 65323K, committed 67648K, reserved 1114112K
  class space    used 7743K, committed 8832K, reserved 1048576K
}
Event: 69.075 GC heap before
{Heap before GC invocations=1266 (full 3):
 PSYoungGen      total 9728K, used 9568K [0x00000000d5580000, 0x00000000d6200000, 0x0000000100000000)
  eden space 9216K, 100% used [0x00000000d5580000,0x00000000d5e80000,0x00000000d5e80000)
  from space 512K, 68% used [0x00000000d6180000,0x00000000d61d8000,0x00000000d6200000)
  to   space 1024K, 0% used [0x00000000d6000000,0x00000000d6000000,0x00000000d6100000)
 ParOldGen       total 442368K, used 441975K [0x0000000080000000, 0x000000009b000000, 0x00000000d5580000)
  object space 442368K, 99% used [0x0000000080000000,0x000000009af9de70,0x000000009b000000)
 Metaspace       used 65324K, committed 67648K, reserved 1114112K
  class space    used 7743K, committed 8832K, reserved 1048576K
}
Event: 69.080 GC heap after
{Heap after GC invocations=1266 (full 3):
 PSYoungGen      total 10240K, used 256K [0x00000000d5580000, 0x00000000d6200000, 0x0000000100000000)
  eden space 9216K, 0% used [0x00000000d5580000,0x00000000d5580000,0x00000000d5e80000)
  from space 1024K, 25% used [0x00000000d6000000,0x00000000d6040000,0x00000000d6100000)
  to   space 512K, 0% used [0x00000000d6180000,0x00000000d6180000,0x00000000d6200000)
 ParOldGen       total 442368K, used 442271K [0x0000000080000000, 0x000000009b000000, 0x00000000d5580000)
  object space 442368K, 99% used [0x0000000080000000,0x000000009afe7ff0,0x000000009b000000)
 Metaspace       used 65324K, committed 67648K, reserved 1114112K
  class space    used 7743K, committed 8832K, reserved 1048576K
}
Event: 69.840 GC heap before
{Heap before GC invocations=1267 (full 3):
 PSYoungGen      total 10240K, used 9472K [0x00000000d5580000, 0x00000000d6200000, 0x0000000100000000)
  eden space 9216K, 100% used [0x00000000d5580000,0x00000000d5e80000,0x00000000d5e80000)
  from space 1024K, 25% used [0x00000000d6000000,0x00000000d6040000,0x00000000d6100000)
  to   space 512K, 0% used [0x00000000d6180000,0x00000000d6180000,0x00000000d6200000)
 ParOldGen       total 442368K, used 442271K [0x0000000080000000, 0x000000009b000000, 0x00000000d5580000)
  object space 442368K, 99% used [0x0000000080000000,0x000000009afe7ff0,0x000000009b000000)
 Metaspace       used 65343K, committed 67648K, reserved 1114112K
  class space    used 7744K, committed 8832K, reserved 1048576K
}
Event: 69.844 GC heap after
{Heap after GC invocations=1267 (full 3):
 PSYoungGen      total 9728K, used 512K [0x00000000d5580000, 0x00000000d6200000, 0x0000000100000000)
  eden space 9216K, 0% used [0x00000000d5580000,0x00000000d5580000,0x00000000d5e80000)
  from space 512K, 100% used [0x00000000d6180000,0x00000000d6200000,0x00000000d6200000)
  to   space 1024K, 0% used [0x00000000d6000000,0x00000000d6000000,0x00000000d6100000)
 ParOldGen       total 442880K, used 442636K [0x0000000080000000, 0x000000009b080000, 0x00000000d5580000)
  object space 442880K, 99% used [0x0000000080000000,0x000000009b043110,0x000000009b080000)
 Metaspace       used 65343K, committed 67648K, reserved 1114112K
  class space    used 7744K, committed 8832K, reserved 1048576K
}
Event: 70.331 GC heap before
{Heap before GC invocations=1268 (full 3):
 PSYoungGen      total 9728K, used 9728K [0x00000000d5580000, 0x00000000d6200000, 0x0000000100000000)
  eden space 9216K, 100% used [0x00000000d5580000,0x00000000d5e80000,0x00000000d5e80000)
  from space 512K, 100% used [0x00000000d6180000,0x00000000d6200000,0x00000000d6200000)
  to   space 1024K, 0% used [0x00000000d6000000,0x00000000d6000000,0x00000000d6100000)
 ParOldGen       total 442880K, used 442636K [0x0000000080000000, 0x000000009b080000, 0x00000000d5580000)
  object space 442880K, 99% used [0x0000000080000000,0x000000009b043110,0x000000009b080000)
 Metaspace       used 65343K, committed 67648K, reserved 1114112K
  class space    used 7744K, committed 8832K, reserved 1048576K
}
Event: 70.334 GC heap after
{Heap after GC invocations=1268 (full 3):
 PSYoungGen      total 10240K, used 560K [0x00000000d5580000, 0x00000000d6200000, 0x0000000100000000)
  eden space 9216K, 0% used [0x00000000d5580000,0x00000000d5580000,0x00000000d5e80000)
  from space 1024K, 54% used [0x00000000d6000000,0x00000000d608c030,0x00000000d6100000)
  to   space 1024K, 0% used [0x00000000d6100000,0x00000000d6100000,0x00000000d6200000)
 ParOldGen       total 443392K, used 443144K [0x0000000080000000, 0x000000009b100000, 0x00000000d5580000)
  object space 443392K, 99% used [0x0000000080000000,0x000000009b0c2370,0x000000009b100000)
 Metaspace       used 65343K, committed 67648K, reserved 1114112K
  class space    used 7744K, committed 8832K, reserved 1048576K
}
Event: 70.539 GC heap before
{Heap before GC invocations=1269 (full 3):
 PSYoungGen      total 10240K, used 9776K [0x00000000d5580000, 0x00000000d6200000, 0x0000000100000000)
  eden space 9216K, 100% used [0x00000000d5580000,0x00000000d5e80000,0x00000000d5e80000)
  from space 1024K, 54% used [0x00000000d6000000,0x00000000d608c030,0x00000000d6100000)
  to   space 1024K, 0% used [0x00000000d6100000,0x00000000d6100000,0x00000000d6200000)
 ParOldGen       total 443392K, used 443144K [0x0000000080000000, 0x000000009b100000, 0x00000000d5580000)
  object space 443392K, 99% used [0x0000000080000000,0x000000009b0c2370,0x000000009b100000)
 Metaspace       used 65348K, committed 67648K, reserved 1114112K
  class space    used 7744K, committed 8832K, reserved 1048576K
}
Event: 70.543 GC heap after
{Heap after GC invocations=1269 (full 3):
 PSYoungGen      total 9728K, used 998K [0x00000000d5580000, 0x00000000d6480000, 0x0000000100000000)
  eden space 8704K, 0% used [0x00000000d5580000,0x00000000d5580000,0x00000000d5e00000)
  from space 1024K, 97% used [0x00000000d6100000,0x00000000d61f98a8,0x00000000d6200000)
  to   space 3072K, 0% used [0x00000000d5e00000,0x00000000d5e00000,0x00000000d6100000)
 ParOldGen       total 444928K, used 444703K [0x0000000080000000, 0x000000009b280000, 0x00000000d5580000)
  object space 444928K, 99% used [0x0000000080000000,0x000000009b247d48,0x000000009b280000)
 Metaspace       used 65348K, committed 67648K, reserved 1114112K
  class space    used 7744K, committed 8832K, reserved 1048576K
}
Event: 71.463 GC heap before
{Heap before GC invocations=1270 (full 3):
 PSYoungGen      total 9728K, used 9701K [0x00000000d5580000, 0x00000000d6480000, 0x0000000100000000)
  eden space 8704K, 99% used [0x00000000d5580000,0x00000000d5dffea8,0x00000000d5e00000)
  from space 1024K, 97% used [0x00000000d6100000,0x00000000d61f98a8,0x00000000d6200000)
  to   space 3072K, 0% used [0x00000000d5e00000,0x00000000d5e00000,0x00000000d6100000)
 ParOldGen       total 444928K, used 444703K [0x0000000080000000, 0x000000009b280000, 0x00000000d5580000)
  object space 444928K, 99% used [0x0000000080000000,0x000000009b247d48,0x000000009b280000)
 Metaspace       used 65351K, committed 67648K, reserved 1114112K
  class space    used 7744K, committed 8832K, reserved 1048576K
}
Event: 71.466 GC heap after
{Heap after GC invocations=1270 (full 3):
 PSYoungGen      total 9728K, used 960K [0x00000000d5580000, 0x00000000d6180000, 0x0000000100000000)
  eden space 8704K, 0% used [0x00000000d5580000,0x00000000d5580000,0x00000000d5e00000)
  from space 1024K, 93% used [0x00000000d5e00000,0x00000000d5ef0000,0x00000000d5f00000)
  to   space 1536K, 0% used [0x00000000d6000000,0x00000000d6000000,0x00000000d6180000)
 ParOldGen       total 444928K, used 444847K [0x0000000080000000, 0x000000009b280000, 0x00000000d5580000)
  object space 444928K, 99% used [0x0000000080000000,0x000000009b26bd98,0x000000009b280000)
 Metaspace       used 65351K, committed 67648K, reserved 1114112K
  class space    used 7744K, committed 8832K, reserved 1048576K
}
Event: 72.004 GC heap before
{Heap before GC invocations=1271 (full 3):
 PSYoungGen      total 9728K, used 9664K [0x00000000d5580000, 0x00000000d6180000, 0x0000000100000000)
  eden space 8704K, 100% used [0x00000000d5580000,0x00000000d5e00000,0x00000000d5e00000)
  from space 1024K, 93% used [0x00000000d5e00000,0x00000000d5ef0000,0x00000000d5f00000)
  to   space 1536K, 0% used [0x00000000d6000000,0x00000000d6000000,0x00000000d6180000)
 ParOldGen       total 444928K, used 444847K [0x0000000080000000, 0x000000009b280000, 0x00000000d5580000)
  object space 444928K, 99% used [0x0000000080000000,0x000000009b26bd98,0x000000009b280000)
 Metaspace       used 65354K, committed 67648K, reserved 1114112K
  class space    used 7744K, committed 8832K, reserved 1048576K
}
Event: 72.007 GC heap after
{Heap after GC invocations=1271 (full 3):
 PSYoungGen      total 9728K, used 812K [0x00000000d5580000, 0x00000000d6100000, 0x0000000100000000)
  eden space 8704K, 0% used [0x00000000d5580000,0x00000000d5580000,0x00000000d5e00000)
  from space 1024K, 79% used [0x00000000d6000000,0x00000000d60cb130,0x00000000d6100000)
  to   space 1024K, 0% used [0x00000000d5e00000,0x00000000d5e00000,0x00000000d5f00000)
 ParOldGen       total 445952K, used 445711K [0x0000000080000000, 0x000000009b380000, 0x00000000d5580000)
  object space 445952K, 99% used [0x0000000080000000,0x000000009b343e38,0x000000009b380000)
 Metaspace       used 65354K, committed 67648K, reserved 1114112K
  class space    used 7744K, committed 8832K, reserved 1048576K
}
Event: 75.192 GC heap before
{Heap before GC invocations=1272 (full 3):
 PSYoungGen      total 9728K, used 9516K [0x00000000d5580000, 0x00000000d6100000, 0x0000000100000000)
  eden space 8704K, 100% used [0x00000000d5580000,0x00000000d5e00000,0x00000000d5e00000)
  from space 1024K, 79% used [0x00000000d6000000,0x00000000d60cb130,0x00000000d6100000)
  to   space 1024K, 0% used [0x00000000d5e00000,0x00000000d5e00000,0x00000000d5f00000)
 ParOldGen       total 445952K, used 445711K [0x0000000080000000, 0x000000009b380000, 0x00000000d5580000)
  object space 445952K, 99% used [0x0000000080000000,0x000000009b343e38,0x000000009b380000)
 Metaspace       used 65355K, committed 67648K, reserved 1114112K
  class space    used 7744K, committed 8832K, reserved 1048576K
}
Event: 75.210 GC heap after
{Heap after GC invocations=1272 (full 3):
 PSYoungGen      total 9728K, used 320K [0x00000000d5580000, 0x00000000d6080000, 0x0000000100000000)
  eden space 8704K, 0% used [0x00000000d5580000,0x00000000d5580000,0x00000000d5e00000)
  from space 1024K, 31% used [0x00000000d5e00000,0x00000000d5e50000,0x00000000d5f00000)
  to   space 1024K, 0% used [0x00000000d5f80000,0x00000000d5f80000,0x00000000d6080000)
 ParOldGen       total 445952K, used 445895K [0x0000000080000000, 0x000000009b380000, 0x00000000d5580000)
  object space 445952K, 99% used [0x0000000080000000,0x000000009b371e68,0x000000009b380000)
 Metaspace       used 65355K, committed 67648K, reserved 1114112K
  class space    used 7744K, committed 8832K, reserved 1048576K
}

Dll operation events (20 events):
Event: 1.690 Attempting to load shared library C:\Users\ALBIN\.vscode\extensions\redhat.java-1.56.0-win32-x64\jre\21.0.12.1-win32-x86_64\bin\nio.dll
Event: 1.691 Loaded shared library C:\Users\ALBIN\.vscode\extensions\redhat.java-1.56.0-win32-x64\jre\21.0.12.1-win32-x86_64\bin\nio.dll
Event: 1.706 Attempting to load shared library C:\Users\ALBIN\.vscode\extensions\redhat.java-1.56.0-win32-x64\jre\21.0.12.1-win32-x86_64\bin\zip.dll
Event: 1.706 Loaded shared library C:\Users\ALBIN\.vscode\extensions\redhat.java-1.56.0-win32-x64\jre\21.0.12.1-win32-x86_64\bin\zip.dll
Event: 1.783 Attempting to load shared library C:\Users\ALBIN\.vscode\extensions\redhat.java-1.56.0-win32-x64\jre\21.0.12.1-win32-x86_64\bin\jimage.dll
Event: 1.783 Loaded shared library C:\Users\ALBIN\.vscode\extensions\redhat.java-1.56.0-win32-x64\jre\21.0.12.1-win32-x86_64\bin\jimage.dll
Event: 2.230 Attempting to load shared library c:\Users\ALBIN\.vscode\extensions\redhat.java-1.56.0-win32-x64\jre\21.0.12.1-win32-x86_64\bin\verify.dll
Event: 2.230 Loaded shared library c:\Users\ALBIN\.vscode\extensions\redhat.java-1.56.0-win32-x64\jre\21.0.12.1-win32-x86_64\bin\verify.dll
Event: 5.812 Attempting to load shared library C:\Users\ALBIN\AppData\Roaming\Code\User\globalStorage\redhat.java\1.56.0\config_win\org.eclipse.equinox.launcher\org.eclipse.equinox.launcher.win32.win32.x86_64_1.3.100.v20260804-1928\eclipse_11924.dll
Event: 5.813 Loaded shared library C:\Users\ALBIN\AppData\Roaming\Code\User\globalStorage\redhat.java\1.56.0\config_win\org.eclipse.equinox.launcher\org.eclipse.equinox.launcher.win32.win32.x86_64_1.3.100.v20260804-1928\eclipse_11924.dll
Event: 10.145 Attempting to load shared library C:\Users\ALBIN\AppData\Local\Temp\jna-62358748\jna14800757347987356028.dll
Event: 10.308 Loaded shared library C:\Users\ALBIN\AppData\Local\Temp\jna-62358748\jna14800757347987356028.dll
Event: 26.514 Attempting to load shared library C:\Users\ALBIN\.gradle\native\660c5614fbf4a5f2a75b1949f50a0caf5cd603558e7d8a26e50b933a0cfb79d1\windows-amd64\native-platform.dll
Event: 26.515 Loaded shared library C:\Users\ALBIN\.gradle\native\660c5614fbf4a5f2a75b1949f50a0caf5cd603558e7d8a26e50b933a0cfb79d1\windows-amd64\native-platform.dll
Event: 28.977 Attempting to load shared library C:\Users\ALBIN\.vscode\extensions\redhat.java-1.56.0-win32-x64\jre\21.0.12.1-win32-x86_64\bin\management.dll
Event: 28.978 Loaded shared library C:\Users\ALBIN\.vscode\extensions\redhat.java-1.56.0-win32-x64\jre\21.0.12.1-win32-x86_64\bin\management.dll
Event: 28.986 Attempting to load shared library C:\Users\ALBIN\.vscode\extensions\redhat.java-1.56.0-win32-x64\jre\21.0.12.1-win32-x86_64\bin\management_ext.dll
Event: 28.987 Loaded shared library C:\Users\ALBIN\.vscode\extensions\redhat.java-1.56.0-win32-x64\jre\21.0.12.1-win32-x86_64\bin\management_ext.dll
Event: 65.635 Attempting to load shared library C:\Users\ALBIN\.vscode\extensions\redhat.java-1.56.0-win32-x64\jre\21.0.12.1-win32-x86_64\bin\extnet.dll
Event: 65.636 Loaded shared library C:\Users\ALBIN\.vscode\extensions\redhat.java-1.56.0-win32-x64\jre\21.0.12.1-win32-x86_64\bin\extnet.dll

Deoptimization events (20 events):
Event: 79.975 Thread 0x0000014eec855920 Uncommon trap: trap_request=0xffffffc6 fr.pc=0x0000014e981da27c relative=0x000000000000013c
Event: 79.975 Thread 0x0000014eec855920 Uncommon trap: reason=bimorphic_or_optimized_type_check action=maybe_recompile pc=0x0000014e981da27c method=java.lang.Character.codePointBefore(Ljava/lang/CharSequence;I)I @ 5 c2
Event: 79.975 Thread 0x0000014eec855920 DEOPT PACKING pc=0x0000014e981da27c sp=0x00000046486fec70
Event: 79.975 Thread 0x0000014eec855920 DEOPT UNPACKING pc=0x0000014e978a3aa2 sp=0x00000046486fec08 mode 2
Event: 79.975 Thread 0x0000014eec855920 Uncommon trap: trap_request=0xffffffc6 fr.pc=0x0000014e981da27c relative=0x000000000000013c
Event: 79.975 Thread 0x0000014eec855920 Uncommon trap: reason=bimorphic_or_optimized_type_check action=maybe_recompile pc=0x0000014e981da27c method=java.lang.Character.codePointBefore(Ljava/lang/CharSequence;I)I @ 5 c2
Event: 79.975 Thread 0x0000014eec855920 DEOPT PACKING pc=0x0000014e981da27c sp=0x00000046486fec70
Event: 79.975 Thread 0x0000014eec855920 DEOPT UNPACKING pc=0x0000014e978a3aa2 sp=0x00000046486fec08 mode 2
Event: 79.975 Thread 0x0000014eec855920 Uncommon trap: trap_request=0xffffffc6 fr.pc=0x0000014e981da27c relative=0x000000000000013c
Event: 79.975 Thread 0x0000014eec855920 Uncommon trap: reason=bimorphic_or_optimized_type_check action=maybe_recompile pc=0x0000014e981da27c method=java.lang.Character.codePointBefore(Ljava/lang/CharSequence;I)I @ 5 c2
Event: 79.975 Thread 0x0000014eec855920 DEOPT PACKING pc=0x0000014e981da27c sp=0x00000046486fec70
Event: 79.975 Thread 0x0000014eec855920 DEOPT UNPACKING pc=0x0000014e978a3aa2 sp=0x00000046486fec08 mode 2
Event: 79.976 Thread 0x0000014eec855920 Uncommon trap: trap_request=0xffffffbe fr.pc=0x0000014e981ec0dc relative=0x000000000000071c
Event: 79.976 Thread 0x0000014eec855920 Uncommon trap: reason=profile_predicate action=maybe_recompile pc=0x0000014e981ec0dc method=java.util.regex.Pattern$CharPropertyGreedy.match(Ljava/util/regex/Matcher;ILjava/lang/CharSequence;)Z @ 12 c2
Event: 79.976 Thread 0x0000014eec855920 DEOPT PACKING pc=0x0000014e981ec0dc sp=0x00000046486fece0
Event: 79.976 Thread 0x0000014eec855920 DEOPT UNPACKING pc=0x0000014e978a3aa2 sp=0x00000046486fec90 mode 2
Event: 80.776 Thread 0x0000014eee2a36b0 Uncommon trap: trap_request=0xffffff45 fr.pc=0x0000014e98768334 relative=0x0000000000000094
Event: 80.776 Thread 0x0000014eee2a36b0 Uncommon trap: reason=unstable_if action=reinterpret pc=0x0000014e98768334 method=java.util.regex.Pattern.lambda$DOT$11(I)Z @ 9 c2
Event: 80.776 Thread 0x0000014eee2a36b0 DEOPT PACKING pc=0x0000014e98768334 sp=0x0000004643aff0a0
Event: 80.776 Thread 0x0000014eee2a36b0 DEOPT UNPACKING pc=0x0000014e978a3aa2 sp=0x0000004643afefb8 mode 2

Classes loaded (20 events):
Event: 66.421 Loading class java/nio/charset/CharacterCodingException
Event: 66.421 Loading class java/nio/charset/CharacterCodingException done
Event: 66.654 Loading class java/lang/ProcessBuilder
Event: 66.654 Loading class java/lang/ProcessBuilder done
Event: 66.724 Loading class java/lang/ProcessImpl
Event: 66.773 Loading class java/lang/ProcessImpl done
Event: 66.865 Loading class java/lang/ProcessImpl$2
Event: 66.866 Loading class java/lang/ProcessImpl$2 done
Event: 66.866 Loading class java/lang/Process$PipeInputStream
Event: 66.866 Loading class java/lang/Process$PipeInputStream done
Event: 66.905 Loading class java/lang/ProcessBuilder$NullInputStream
Event: 66.905 Loading class java/lang/ProcessBuilder$NullInputStream done
Event: 66.905 Loading class jdk/internal/event/ProcessStartEvent
Event: 66.905 Loading class jdk/internal/event/ProcessStartEvent done
Event: 66.921 Loading class java/util/Scanner
Event: 66.922 Loading class java/util/Scanner done
Event: 66.923 Loading class java/util/Scanner$PatternLRUCache
Event: 66.923 Loading class java/util/Scanner$PatternLRUCache done
Event: 76.284 Loading class java/util/regex/Matcher$ImmutableMatchResult
Event: 76.285 Loading class java/util/regex/Matcher$ImmutableMatchResult done

Classes unloaded (7 events):
Event: 13.680 Thread 0x0000014e8d1db120 Unloading class 0x0000014ea51a5800 'java/lang/invoke/LambdaForm$MH+0x0000014ea51a5800'
Event: 13.680 Thread 0x0000014e8d1db120 Unloading class 0x0000014ea51a5400 'java/lang/invoke/LambdaForm$MH+0x0000014ea51a5400'
Event: 13.680 Thread 0x0000014e8d1db120 Unloading class 0x0000014ea51a5000 'java/lang/invoke/LambdaForm$MH+0x0000014ea51a5000'
Event: 13.680 Thread 0x0000014e8d1db120 Unloading class 0x0000014ea51a4c00 'java/lang/invoke/LambdaForm$MH+0x0000014ea51a4c00'
Event: 13.680 Thread 0x0000014e8d1db120 Unloading class 0x0000014ea51a4800 'java/lang/invoke/LambdaForm$BMH+0x0000014ea51a4800'
Event: 13.680 Thread 0x0000014e8d1db120 Unloading class 0x0000014ea51a4400 'java/lang/invoke/LambdaForm$DMH+0x0000014ea51a4400'
Event: 13.680 Thread 0x0000014e8d1db120 Unloading class 0x0000014ea51a3000 'java/lang/invoke/LambdaForm$DMH+0x0000014ea51a3000'

Classes redefined (0 events):
No events

Internal exceptions (20 events):
Event: 79.006 Thread 0x0000014eec862490 Exception <a 'sun/nio/fs/WindowsException'{0x00000000d568e008}> (0x00000000d568e008) 
thrown [s\src\hotspot\share\prims\jni.cpp, line 520]
Event: 79.007 Thread 0x0000014eec862490 Exception <a 'sun/nio/fs/WindowsException'{0x00000000d568e620}> (0x00000000d568e620) 
thrown [s\src\hotspot\share\prims\jni.cpp, line 520]
Event: 79.007 Thread 0x0000014eec862490 Exception <a 'sun/nio/fs/WindowsException'{0x00000000d568ee88}> (0x00000000d568ee88) 
thrown [s\src\hotspot\share\prims\jni.cpp, line 520]
Event: 79.008 Thread 0x0000014eec862490 Exception <a 'sun/nio/fs/WindowsException'{0x00000000d568f718}> (0x00000000d568f718) 
thrown [s\src\hotspot\share\prims\jni.cpp, line 520]
Event: 79.013 Thread 0x0000014eec862490 Exception <a 'sun/nio/fs/WindowsException'{0x00000000d5696f88}> (0x00000000d5696f88) 
thrown [s\src\hotspot\share\prims\jni.cpp, line 520]
Event: 79.013 Thread 0x0000014eec862490 Exception <a 'sun/nio/fs/WindowsException'{0x00000000d5697818}> (0x00000000d5697818) 
thrown [s\src\hotspot\share\prims\jni.cpp, line 520]
Event: 79.013 Thread 0x0000014eec862490 Exception <a 'sun/nio/fs/WindowsException'{0x00000000d5697da8}> (0x00000000d5697da8) 
thrown [s\src\hotspot\share\prims\jni.cpp, line 520]
Event: 79.013 Thread 0x0000014eec862490 Exception <a 'sun/nio/fs/WindowsException'{0x00000000d56986f0}> (0x00000000d56986f0) 
thrown [s\src\hotspot\share\prims\jni.cpp, line 520]
Event: 79.022 Thread 0x0000014eec862490 Exception <a 'sun/nio/fs/WindowsException'{0x00000000d56a0260}> (0x00000000d56a0260) 
thrown [s\src\hotspot\share\prims\jni.cpp, line 520]
Event: 79.023 Thread 0x0000014eec862490 Exception <a 'sun/nio/fs/WindowsException'{0x00000000d56a0898}> (0x00000000d56a0898) 
thrown [s\src\hotspot\share\prims\jni.cpp, line 520]
Event: 79.023 Thread 0x0000014eec862490 Exception <a 'sun/nio/fs/WindowsException'{0x00000000d56a1148}> (0x00000000d56a1148) 
thrown [s\src\hotspot\share\prims\jni.cpp, line 520]
Event: 79.023 Thread 0x0000014eec862490 Exception <a 'sun/nio/fs/WindowsException'{0x00000000d56a19e8}> (0x00000000d56a19e8) 
thrown [s\src\hotspot\share\prims\jni.cpp, line 520]
Event: 80.495 Thread 0x0000014eec862490 Exception <a 'sun/nio/fs/WindowsException'{0x00000000d59479d8}> (0x00000000d59479d8) 
thrown [s\src\hotspot\share\prims\jni.cpp, line 520]
Event: 80.495 Thread 0x0000014eec862490 Exception <a 'sun/nio/fs/WindowsException'{0x00000000d594dd90}> (0x00000000d594dd90) 
thrown [s\src\hotspot\share\prims\jni.cpp, line 520]
Event: 80.496 Thread 0x0000014eec862490 Exception <a 'sun/nio/fs/WindowsException'{0x00000000d5959e30}> (0x00000000d5959e30) 
thrown [s\src\hotspot\share\prims\jni.cpp, line 520]
Event: 80.497 Thread 0x0000014eec862490 Exception <a 'sun/nio/fs/WindowsException'{0x00000000d5965f40}> (0x00000000d5965f40) 
thrown [s\src\hotspot\share\prims\jni.cpp, line 520]
Event: 80.498 Thread 0x0000014eec862490 Exception <a 'sun/nio/fs/WindowsException'{0x00000000d5973418}> (0x00000000d5973418) 
thrown [s\src\hotspot\share\prims\jni.cpp, line 520]
Event: 80.501 Thread 0x0000014eec862490 Exception <a 'sun/nio/fs/WindowsException'{0x00000000d5979598}> (0x00000000d5979598) 
thrown [s\src\hotspot\share\prims\jni.cpp, line 520]
Event: 80.502 Thread 0x0000014eec862490 Exception <a 'sun/nio/fs/WindowsException'{0x00000000d5985658}> (0x00000000d5985658) 
thrown [s\src\hotspot\share\prims\jni.cpp, line 520]
Event: 80.503 Thread 0x0000014eec862490 Exception <a 'sun/nio/fs/WindowsException'{0x00000000d5991788}> (0x00000000d5991788) 
thrown [s\src\hotspot\share\prims\jni.cpp, line 520]

ZGC Phase Switch (0 events):
No events

VM Operations (20 events):
Event: 69.911 Executing safepoint VM operation: ParallelGCFailedAllocation (Allocation Failure)
Event: 70.334 Executing safepoint VM operation: ParallelGCFailedAllocation (Allocation Failure) done
Event: 70.373 Executing safepoint VM operation: ParallelGCFailedAllocation (Allocation Failure)
Event: 70.543 Executing safepoint VM operation: ParallelGCFailedAllocation (Allocation Failure) done
Event: 71.463 Executing safepoint VM operation: ParallelGCFailedAllocation (Allocation Failure)
Event: 71.466 Executing safepoint VM operation: ParallelGCFailedAllocation (Allocation Failure) done
Event: 71.832 Executing safepoint VM operation: ParallelGCFailedAllocation (Allocation Failure)
Event: 72.007 Executing safepoint VM operation: ParallelGCFailedAllocation (Allocation Failure) done
Event: 73.008 Executing safepoint VM operation: Cleanup
Event: 73.008 Executing safepoint VM operation: Cleanup done
Event: 74.009 Executing safepoint VM operation: Cleanup
Event: 74.223 Executing safepoint VM operation: Cleanup done
Event: 74.762 Executing safepoint VM operation: ParallelGCFailedAllocation (Allocation Failure)
Event: 75.210 Executing safepoint VM operation: ParallelGCFailedAllocation (Allocation Failure) done
Event: 77.279 Executing safepoint VM operation: Cleanup
Event: 77.279 Executing safepoint VM operation: Cleanup done
Event: 78.282 Executing safepoint VM operation: Cleanup
Event: 78.282 Executing safepoint VM operation: Cleanup done
Event: 80.281 Executing safepoint VM operation: Cleanup
Event: 80.281 Executing safepoint VM operation: Cleanup done

Memory protections (0 events):
No events

Nmethod flushes (20 events):
Event: 43.387 Thread 0x0000014e8d1db120 flushing  nmethod 0x0000014e90b89910
Event: 43.387 Thread 0x0000014e8d1db120 flushing  nmethod 0x0000014e90b96690
Event: 43.387 Thread 0x0000014e8d1db120 flushing  nmethod 0x0000014e90b9cb90
Event: 43.387 Thread 0x0000014e8d1db120 flushing  nmethod 0x0000014e90b9d510
Event: 43.387 Thread 0x0000014e8d1db120 flushing  nmethod 0x0000014e90b9f090
Event: 43.387 Thread 0x0000014e8d1db120 flushing  nmethod 0x0000014e90bdc390
Event: 43.387 Thread 0x0000014e8d1db120 flushing  nmethod 0x0000014e90bddc90
Event: 43.388 Thread 0x0000014e8d1db120 flushing  nmethod 0x0000014e90be5810
Event: 43.388 Thread 0x0000014e8d1db120 flushing  nmethod 0x0000014e90bf8e90
Event: 43.388 Thread 0x0000014e8d1db120 flushing  nmethod 0x0000014e90bff190
Event: 43.388 Thread 0x0000014e8d1db120 flushing  nmethod 0x0000014e90c31d10
Event: 43.388 Thread 0x0000014e8d1db120 flushing  nmethod 0x0000014e90c35510
Event: 43.388 Thread 0x0000014e8d1db120 flushing  nmethod 0x0000014e90c54190
Event: 43.388 Thread 0x0000014e8d1db120 flushing  nmethod 0x0000014e90c57310
Event: 43.388 Thread 0x0000014e8d1db120 flushing  nmethod 0x0000014e90c97310
Event: 43.388 Thread 0x0000014e8d1db120 flushing  nmethod 0x0000014e90cd0090
Event: 43.388 Thread 0x0000014e8d1db120 flushing  nmethod 0x0000014e90cd1010
Event: 43.388 Thread 0x0000014e8d1db120 flushing  nmethod 0x0000014e90cdd410
Event: 43.388 Thread 0x0000014e8d1db120 flushing  nmethod 0x0000014e90d16990
Event: 43.388 Thread 0x0000014e8d1db120 flushing  nmethod 0x0000014e90d17690

Events (20 events):
Event: 72.022 Thread 0x0000014eec8703b0 Thread added: 0x0000014eec870a40
Event: 72.024 Thread 0x0000014eec85c220 Thread exited: 0x0000014eec85c220
Event: 72.025 Thread 0x0000014eec8610e0 Thread added: 0x0000014eec85e2f0
Event: 72.025 Thread 0x0000014eec8610e0 Thread added: 0x0000014eec85c220
Event: 72.077 Thread 0x0000014eec8703b0 Thread added: 0x0000014eec861770
Event: 72.280 Thread 0x0000014eec854570 Thread exited: 0x0000014eec854570
Event: 72.283 Thread 0x0000014eec85e2f0 Thread exited: 0x0000014eec85e2f0
Event: 73.361 Thread 0x0000014eec861770 Thread added: 0x0000014eec854570
Event: 73.361 Thread 0x0000014eec861770 Thread added: 0x0000014eec85e2f0
Event: 73.684 Thread 0x0000014eec854570 Thread exited: 0x0000014eec854570
Event: 74.714 Thread 0x0000014eea4775d0 Thread added: 0x0000014eec854570
Event: 75.213 Thread 0x0000014eec854570 Thread added: 0x0000014eec862490
Event: 75.544 Thread 0x0000014eec862490 Thread added: 0x0000014eec863840
Event: 75.990 Thread 0x0000014eec863840 Thread exited: 0x0000014eec863840
Event: 75.991 Thread 0x0000014eec862490 Thread added: 0x0000014eec863840
Event: 79.047 Thread 0x0000014eec862490 Thread added: 0x0000014eec866630
Event: 79.055 Thread 0x0000014eec862490 Thread added: 0x0000014eec865280
Event: 80.463 Thread 0x0000014eec865280 Thread exited: 0x0000014eec865280
Event: 80.463 Thread 0x0000014eec862490 Thread added: 0x0000014eec865fa0
Event: 80.893 Thread 0x0000014eec863840 Thread exited: 0x0000014eec863840


Dynamic libraries:
0x00007ff6db350000 - 0x00007ff6db35e000 	c:\Users\ALBIN\.vscode\extensions\redhat.java-1.56.0-win32-x64\jre\21.0.12.1-win32-x86_64\bin\java.exe
0x00007ffbc0240000 - 0x00007ffbc04a7000 	C:\Windows\SYSTEM32\ntdll.dll
0x00007ffbbfd20000 - 0x00007ffbbfdeb000 	C:\Windows\System32\KERNEL32.DLL
0x00007ffbbd6c0000 - 0x00007ffbbdac2000 	C:\Windows\System32\KERNELBASE.dll
0x00007ffbbdb80000 - 0x00007ffbbdccc000 	C:\Windows\System32\ucrtbase.dll
0x00007ffb94810000 - 0x00007ffb94828000 	c:\Users\ALBIN\.vscode\extensions\redhat.java-1.56.0-win32-x64\jre\21.0.12.1-win32-x86_64\bin\jli.dll
0x00007ffbbf530000 - 0x00007ffbbf6ff000 	C:\Windows\System32\USER32.dll
0x00007ffbbde70000 - 0x00007ffbbde97000 	C:\Windows\System32\win32u.dll
0x00007ffbbf500000 - 0x00007ffbbf52b000 	C:\Windows\System32\GDI32.dll
0x00007ffbbd500000 - 0x00007ffbbd629000 	C:\Windows\System32\gdi32full.dll
0x00007ffbbdad0000 - 0x00007ffbbdb73000 	C:\Windows\System32\msvcp_win.dll
0x00007ffb9b690000 - 0x00007ffb9b6ae000 	c:\Users\ALBIN\.vscode\extensions\redhat.java-1.56.0-win32-x64\jre\21.0.12.1-win32-x86_64\bin\VCRUNTIME140.dll
0x00007ffbab5e0000 - 0x00007ffbab870000 	C:\Windows\WinSxS\amd64_microsoft.windows.common-controls_6595b64144ccf1df_6.0.26100.9278_none_3e0d1ba8e3303201\COMCTL32.dll
0x00007ffbbe170000 - 0x00007ffbbe219000 	C:\Windows\System32\msvcrt.dll
0x00007ffbbe0a0000 - 0x00007ffbbe0d1000 	C:\Windows\System32\IMM32.DLL
0x00007ffba8920000 - 0x00007ffba892c000 	c:\Users\ALBIN\.vscode\extensions\redhat.java-1.56.0-win32-x64\jre\21.0.12.1-win32-x86_64\bin\vcruntime140_1.dll
0x00007ffb4cf00000 - 0x00007ffb4cf8d000 	c:\Users\ALBIN\.vscode\extensions\redhat.java-1.56.0-win32-x64\jre\21.0.12.1-win32-x86_64\bin\msvcp140.dll
0x00007ffaea870000 - 0x00007ffaeb612000 	c:\Users\ALBIN\.vscode\extensions\redhat.java-1.56.0-win32-x64\jre\21.0.12.1-win32-x86_64\bin\server\jvm.dll
0x00007ffbbe810000 - 0x00007ffbbe8cc000 	C:\Windows\System32\ADVAPI32.dll
0x00007ffbbdf60000 - 0x00007ffbbe009000 	C:\Windows\System32\sechost.dll
0x00007ffbbfc00000 - 0x00007ffbbfd18000 	C:\Windows\System32\RPCRT4.dll
0x00007ffbc0170000 - 0x00007ffbc01f0000 	C:\Windows\System32\WS2_32.dll
0x00007ffbbd2c0000 - 0x00007ffbbd31e000 	C:\Windows\SYSTEM32\POWRPROF.dll
0x00007ffbad800000 - 0x00007ffbad836000 	C:\Windows\SYSTEM32\WINMM.dll
0x00007ffbaee70000 - 0x00007ffbaee7b000 	C:\Windows\SYSTEM32\VERSION.dll
0x00007ffbbd2a0000 - 0x00007ffbbd2b5000 	C:\Windows\SYSTEM32\UMPDC.dll
0x00007ffbbc110000 - 0x00007ffbbc12b000 	C:\Windows\SYSTEM32\kernel.appcore.dll
0x00007ffba86c0000 - 0x00007ffba86ca000 	c:\Users\ALBIN\.vscode\extensions\redhat.java-1.56.0-win32-x64\jre\21.0.12.1-win32-x86_64\bin\jimage.dll
0x00007ffbb9740000 - 0x00007ffbb998c000 	C:\Windows\SYSTEM32\DBGHELP.DLL
0x00007ffbbf170000 - 0x00007ffbbf4f5000 	C:\Windows\System32\combase.dll
0x00007ffbbe8e0000 - 0x00007ffbbe9b9000 	C:\Windows\System32\OLEAUT32.dll
0x00007ffba59f0000 - 0x00007ffba5a2b000 	C:\Windows\SYSTEM32\dbgcore.DLL
0x00007ffbbdea0000 - 0x00007ffbbdf4c000 	C:\Windows\System32\bcryptPrimitives.dll
0x00007ffba2ed0000 - 0x00007ffba2edf000 	c:\Users\ALBIN\.vscode\extensions\redhat.java-1.56.0-win32-x64\jre\21.0.12.1-win32-x86_64\bin\instrument.dll
0x00007ffb945f0000 - 0x00007ffb94610000 	c:\Users\ALBIN\.vscode\extensions\redhat.java-1.56.0-win32-x64\jre\21.0.12.1-win32-x86_64\bin\java.dll
0x00007ffbbe9d0000 - 0x00007ffbbf168000 	C:\Windows\System32\SHELL32.dll
0x00007ffbbaee0000 - 0x00007ffbbb78e000 	C:\Windows\SYSTEM32\windows.storage.dll
0x00007ffbc0070000 - 0x00007ffbc016b000 	C:\Windows\System32\SHCORE.dll
0x00007ffbc0000000 - 0x00007ffbc0066000 	C:\Windows\System32\shlwapi.dll
0x00007ffbbd360000 - 0x00007ffbbd389000 	C:\Windows\SYSTEM32\profapi.dll
0x00007ffb8cd30000 - 0x00007ffb8cd48000 	c:\Users\ALBIN\.vscode\extensions\redhat.java-1.56.0-win32-x64\jre\21.0.12.1-win32-x86_64\bin\zip.dll
0x00007ffba2f40000 - 0x00007ffba2f50000 	C:\Users\ALBIN\.vscode\extensions\redhat.java-1.56.0-win32-x64\jre\21.0.12.1-win32-x86_64\bin\net.dll
0x00007ffbb0c60000 - 0x00007ffbb0d8a000 	C:\Windows\SYSTEM32\WINHTTP.dll
0x00007ffbbc6d0000 - 0x00007ffbbc73c000 	C:\Windows\system32\mswsock.dll
0x00007ffb8cd10000 - 0x00007ffb8cd26000 	C:\Users\ALBIN\.vscode\extensions\redhat.java-1.56.0-win32-x64\jre\21.0.12.1-win32-x86_64\bin\nio.dll
0x00007ffba1420000 - 0x00007ffba1430000 	c:\Users\ALBIN\.vscode\extensions\redhat.java-1.56.0-win32-x64\jre\21.0.12.1-win32-x86_64\bin\verify.dll
0x00007ffb8c3e0000 - 0x00007ffb8c425000 	C:\Users\ALBIN\AppData\Roaming\Code\User\globalStorage\redhat.java\1.56.0\config_win\org.eclipse.equinox.launcher\org.eclipse.equinox.launcher.win32.win32.x86_64_1.3.100.v20260804-1928\eclipse_11924.dll
0x00007ffbbe530000 - 0x00007ffbbe6ca000 	C:\Windows\System32\ole32.dll
0x00007ffbbc9c0000 - 0x00007ffbbc9db000 	C:\Windows\SYSTEM32\CRYPTSP.dll
0x00007ffbbc070000 - 0x00007ffbbc0a9000 	C:\Windows\system32\rsaenh.dll
0x00007ffbbc780000 - 0x00007ffbbc7b4000 	C:\Windows\SYSTEM32\USERENV.dll
0x00007ffbbd330000 - 0x00007ffbbd35a000 	C:\Windows\SYSTEM32\bcrypt.dll
0x00007ffbbc9e0000 - 0x00007ffbbc9ec000 	C:\Windows\SYSTEM32\CRYPTBASE.dll
0x00007ffbbbae0000 - 0x00007ffbbbb13000 	C:\Windows\SYSTEM32\IPHLPAPI.DLL
0x00007ffbbf760000 - 0x00007ffbbf76a000 	C:\Windows\System32\NSI.dll
0x00007ffb57450000 - 0x00007ffb57499000 	C:\Users\ALBIN\AppData\Local\Temp\jna-62358748\jna14800757347987356028.dll
0x00007ffbbe520000 - 0x00007ffbbe528000 	C:\Windows\System32\PSAPI.DLL
0x00007ffbb0eb0000 - 0x00007ffbb0ecd000 	C:\Windows\SYSTEM32\dhcpcsvc6.DLL
0x00007ffbb0c30000 - 0x00007ffbb0c55000 	C:\Windows\SYSTEM32\dhcpcsvc.DLL
0x00007ffb8c8c0000 - 0x00007ffb8c8e7000 	C:\Users\ALBIN\.gradle\native\660c5614fbf4a5f2a75b1949f50a0caf5cd603558e7d8a26e50b933a0cfb79d1\windows-amd64\native-platform.dll
0x00007ffb9f410000 - 0x00007ffb9f41a000 	C:\Users\ALBIN\.vscode\extensions\redhat.java-1.56.0-win32-x64\jre\21.0.12.1-win32-x86_64\bin\management.dll
0x00007ffb9e390000 - 0x00007ffb9e39c000 	C:\Users\ALBIN\.vscode\extensions\redhat.java-1.56.0-win32-x64\jre\21.0.12.1-win32-x86_64\bin\management_ext.dll
0x00007ffb9f6e0000 - 0x00007ffb9f6e9000 	C:\Users\ALBIN\.vscode\extensions\redhat.java-1.56.0-win32-x64\jre\21.0.12.1-win32-x86_64\bin\extnet.dll

JVMTI agents:
c:\Users\ALBIN\.vscode\extensions\redhat.java-1.56.0-win32-x64\lombok\lombok-1.18.39-4050.jar path:c:\Users\ALBIN\.vscode\extensions\redhat.java-1.56.0-win32-x64\jre\21.0.12.1-win32-x86_64\bin\instrument.dll, loaded, initialized, instrumentlib options:none

dbghelp: loaded successfully - version: 4.0.5 - missing functions: none
symbol engine: initialized successfully - sym options: 0x614 - pdb path: .;c:\Users\ALBIN\.vscode\extensions\redhat.java-1.56.0-win32-x64\jre\21.0.12.1-win32-x86_64\bin;C:\Windows\SYSTEM32;C:\Windows\WinSxS\amd64_microsoft.windows.common-controls_6595b64144ccf1df_6.0.26100.9278_none_3e0d1ba8e3303201;c:\Users\ALBIN\.vscode\extensions\redhat.java-1.56.0-win32-x64\jre\21.0.12.1-win32-x86_64\bin\server;C:\Users\ALBIN\AppData\Roaming\Code\User\globalStorage\redhat.java\1.56.0\config_win\org.eclipse.equinox.launcher\org.eclipse.equinox.launcher.win32.win32.x86_64_1.3.100.v20260804-1928;C:\Users\ALBIN\AppData\Local\Temp\jna-62358748;C:\Users\ALBIN\.gradle\native\660c5614fbf4a5f2a75b1949f50a0caf5cd603558e7d8a26e50b933a0cfb79d1\windows-amd64

VM Arguments:
jvm_args: --add-modules=ALL-SYSTEM --add-opens=java.base/java.util=ALL-UNNAMED --add-opens=java.base/java.lang=ALL-UNNAMED --add-opens=java.base/sun.nio.fs=ALL-UNNAMED -Declipse.application=org.eclipse.jdt.ls.core.id1 -Dosgi.bundles.defaultStartLevel=4 -Declipse.product=org.eclipse.jdt.ls.core.product -Djava.import.generatesMetadataFilesAtProjectRoot=false -Dm2e.project.cache.size=50 -DDetectVMInstallationsJob.disabled=true -Dfile.encoding=utf8 -XX:+UseParallelGC -XX:GCTimeRatio=4 -XX:AdaptiveSizePolicyWeight=90 -Dsun.zip.disableMemoryMapping=true -Xmx2G -Xms100m -Xlog:disable -javaagent:c:\Users\ALBIN\.vscode\extensions\redhat.java-1.56.0-win32-x64\lombok\lombok-1.18.39-4050.jar -XX:+HeapDumpOnOutOfMemoryError -XX:HeapDumpPath=c:\Users\ALBIN\AppData\Roaming\Code\User\workspaceStorage\08ba82f765758e80f1dfaef0f2475030\redhat.java -Daether.dependencyCollector.impl=bf 
java_command: c:\Users\ALBIN\.vscode\extensions\redhat.java-1.56.0-win32-x64\server\plugins\org.eclipse.equinox.launcher_1.8.0.v20260804-1928.jar -configuration c:\Users\ALBIN\AppData\Roaming\Code\User\globalStorage\redhat.java\1.56.0\config_win -data c:\Users\ALBIN\AppData\Roaming\Code\User\workspaceStorage\08ba82f765758e80f1dfaef0f2475030\redhat.java\jdt_ws --stdio
java_class_path (initial): c:\Users\ALBIN\.vscode\extensions\redhat.java-1.56.0-win32-x64\server\plugins\org.eclipse.equinox.launcher_1.8.0.v20260804-1928.jar
Launcher Type: SUN_STANDARD

[Global flags]
    uintx AdaptiveSizePolicyWeight                 = 90                                        {product} {command line}
     intx CICompilerCount                          = 3                                         {product} {ergonomic}
    uintx GCTimeRatio                              = 4                                         {product} {command line}
     bool HeapDumpOnOutOfMemoryError               = true                                   {manageable} {command line}
    ccstr HeapDumpPath                             = c:\Users\ALBIN\AppData\Roaming\Code\User\workspaceStorage\08ba82f765758e80f1dfaef0f2475030\redhat.java         {manageable} {command line}
   size_t InitialHeapSize                          = 104857600                                 {product} {command line}
   size_t MaxHeapSize                              = 2147483648                                {product} {command line}
   size_t MaxNewSize                               = 715653120                                 {product} {ergonomic}
   size_t MinHeapDeltaBytes                        = 524288                                    {product} {ergonomic}
   size_t MinHeapSize                              = 104857600                                 {product} {command line}
   size_t NewSize                                  = 34603008                                  {product} {ergonomic}
    uintx NonNMethodCodeHeapSize                   = 5832780                                {pd product} {ergonomic}
    uintx NonProfiledCodeHeapSize                  = 122912730                              {pd product} {ergonomic}
   size_t OldSize                                  = 70254592                                  {product} {ergonomic}
    uintx ProfiledCodeHeapSize                     = 122912730                              {pd product} {ergonomic}
    uintx ReservedCodeCacheSize                    = 251658240                              {pd product} {ergonomic}
     bool SegmentedCodeCache                       = true                                      {product} {ergonomic}
   size_t SoftMaxHeapSize                          = 2147483648                             {manageable} {ergonomic}
     bool UseCompressedOops                        = true                           {product lp64_product} {ergonomic}
     bool UseLargePagesIndividualAllocation        = false                                  {pd product} {ergonomic}
     bool UseParallelGC                            = true                                      {product} {command line}

Logging:
Log output configuration:
 #0: stdout all=off uptime,level,tags foldmultilines=false
 #1: stderr all=off uptime,level,tags foldmultilines=false

Release file:
JAVA_VERSION="21.0.12.1" 
MODULES="java.base java.compiler java.datatransfer java.xml java.prefs java.desktop java.instrument java.logging java.management java.security.sasl java.naming java.rmi java.management.rmi java.net.http java.scripting java.security.jgss java.transaction.xa java.sql java.sql.rowset java.xml.crypto java.se java.smartcardio jdk.accessibility jdk.internal.jvmstat jdk.attach jdk.charsets jdk.internal.opt jdk.zipfs jdk.compiler jdk.crypto.ec jdk.crypto.cryptoki jdk.crypto.mscapi jdk.dynalink jdk.internal.ed jdk.editpad jdk.hotspot.agent jdk.httpserver jdk.internal.le jdk.internal.vm.ci jdk.internal.vm.compiler jdk.internal.vm.compiler.management jdk.jartool jdk.javadoc jdk.jcmd jdk.management jdk.management.agent jdk.jconsole jdk.jdeps jdk.jdwp.agent jdk.jdi jdk.jfr jdk.jshell jdk.jsobject jdk.jstatd jdk.localedata jdk.management.jfr jdk.naming.dns jdk.naming.rmi jdk.net jdk.nio.mapmode jdk.random jdk.sctp jdk.security.auth jdk.security.jgss jdk.unsupported jdk.unsupported.desktop jdk.xml.dom" 

Environment Variables:
PATH=C:\Program Files\Eclipse Adoptium\jdk-25.0.3.9-hotspot\bin;C:\Program Files\Common Files\Oracle\Java\javapath;C:\Windows\system32;C:\Windows;C:\Windows\System32\Wbem;C:\Windows\System32\WindowsPowerShell\v1.0\;C:\Windows\System32\OpenSSH\;C:\Program Files\Git\cmd;C:\Program Files\nodejs\;C:\Users\ALBIN\AppData\Local\Microsoft\WindowsApps;D:\software\apache-maven-3.9.16-bin\apache-maven-3.9.16\bin;C:\Users\ALBIN\AppData\Local\Python\bin;C:\Users\ALBIN\AppData\Roaming\npm
USERNAME=ALBIN
OS=Windows_NT
PROCESSOR_IDENTIFIER=Intel64 Family 6 Model 142 Stepping 9, GenuineIntel
TMP=C:\Users\ALBIN\AppData\Local\Temp
TEMP=C:\Users\ALBIN\AppData\Local\Temp




Periodic native trim disabled

---------------  S Y S T E M  ---------------

OS:
 Windows 11 , 64 bit Build 26100 (10.0.26100.9444)
OS uptime: 0 days 8:37 hours

CPU: total 4 (initial active 4) (2 cores per cpu, 2 threads per core) family 6 model 142 stepping 9 microcode 0xde, cx8, cmov, fxsr, ht, mmx, 3dnowpref, sse, sse2, sse3, ssse3, sse4.1, sse4.2, popcnt, lzcnt, tsc, tscinvbit, avx, avx2, aes, erms, clmul, bmi1, bmi2, adx, fma, vzeroupper, clflush, clflushopt, rdtscp, f16c
Processor Information for the first 4 processors :
  Max Mhz: 2701, Current Mhz: 2701, Mhz Limit: 2701

Memory: 4k page, system-wide physical 16287M (4729M free)
TotalPageFile size 34911M (AvailPageFile size 0M)
current process WorkingSet (physical memory assigned to process): 687M, peak: 710M
current process commit charge ("private bytes"): 765M, peak: 781M

vm_info: OpenJDK 64-Bit Server VM (21.0.12.1+1-LTS) for windows-amd64 JRE (21.0.12.1+1-LTS), built on 2026-08-18T00:00:00Z by "admin" with MS VC++ 17.12 (VS2022)

END.
