#
# There is insufficient memory for the Java Runtime Environment to continue.
# Native memory allocation (malloc) failed to allocate 1059856 bytes. Error detail: Chunk::new
# Possible reasons:
#   The system is out of physical RAM or swap space
#   This process is running with CompressedOops enabled, and the Java Heap may be blocking the growth of the native heap
# Possible solutions:
#   Reduce memory load on the system
#   Increase physical memory or swap space
#   Check if swap backing store is full
#   Decrease Java heap size (-Xmx/-Xms)
#   Decrease number of Java threads
#   Decrease Java thread stack sizes (-Xss)
#   Set larger code cache with -XX:ReservedCodeCacheSize=
#   JVM is running with Unscaled Compressed Oops mode in which the Java heap is
#     placed in the first 4GB address space. The Java Heap base address is the
#     maximum limit for the native heap growth. Please use -XX:HeapBaseMinAddress
#     to set the Java Heap base and to place the Java Heap above 4GB virtual address.
# This output file may be truncated or incomplete.
#
#  Out of Memory Error (arena.cpp:168), pid=16560, tid=16620
#
# JRE version: OpenJDK Runtime Environment Temurin-21.0.12.1+1 (21.0.12.1+1) (build 21.0.12.1+1-LTS)
# Java VM: OpenJDK 64-Bit Server VM Temurin-21.0.12.1+1 (21.0.12.1+1-LTS, mixed mode, sharing, tiered, compressed oops, compressed class ptrs, parallel gc, windows-amd64)
# No core dump will be written. Minidumps are not enabled by default on client versions of Windows
#

---------------  S U M M A R Y ------------

Command Line: --add-modules=ALL-SYSTEM --add-opens=java.base/java.util=ALL-UNNAMED --add-opens=java.base/java.lang=ALL-UNNAMED --add-opens=java.base/sun.nio.fs=ALL-UNNAMED -Declipse.application=org.eclipse.jdt.ls.core.id1 -Dosgi.bundles.defaultStartLevel=4 -Declipse.product=org.eclipse.jdt.ls.core.product -Djava.import.generatesMetadataFilesAtProjectRoot=false -Dm2e.project.cache.size=50 -DDetectVMInstallationsJob.disabled=true -Dfile.encoding=utf8 -XX:+UseParallelGC -XX:GCTimeRatio=4 -XX:AdaptiveSizePolicyWeight=90 -Dsun.zip.disableMemoryMapping=true -Xmx2G -Xms100m -Xlog:disable -javaagent:c:\Users\ALBIN\.vscode\extensions\redhat.java-1.56.0-win32-x64\lombok\lombok-1.18.39-4050.jar -XX:+HeapDumpOnOutOfMemoryError -XX:HeapDumpPath=c:\Users\ALBIN\AppData\Roaming\Code\User\workspaceStorage\08ba82f765758e80f1dfaef0f2475030\redhat.java -Daether.dependencyCollector.impl=bf c:\Users\ALBIN\.vscode\extensions\redhat.java-1.56.0-win32-x64\server\plugins\org.eclipse.equinox.launcher_1.8.0.v20260804-1928.jar -configuration c:\Users\ALBIN\AppData\Roaming\Code\User\globalStorage\redhat.java\1.56.0\config_win -data c:\Users\ALBIN\AppData\Roaming\Code\User\workspaceStorage\08ba82f765758e80f1dfaef0f2475030\redhat.java\jdt_ws --stdio

Host: Intel(R) Core(TM) i5-7200U CPU @ 2.50GHz, 4 cores, 15G,  Windows 11 , 64 bit Build 26100 (10.0.26100.9444)
Time: Tue Oct  6 09:52:13 2026 India Standard Time elapsed time: 155.532878 seconds (0d 0h 2m 35s)

---------------  T H R E A D  ---------------

Current thread (0x0000025489436210):  JavaThread "C2 CompilerThread0" daemon [_thread_in_native, id=16620, stack(0x000000e325a00000,0x000000e325b00000) (1024K)]


Current CompileTask:
C2:155532 13177       4       com.google.gson.internal.bind.ObjectTypeAdapter::read (197 bytes)

Stack: [0x000000e325a00000,0x000000e325b00000]
Native frames: (J=compiled Java code, j=interpreted, Vv=VM code, C=native code)
V  [jvm.dll+0x6d83e9]
V  [jvm.dll+0x8b5736]
V  [jvm.dll+0x8b7cee]
V  [jvm.dll+0x8b83d3]
V  [jvm.dll+0x284596]
V  [jvm.dll+0xc685d]
V  [jvm.dll+0xc6da1]
V  [jvm.dll+0x3bf151]
V  [jvm.dll+0x38b6d2]
V  [jvm.dll+0x38ab1a]
V  [jvm.dll+0x24c700]
V  [jvm.dll+0x24bce0]
V  [jvm.dll+0x1cb4ae]
V  [jvm.dll+0x25baad]
V  [jvm.dll+0x25a03a]
V  [jvm.dll+0x3f8aae]
V  [jvm.dll+0x8600cd]
V  [jvm.dll+0x6d6c1d]
C  [ucrtbase.dll+0x2cd30]
C  [KERNEL32.DLL+0x2cd87]
C  [ntdll.dll+0xacaec]


---------------  P R O C E S S  ---------------

Threads class SMR info:
_java_thread_list=0x00000254e84c0ac0, length=389, elements={
0x0000025489539ba0, 0x00000254894281a0, 0x000002548942a360, 0x000002548942c530,
0x000002548942fea0, 0x0000025489434a20, 0x0000025489435480, 0x0000025489436210,
0x00000254894b6460, 0x00000254e1c81170, 0x00000254e1e393d0, 0x00000254e6107100,
0x00000254e64991d0, 0x00000254e64a8b10, 0x00000254e64e7290, 0x00000254e67f7450,
0x00000254e6ced7a0, 0x00000254e631eb90, 0x00000254e631c550, 0x00000254e631d270,
0x00000254e7770ec0, 0x00000254e7771550, 0x00000254e776edf0, 0x00000254e776f480,
0x00000254e776fb10, 0x00000254e77701a0, 0x00000254e7770830, 0x00000254e77749d0,
0x00000254e7773cb0, 0x00000254e7774340, 0x00000254e7773620, 0x00000254e7775d80,
0x00000254eac4d490, 0x00000254eac4ba50, 0x00000254eac4db20, 0x00000254eac4ce00,
0x00000254eac4a6a0, 0x00000254eac4c0e0, 0x00000254eac4ad30, 0x00000254eac4f560,
0x00000254eac4e840, 0x00000254eac4eed0, 0x00000254eac4fbf0, 0x00000254e77756f0,
0x00000254eeb141c0, 0x00000254eeb14850, 0x00000254eeb13b30, 0x00000254eeb14ee0,
0x00000254eeb16290, 0x00000254eeb16920, 0x00000254eeb189f0, 0x00000254eeb15c00,
0x00000254eeb17cd0, 0x00000254eeb19080, 0x00000254eeb17640, 0x00000254eeb19710,
0x00000254eac7a6d0, 0x00000254eac7a040, 0x00000254eac7b3f0, 0x00000254eac7d4c0,
0x00000254eac7db50, 0x00000254eac7e870, 0x00000254eac7ba80, 0x00000254eac7f590,
0x00000254eac7c110, 0x00000254eac802b0, 0x00000254eac80940, 0x00000254eac80fd0,
0x00000254eac4a010, 0x00000254eb2aba10, 0x00000254eb2aacf0, 0x00000254eb2aa660,
0x00000254eb2ad450, 0x00000254eb2ac730, 0x00000254eb2adae0, 0x00000254eb2acdc0,
0x00000254e924a420, 0x00000254e924df30, 0x00000254e924b7d0, 0x00000254e924b140,
0x00000254e924e5c0, 0x00000254e924f2e0, 0x00000254e924d8a0, 0x00000254e924cb80,
0x00000254e9250000, 0x00000254e924d210, 0x00000254e92513b0, 0x00000254eac7fc20,
0x00000254ea8f5e50, 0x00000254ea8f64e0, 0x00000254ea8f5130, 0x00000254ea8f3d80,
0x00000254ea8f6b70, 0x00000254ea8f4410, 0x00000254ea8f4aa0, 0x00000254ea8f8c40,
0x00000254ea8f9ff0, 0x00000254ea8f7f20, 0x00000254ea8f85b0, 0x00000254ea8fa680,
0x00000254e9250d20, 0x00000254e7913bc0, 0x00000254e79148e0, 0x00000254e7914250,
0x00000254e7912ea0, 0x00000254ea8f7200, 0x00000254e84e83d0, 0x00000254e84e8a60,
0x00000254e84e76b0, 0x00000254e84e6990, 0x00000254e84e7d40, 0x00000254e7912810,
0x00000254e1ef1b80, 0x00000254e1ef0e60, 0x00000254e1eeed90, 0x00000254e1ef2210,
0x00000254e1ef28a0, 0x00000254e1eefab0, 0x00000254e1ef35c0, 0x00000254e1ef5d20,
0x00000254e1eef420, 0x00000254e1ef5690, 0x00000254e1ef42e0, 0x00000254e1ef63b0,
0x00000254e84e6300, 0x00000254e7915600, 0x00000254e98d0fc0, 0x00000254e98d1ce0,
0x00000254e98cf580, 0x00000254e98ce860, 0x00000254e98d2370, 0x00000254e98d3090,
0x00000254e98d02a0, 0x00000254e98d3720, 0x00000254e98d4440, 0x00000254e98d5160,
0x00000254e98d5e80, 0x00000254e98d57f0, 0x00000254e98d3db0, 0x00000254e98d2a00,
0x00000254e98d9300, 0x00000254e98d7230, 0x00000254e98d8c70, 0x00000254e98d9990,
0x00000254e98d78c0, 0x00000254e98dba60, 0x00000254e98d6510, 0x00000254e98da020,
0x00000254e98dad40, 0x00000254e98db3d0, 0x00000254e98dd4a0, 0x00000254e98dce10,
0x00000254e98da6b0, 0x00000254e98ddb30, 0x00000254e1ef4970, 0x00000254e84e55e0,
0x00000254e9ee0fa0, 0x00000254e9ee2350, 0x00000254e9ee29e0, 0x00000254e9edf560,
0x00000254e9ee1cc0, 0x00000254e9edfbf0, 0x00000254e9ee0280, 0x00000254e9ee3d90,
0x00000254e9ee0910, 0x00000254e9ee64f0, 0x00000254e9ee78a0, 0x00000254e9ee4ab0,
0x00000254e9ee7210, 0x00000254e9ee57d0, 0x00000254e9ee7f30, 0x00000254e9ee5140,
0x00000254e9ee8c50, 0x00000254e9ee92e0, 0x00000254e9eeb3b0, 0x00000254e9eead20,
0x00000254e9ee85c0, 0x00000254e9eec0d0, 0x00000254e9eec760, 0x00000254e9eecdf0,
0x00000254e9ee9970, 0x00000254e9eed480, 0x00000254e9eedb10, 0x00000254e9eea690,
0x00000254e9eee1a0, 0x00000254e9eee830, 0x00000254e98d4ad0, 0x00000254e98d85e0,
0x00000254e98d6ba0, 0x00000254ef5aa910, 0x00000254ef5aafa0, 0x00000254ef5ab630,
0x00000254ef5a9bf0, 0x00000254ef5a9560, 0x00000254ef5aa280, 0x00000254ef5abcc0,
0x00000254ef5a8840, 0x00000254ef5ac350, 0x00000254ef5a8ed0, 0x00000254ef5afe60,
0x00000254ef5af140, 0x00000254ef5ac9e0, 0x00000254ef5ad070, 0x00000254ef5aeab0,
0x00000254ef5add90, 0x00000254ef5ae420, 0x00000254ef5af7d0, 0x00000254ef293020,
0x00000254ef292300, 0x00000254ef2936b0, 0x00000254ef293d40, 0x00000254ef292990,
0x00000254ef2943d0, 0x00000254ef294a60, 0x00000254ef295780, 0x00000254ef295e10,
0x00000254ef297850, 0x00000254ef2964a0, 0x00000254ef299290, 0x00000254ef299920,
0x00000254ef296b30, 0x00000254ef299fb0, 0x00000254ef29a640, 0x00000254ef29acd0,
0x00000254ef29b360, 0x00000254ef297ee0, 0x00000254ef29c710, 0x00000254ef29b9f0,
0x00000254ef29d430, 0x00000254ef29dac0, 0x00000254ef29e150, 0x00000254ef29cda0,
0x00000254ef29ee70, 0x00000254ef29e7e0, 0x00000254ef29f500, 0x00000254ef29c080,
0x00000254ef29fb90, 0x00000254ef2a0220, 0x00000254ef2a08b0, 0x00000254e92ceab0,
0x00000254e92cf140, 0x00000254e92cfe60, 0x00000254e92cd070, 0x00000254e92d1210,
0x00000254e92ce420, 0x00000254e92cdd90, 0x00000254e92d3970, 0x00000254e92d25c0,
0x00000254e92d2c50, 0x00000254e92d4000, 0x00000254e92d1f30, 0x00000254e92d9be0,
0x00000254e92dc340, 0x00000254ee7246a0, 0x00000254ee727b20, 0x00000254ee726770,
0x00000254ee728840, 0x00000254ee7253c0, 0x00000254ee726e00, 0x00000254ee72f7d0,
0x00000254ee731210, 0x00000254ee733970, 0x00000254ee730b80, 0x00000254e92d0b80,
0x00000254e92cf7d0, 0x00000254e92d6760, 0x00000254e92d53b0, 0x00000254e92d32e0,
0x00000254ee72a910, 0x00000254ee72c350, 0x00000254e887d350, 0x00000254e887e070,
0x00000254e887b910, 0x00000254e887d9e0, 0x00000254e887bfa0, 0x00000254e887e700,
0x00000254e887ccc0, 0x00000254e887b280, 0x00000254e887f420, 0x00000254e8880140,
0x00000254e88842e0, 0x00000254e887fab0, 0x00000254e887c630, 0x00000254e8880e60,
0x00000254e88814f0, 0x00000254e8888480, 0x00000254e8885d20, 0x00000254e887abf0,
0x00000254e8888b10, 0x00000254e88870d0, 0x00000254e8886a40, 0x00000254e8889830,
0x00000254e888abe0, 0x00000254e88807d0, 0x00000254e8887760, 0x00000254e8881b80,
0x00000254e888b270, 0x00000254e888bf90, 0x00000254e888c620, 0x00000254e88891a0,
0x00000254e888ed80, 0x00000254e8887df0, 0x00000254e888b900, 0x00000254e8892f20,
0x00000254e88914e0, 0x00000254e8890130, 0x00000254e8893c40, 0x00000254e88942d0,
0x00000254e88835c0, 0x00000254e888e6f0, 0x00000254e88970c0, 0x00000254e8898470,
0x00000254e8896a30, 0x00000254e88963a0, 0x00000254e8897750, 0x00000254e8895680,
0x00000254e8899190, 0x00000254e8894960, 0x00000254e8899eb0, 0x00000254ee729560,
0x00000254ee72d700, 0x00000254ee72f140, 0x00000254ee732c50, 0x00000254ee7304f0,
0x00000254e98cfc10, 0x00000254e98d1650, 0x00000254e98dc0f0, 0x00000254e9ee3070,
0x00000254e9ee3700, 0x00000254e9ee1630, 0x00000254e9ee5e60, 0x00000254e9ee4420,
0x00000254e924aab0, 0x00000254e924be60, 0x00000254e9249d90, 0x00000254e924ec50,
0x00000254e9250690, 0x00000254eac4e1b0, 0x00000254eac4c770, 0x00000254eac4b3c0,
0x00000254eac50910, 0x00000254eac50fa0, 0x00000254eac51630, 0x00000254ef298570,
0x00000254eac7ce30, 0x00000254eac7c7a0, 0x00000254eac7e1e0, 0x00000254eac7ad60,
0x00000254ea8f57c0, 0x00000254ea8f3060, 0x00000254ea8f7890, 0x00000254ea8f9960,
0x00000254e1ef2f30, 0x00000254e1ef07d0, 0x00000254e1ef0140, 0x00000254e8897de0,
0x00000254e8899820, 0x00000254e8882210, 0x00000254e887ed90, 0x00000254e88863b0,
0x00000254e8882f30, 0x00000254e88828a0, 0x00000254e8894ff0, 0x00000254e8884970,
0x00000254e888ccb0, 0x00000254e888d9d0, 0x00000254e8885000, 0x00000254e8883c50,
0x00000254e8885690, 0x00000254e888d340, 0x00000254e888a550, 0x00000254e888faa0,
0x00000254e88907c0, 0x00000254e888e060, 0x00000254e888f410, 0x00000254e88935b0,
0x00000254e8891b70, 0x00000254e8892200, 0x00000254e8890e50, 0x00000254ee7281b0,
0x00000254ee724d30, 0x00000254ee727490, 0x00000254ee725a50, 0x00000254ee728ed0,
0x00000254ee72afa0, 0x00000254ee72d070, 0x00000254ee7260e0, 0x00000254ee72a280,
0x00000254ee72b630
}

Java Threads: ( => current thread )
  0x0000025489539ba0 JavaThread "main"                              [_thread_blocked, id=16580, stack(0x000000e325000000,0x000000e325100000) (1024K)]
  0x00000254894281a0 JavaThread "Reference Handler"          daemon [_thread_blocked, id=16596, stack(0x000000e325400000,0x000000e325500000) (1024K)]
  0x000002548942a360 JavaThread "Finalizer"                  daemon [_thread_blocked, id=16600, stack(0x000000e325500000,0x000000e325600000) (1024K)]
  0x000002548942c530 JavaThread "Signal Dispatcher"          daemon [_thread_blocked, id=16604, stack(0x000000e325600000,0x000000e325700000) (1024K)]
  0x000002548942fea0 JavaThread "Attach Listener"            daemon [_thread_blocked, id=16608, stack(0x000000e325700000,0x000000e325800000) (1024K)]
  0x0000025489434a20 JavaThread "Service Thread"             daemon [_thread_blocked, id=16612, stack(0x000000e325800000,0x000000e325900000) (1024K)]
  0x0000025489435480 JavaThread "Monitor Deflation Thread"   daemon [_thread_blocked, id=16616, stack(0x000000e325900000,0x000000e325a00000) (1024K)]
=>0x0000025489436210 JavaThread "C2 CompilerThread0"         daemon [_thread_in_native, id=16620, stack(0x000000e325a00000,0x000000e325b00000) (1024K)]
  0x00000254894b6460 JavaThread "C1 CompilerThread0"         daemon [_thread_blocked, id=16624, stack(0x000000e325b00000,0x000000e325c00000) (1024K)]
  0x00000254e1c81170 JavaThread "Common-Cleaner"             daemon [_thread_blocked, id=16632, stack(0x000000e325c00000,0x000000e325d00000) (1024K)]
  0x00000254e1e393d0 JavaThread "Notification Thread"        daemon [_thread_blocked, id=16648, stack(0x000000e325e00000,0x000000e325f00000) (1024K)]
  0x00000254e6107100 JavaThread "Active Thread: Equinox Container: ecdf50a9-e2e3-4420-9c06-c42a23bf47a6"        [_thread_blocked, id=16840, stack(0x000000e326200000,0x000000e326300000) (1024K)]
  0x00000254e64991d0 JavaThread "Refresh Thread: Equinox Container: ecdf50a9-e2e3-4420-9c06-c42a23bf47a6" daemon [_thread_blocked, id=16872, stack(0x000000e325d00000,0x000000e325e00000) (1024K)]
  0x00000254e64a8b10 JavaThread "Framework Event Dispatcher: Equinox Container: ecdf50a9-e2e3-4420-9c06-c42a23bf47a6" daemon [_thread_blocked, id=16876, stack(0x000000e326300000,0x000000e326400000) (1024K)]
  0x00000254e64e7290 JavaThread "Start Level: Equinox Container: ecdf50a9-e2e3-4420-9c06-c42a23bf47a6" daemon [_thread_blocked, id=16880, stack(0x000000e326400000,0x000000e326500000) (1024K)]
  0x00000254e67f7450 JavaThread "Bundle File Closer"         daemon [_thread_blocked, id=16936, stack(0x000000e326600000,0x000000e326700000) (1024K)]
  0x00000254e6ced7a0 JavaThread "SCR Component Actor"        daemon [_thread_blocked, id=17028, stack(0x000000e326500000,0x000000e326600000) (1024K)]
  0x00000254e631eb90 JavaThread "Worker-JM"                         [_thread_blocked, id=17048, stack(0x000000e326800000,0x000000e326900000) (1024K)]
  0x00000254e631c550 JavaThread "JNA Cleaner"                daemon [_thread_blocked, id=17084, stack(0x000000e326700000,0x000000e326800000) (1024K)]
  0x00000254e631d270 JavaThread "Worker-0: Initialize workspace"        [_thread_blocked, id=17088, stack(0x000000e326900000,0x000000e326a00000) (1024K)]
  0x00000254e7770ec0 JavaThread "Java indexing"              daemon [_thread_blocked, id=17228, stack(0x000000e326d00000,0x000000e326e00000) (1024K)]
  0x00000254e7771550 JavaThread "Worker-3: Initialize workspace"        [_thread_blocked, id=17232, stack(0x000000e326e00000,0x000000e326f00000) (1024K)]
  0x00000254e776edf0 JavaThread "Worker-4: Initialize workspace"        [_thread_blocked, id=17252, stack(0x000000e327100000,0x000000e327200000) (1024K)]
  0x00000254e776f480 JavaThread "pool-2-thread-1"                   [_thread_blocked, id=17260, stack(0x000000e327300000,0x000000e327400000) (1024K)]
  0x00000254e776fb10 JavaThread "WorkspaceEventsHandler"            [_thread_blocked, id=17264, stack(0x000000e327400000,0x000000e327500000) (1024K)]
  0x00000254e77701a0 JavaThread "pool-1-thread-1"                   [_thread_in_Java, id=17268, stack(0x000000e327500000,0x000000e327600000) (1024K)]
  0x00000254e7770830 JavaThread "Timer-0"                           [_thread_blocked, id=17316, stack(0x000000e327700000,0x000000e327800000) (1024K)]
  0x00000254e77749d0 JavaThread "Worker-6: Initialize workspace"        [_thread_blocked, id=17400, stack(0x000000e327600000,0x000000e327700000) (1024K)]
  0x00000254e7773cb0 JavaThread "Timer-1"                           [_thread_blocked, id=12812, stack(0x000000e327900000,0x000000e327a00000) (1024K)]
  0x00000254e7774340 JavaThread "Timer-2"                           [_thread_blocked, id=16404, stack(0x000000e327a00000,0x000000e327b00000) (1024K)]
  0x00000254e7773620 JavaThread "Worker-8: Initialize workspace"        [_thread_blocked, id=7656, stack(0x000000e327b00000,0x000000e327c00000) (1024K)]
  0x00000254e7775d80 JavaThread "Timer-3"                           [_thread_blocked, id=4632, stack(0x000000e327d00000,0x000000e327e00000) (1024K)]
  0x00000254eac4d490 JavaThread "Timer-4"                           [_thread_blocked, id=2608, stack(0x000000e327f00000,0x000000e328000000) (1024K)]
  0x00000254eac4ba50 JavaThread "Worker-11: Initialize workspace"        [_thread_blocked, id=15820, stack(0x000000e328100000,0x000000e328200000) (1024K)]
  0x00000254eac4db20 JavaThread "Timer-5"                           [_thread_blocked, id=7408, stack(0x000000e328200000,0x000000e328300000) (1024K)]
  0x00000254eac4ce00 JavaThread "Worker-12: Initialize workspace"        [_thread_blocked, id=3420, stack(0x000000e328300000,0x000000e328400000) (1024K)]
  0x00000254eac4a6a0 JavaThread "Worker-13: Initialize workspace"        [_thread_blocked, id=1396, stack(0x000000e328400000,0x000000e328500000) (1024K)]
  0x00000254eac4c0e0 JavaThread "Timer-6"                           [_thread_blocked, id=7700, stack(0x000000e328500000,0x000000e328600000) (1024K)]
  0x00000254eac4ad30 JavaThread "Timer-7"                           [_thread_blocked, id=16656, stack(0x000000e328800000,0x000000e328900000) (1024K)]
  0x00000254eac4f560 JavaThread "Worker-17: Initialize workspace"        [_thread_blocked, id=16636, stack(0x000000e328900000,0x000000e328a00000) (1024K)]
  0x00000254eac4e840 JavaThread "Timer-8"                           [_thread_blocked, id=4592, stack(0x000000e328a00000,0x000000e328b00000) (1024K)]
  0x00000254eac4eed0 JavaThread "Worker-19: Initialize workspace"        [_thread_blocked, id=9136, stack(0x000000e328e00000,0x000000e328f00000) (1024K)]
  0x00000254eac4fbf0 JavaThread "Timer-9"                           [_thread_blocked, id=4380, stack(0x000000e328d00000,0x000000e328e00000) (1024K)]
  0x00000254e77756f0 JavaThread "Timer-10"                          [_thread_blocked, id=11500, stack(0x000000e329100000,0x000000e329200000) (1024K)]
  0x00000254eeb141c0 JavaThread "Worker-22: Initialize workspace"        [_thread_blocked, id=3320, stack(0x000000e329200000,0x000000e329300000) (1024K)]
  0x00000254eeb14850 JavaThread "Worker-23: Initialize workspace"        [_thread_blocked, id=6220, stack(0x000000e329300000,0x000000e329400000) (1024K)]
  0x00000254eeb13b30 JavaThread "Timer-11"                          [_thread_blocked, id=8100, stack(0x000000e329400000,0x000000e329500000) (1024K)]
  0x00000254eeb14ee0 JavaThread "Worker-25: Initialize workspace"        [_thread_blocked, id=7616, stack(0x000000e329600000,0x000000e329700000) (1024K)]
  0x00000254eeb16290 JavaThread "Timer-12"                          [_thread_blocked, id=14696, stack(0x000000e329700000,0x000000e329800000) (1024K)]
  0x00000254eeb16920 JavaThread "Worker-26: Initialize workspace"        [_thread_blocked, id=10112, stack(0x000000e329900000,0x000000e329a00000) (1024K)]
  0x00000254eeb189f0 JavaThread "Timer-13"                          [_thread_blocked, id=17004, stack(0x000000e329a00000,0x000000e329b00000) (1024K)]
  0x00000254eeb15c00 JavaThread "Worker-28: Initialize workspace"        [_thread_blocked, id=1476, stack(0x000000e329b00000,0x000000e329c00000) (1024K)]
  0x00000254eeb17cd0 JavaThread "Worker-29: Initialize workspace"        [_thread_blocked, id=8716, stack(0x000000e329c00000,0x000000e329d00000) (1024K)]
  0x00000254eeb19080 JavaThread "Timer-14"                          [_thread_blocked, id=16896, stack(0x000000e329d00000,0x000000e329e00000) (1024K)]
  0x00000254eeb17640 JavaThread "Timer-15"                          [_thread_blocked, id=8492, stack(0x000000e329f00000,0x000000e32a000000) (1024K)]
  0x00000254eeb19710 JavaThread "Worker-32: Initialize workspace"        [_thread_blocked, id=13476, stack(0x000000e327c00000,0x000000e327d00000) (1024K)]
  0x00000254eac7a6d0 JavaThread "Timer-16"                          [_thread_blocked, id=16868, stack(0x000000e32a300000,0x000000e32a400000) (1024K)]
  0x00000254eac7a040 JavaThread "Worker-34: Initialize workspace"        [_thread_blocked, id=12324, stack(0x000000e32a400000,0x000000e32a500000) (1024K)]
  0x00000254eac7b3f0 JavaThread "Timer-17"                          [_thread_blocked, id=12156, stack(0x000000e32a500000,0x000000e32a600000) (1024K)]
  0x00000254eac7d4c0 JavaThread "Timer-18"                          [_thread_blocked, id=17220, stack(0x000000e32a900000,0x000000e32aa00000) (1024K)]
  0x00000254eac7db50 JavaThread "Worker-38: Initialize workspace"        [_thread_blocked, id=12656, stack(0x000000e32aa00000,0x000000e32ab00000) (1024K)]
  0x00000254eac7e870 JavaThread "Worker-39: Initialize workspace"        [_thread_blocked, id=10796, stack(0x000000e32ab00000,0x000000e32ac00000) (1024K)]
  0x00000254eac7ba80 JavaThread "Timer-19"                          [_thread_blocked, id=8344, stack(0x000000e32ad00000,0x000000e32ae00000) (1024K)]
  0x00000254eac7f590 JavaThread "Worker-41: Initialize workspace"        [_thread_blocked, id=7760, stack(0x000000e32ae00000,0x000000e32af00000) (1024K)]
  0x00000254eac7c110 JavaThread "Timer-20"                          [_thread_blocked, id=10940, stack(0x000000e32af00000,0x000000e32b000000) (1024K)]
  0x00000254eac802b0 JavaThread "Timer-21"                          [_thread_blocked, id=12852, stack(0x000000e32b200000,0x000000e32b300000) (1024K)]
  0x00000254eac80940 JavaThread "Worker-44: Initialize workspace"        [_thread_blocked, id=5792, stack(0x000000e32b300000,0x000000e32b400000) (1024K)]
  0x00000254eac80fd0 JavaThread "Worker-45: Initialize workspace"        [_thread_blocked, id=14280, stack(0x000000e32b400000,0x000000e32b500000) (1024K)]
  0x00000254eac4a010 JavaThread "Timer-22"                          [_thread_blocked, id=17116, stack(0x000000e32b500000,0x000000e32b600000) (1024K)]
  0x00000254eb2aba10 JavaThread "Worker-46: Initialize workspace"        [_thread_blocked, id=17056, stack(0x000000e32b600000,0x000000e32b700000) (1024K)]
  0x00000254eb2aacf0 JavaThread "Timer-23"                          [_thread_blocked, id=17052, stack(0x000000e32b800000,0x000000e32b900000) (1024K)]
  0x00000254eb2aa660 JavaThread "Timer-24"                          [_thread_blocked, id=2668, stack(0x000000e32bb00000,0x000000e32bc00000) (1024K)]
  0x00000254eb2ad450 JavaThread "Worker-50: Initialize workspace"        [_thread_blocked, id=12768, stack(0x000000e32bc00000,0x000000e32bd00000) (1024K)]
  0x00000254eb2ac730 JavaThread "Worker-52: Initialize workspace"        [_thread_blocked, id=9040, stack(0x000000e32b700000,0x000000e32b800000) (1024K)]
  0x00000254eb2adae0 JavaThread "Timer-25"                          [_thread_blocked, id=8840, stack(0x000000e327800000,0x000000e327900000) (1024K)]
  0x00000254eb2acdc0 JavaThread "Worker-55: Initialize workspace"        [_thread_blocked, id=3624, stack(0x000000e32ba00000,0x000000e32bb00000) (1024K)]
  0x00000254e924a420 JavaThread "Timer-26"                          [_thread_blocked, id=13664, stack(0x000000e32be00000,0x000000e32bf00000) (1024K)]
  0x00000254e924df30 JavaThread "Timer-27"                          [_thread_blocked, id=8016, stack(0x000000e32c100000,0x000000e32c200000) (1024K)]
  0x00000254e924b7d0 JavaThread "Worker-65: Initialize workspace"        [_thread_blocked, id=11320, stack(0x000000e32c200000,0x000000e32c300000) (1024K)]
  0x00000254e924b140 JavaThread "Worker-68: Initialize workspace"        [_thread_blocked, id=17036, stack(0x000000e32c000000,0x000000e32c100000) (1024K)]
  0x00000254e924e5c0 JavaThread "Timer-28"                          [_thread_blocked, id=3112, stack(0x000000e32c500000,0x000000e32c600000) (1024K)]
  0x00000254e924f2e0 JavaThread "Timer-29"                          [_thread_blocked, id=11224, stack(0x000000e32c600000,0x000000e32c700000) (1024K)]
  0x00000254e924d8a0 JavaThread "Worker-79: Initialize workspace"        [_thread_blocked, id=8740, stack(0x000000e32c800000,0x000000e32c900000) (1024K)]
  0x00000254e924cb80 JavaThread "Timer-30"                          [_thread_blocked, id=13500, stack(0x000000e32cb00000,0x000000e32cc00000) (1024K)]
  0x00000254e9250000 JavaThread "Worker-87: Initialize workspace"        [_thread_blocked, id=4260, stack(0x000000e32ca00000,0x000000e32cb00000) (1024K)]
  0x00000254e924d210 JavaThread "Timer-31"                          [_thread_blocked, id=14444, stack(0x000000e32cd00000,0x000000e32ce00000) (1024K)]
  0x00000254e92513b0 JavaThread "Worker-92: Initialize workspace"        [_thread_blocked, id=3856, stack(0x000000e32cf00000,0x000000e32d000000) (1024K)]
  0x00000254eac7fc20 JavaThread "Worker-94: Initialize workspace"        [_thread_blocked, id=8464, stack(0x000000e32d000000,0x000000e32d100000) (1024K)]
  0x00000254ea8f5e50 JavaThread "Timer-32"                          [_thread_blocked, id=13196, stack(0x000000e32d100000,0x000000e32d200000) (1024K)]
  0x00000254ea8f64e0 JavaThread "Worker-98: Initialize workspace"        [_thread_blocked, id=11660, stack(0x000000e32ce00000,0x000000e32cf00000) (1024K)]
  0x00000254ea8f5130 JavaThread "Timer-33"                          [_thread_blocked, id=6692, stack(0x000000e32d400000,0x000000e32d500000) (1024K)]
  0x00000254ea8f3d80 JavaThread "Timer-34"                          [_thread_blocked, id=11772, stack(0x000000e32d700000,0x000000e32d800000) (1024K)]
  0x00000254ea8f6b70 JavaThread "Worker-104: Initialize workspace"        [_thread_blocked, id=3660, stack(0x000000e32d600000,0x000000e32d700000) (1024K)]
  0x00000254ea8f4410 JavaThread "Timer-35"                          [_thread_blocked, id=16136, stack(0x000000e32d900000,0x000000e32da00000) (1024K)]
  0x00000254ea8f4aa0 JavaThread "Worker-109: Initialize workspace"        [_thread_blocked, id=14296, stack(0x000000e32dc00000,0x000000e32dd00000) (1024K)]
  0x00000254ea8f8c40 JavaThread "Timer-36"                          [_thread_blocked, id=17404, stack(0x000000e32da00000,0x000000e32db00000) (1024K)]
  0x00000254ea8f9ff0 JavaThread "Worker-113: Initialize workspace"        [_thread_blocked, id=15028, stack(0x000000e32dd00000,0x000000e32de00000) (1024K)]
  0x00000254ea8f7f20 JavaThread "Timer-37"                          [_thread_blocked, id=16128, stack(0x000000e32db00000,0x000000e32dc00000) (1024K)]
  0x00000254ea8f85b0 JavaThread "Worker-115: Initialize workspace"        [_thread_blocked, id=17072, stack(0x000000e32e200000,0x000000e32e300000) (1024K)]
  0x00000254ea8fa680 JavaThread "Worker-118: Initialize workspace"        [_thread_blocked, id=10980, stack(0x000000e32e000000,0x000000e32e100000) (1024K)]
  0x00000254e9250d20 JavaThread "Timer-38"                          [_thread_blocked, id=1848, stack(0x000000e32e300000,0x000000e32e400000) (1024K)]
  0x00000254e7913bc0 JavaThread "Worker-123: Initialize workspace"        [_thread_blocked, id=5732, stack(0x000000e32e100000,0x000000e32e200000) (1024K)]
  0x00000254e79148e0 JavaThread "Timer-39"                          [_thread_blocked, id=5204, stack(0x000000e32e600000,0x000000e32e700000) (1024K)]
  0x00000254e7914250 JavaThread "Timer-40"                          [_thread_blocked, id=16012, stack(0x000000e32e900000,0x000000e32ea00000) (1024K)]
  0x00000254e7912ea0 JavaThread "Worker-130: Initialize workspace"        [_thread_blocked, id=6848, stack(0x000000e32eb00000,0x000000e32ec00000) (1024K)]
  0x00000254ea8f7200 JavaThread "Timer-41"                          [_thread_blocked, id=15324, stack(0x000000e32ec00000,0x000000e32ed00000) (1024K)]
  0x00000254e84e83d0 JavaThread "Worker-137: Initialize workspace"        [_thread_blocked, id=9572, stack(0x000000e32e400000,0x000000e32e500000) (1024K)]
  0x00000254e84e8a60 JavaThread "Worker-139: Initialize workspace"        [_thread_blocked, id=5408, stack(0x000000e32ea00000,0x000000e32eb00000) (1024K)]
  0x00000254e84e76b0 JavaThread "Timer-42"                          [_thread_blocked, id=1780, stack(0x000000e32ef00000,0x000000e32f000000) (1024K)]
  0x00000254e84e6990 JavaThread "Worker-142: Initialize workspace"        [_thread_blocked, id=9132, stack(0x000000e32f100000,0x000000e32f200000) (1024K)]
  0x00000254e84e7d40 JavaThread "Timer-43"                          [_thread_blocked, id=17332, stack(0x000000e32f200000,0x000000e32f300000) (1024K)]
  0x00000254e7912810 JavaThread "Timer-44"                          [_thread_blocked, id=11580, stack(0x000000e32f500000,0x000000e32f600000) (1024K)]
  0x00000254e1ef1b80 JavaThread "Worker-151: Initialize workspace"        [_thread_blocked, id=9980, stack(0x000000e32f600000,0x000000e32f700000) (1024K)]
  0x00000254e1ef0e60 JavaThread "Timer-45"                          [_thread_blocked, id=996, stack(0x000000e32f900000,0x000000e32fa00000) (1024K)]
  0x00000254e1eeed90 JavaThread "Worker-154: Initialize workspace"        [_thread_blocked, id=5884, stack(0x000000e32fb00000,0x000000e32fc00000) (1024K)]
  0x00000254e1ef2210 JavaThread "Worker-155: Initialize workspace"        [_thread_blocked, id=10872, stack(0x000000e32f700000,0x000000e32f800000) (1024K)]
  0x00000254e1ef28a0 JavaThread "Timer-46"                          [_thread_blocked, id=8912, stack(0x000000e32f800000,0x000000e32f900000) (1024K)]
  0x00000254e1eefab0 JavaThread "Timer-47"                          [_thread_blocked, id=14344, stack(0x000000e32fc00000,0x000000e32fd00000) (1024K)]
  0x00000254e1ef35c0 JavaThread "Worker-159: Initialize workspace"        [_thread_blocked, id=10384, stack(0x000000e32fe00000,0x000000e32ff00000) (1024K)]
  0x00000254e1ef5d20 JavaThread "Timer-48"                          [_thread_blocked, id=7476, stack(0x000000e330100000,0x000000e330200000) (1024K)]
  0x00000254e1eef420 JavaThread "Worker-164: Initialize workspace"        [_thread_blocked, id=17012, stack(0x000000e32fa00000,0x000000e32fb00000) (1024K)]
  0x00000254e1ef5690 JavaThread "Timer-49"                          [_thread_blocked, id=1440, stack(0x000000e330400000,0x000000e330500000) (1024K)]
  0x00000254e1ef42e0 JavaThread "Worker-173: Initialize workspace"        [_thread_blocked, id=12112, stack(0x000000e330300000,0x000000e330400000) (1024K)]
  0x00000254e1ef63b0 JavaThread "Timer-50"                          [_thread_blocked, id=3272, stack(0x000000e330200000,0x000000e330300000) (1024K)]
  0x00000254e84e6300 JavaThread "Worker-179: Initialize workspace"        [_thread_blocked, id=3456, stack(0x000000e330800000,0x000000e330900000) (1024K)]
  0x00000254e7915600 JavaThread "Worker-180: Initialize workspace"        [_thread_blocked, id=536, stack(0x000000e330600000,0x000000e330700000) (1024K)]
  0x00000254e98d0fc0 JavaThread "Timer-51"                          [_thread_blocked, id=17008, stack(0x000000e330900000,0x000000e330a00000) (1024K)]
  0x00000254e98d1ce0 JavaThread "Worker-183: Initialize workspace"        [_thread_blocked, id=2188, stack(0x000000e330700000,0x000000e330800000) (1024K)]
  0x00000254e98cf580 JavaThread "Timer-52"                          [_thread_blocked, id=13124, stack(0x000000e330b00000,0x000000e330c00000) (1024K)]
  0x00000254e98ce860 JavaThread "Timer-53"                          [_thread_blocked, id=17040, stack(0x000000e331000000,0x000000e331100000) (1024K)]
  0x00000254e98d2370 JavaThread "Worker-193: Initialize workspace"        [_thread_blocked, id=12144, stack(0x000000e331200000,0x000000e331300000) (1024K)]
  0x00000254e98d3090 JavaThread "PatternSearchJob-worker-1"  daemon [_thread_blocked, id=8272, stack(0x000000e331100000,0x000000e331200000) (1024K)]
  0x00000254e98d02a0 JavaThread "Timer-54"                          [_thread_blocked, id=14064, stack(0x000000e331400000,0x000000e331500000) (1024K)]
  0x00000254e98d3720 JavaThread "Worker-198: Initialize workspace"        [_thread_blocked, id=17068, stack(0x000000e330f00000,0x000000e331000000) (1024K)]
  0x00000254e98d4440 JavaThread "Connection worker"                 [_thread_blocked, id=6352, stack(0x000000e331500000,0x000000e331600000) (1024K)]
  0x00000254e98d5160 JavaThread "Connection worker"                 [_thread_blocked, id=5032, stack(0x000000e331600000,0x000000e331700000) (1024K)]
  0x00000254e98d5e80 JavaThread "Connection worker"                 [_thread_blocked, id=5576, stack(0x000000e331700000,0x000000e331800000) (1024K)]
  0x00000254e98d57f0 JavaThread "Connection worker"                 [_thread_blocked, id=9580, stack(0x000000e331800000,0x000000e331900000) (1024K)]
  0x00000254e98d3db0 JavaThread "Connection worker"                 [_thread_blocked, id=13604, stack(0x000000e331900000,0x000000e331a00000) (1024K)]
  0x00000254e98d2a00 JavaThread "Connection worker"                 [_thread_blocked, id=9412, stack(0x000000e331a00000,0x000000e331b00000) (1024K)]
  0x00000254e98d9300 JavaThread "Connection worker"                 [_thread_blocked, id=3852, stack(0x000000e331b00000,0x000000e331c00000) (1024K)]
  0x00000254e98d7230 JavaThread "Timer-55"                          [_thread_blocked, id=14136, stack(0x000000e331e00000,0x000000e331f00000) (1024K)]
  0x00000254e98d8c70 JavaThread "Connection worker"                 [_thread_blocked, id=14012, stack(0x000000e332000000,0x000000e332100000) (1024K)]
  0x00000254e98d9990 JavaThread "Connection worker"                 [_thread_blocked, id=7088, stack(0x000000e332100000,0x000000e332200000) (1024K)]
  0x00000254e98d78c0 JavaThread "Connection worker"                 [_thread_blocked, id=9504, stack(0x000000e332200000,0x000000e332300000) (1024K)]
  0x00000254e98dba60 JavaThread "Connection worker"                 [_thread_blocked, id=9424, stack(0x000000e332300000,0x000000e332400000) (1024K)]
  0x00000254e98d6510 JavaThread "Connection worker"                 [_thread_blocked, id=16344, stack(0x000000e332400000,0x000000e332500000) (1024K)]
  0x00000254e98da020 JavaThread "Connection worker"                 [_thread_blocked, id=9148, stack(0x000000e332500000,0x000000e332600000) (1024K)]
  0x00000254e98dad40 JavaThread "Connection worker"                 [_thread_blocked, id=15380, stack(0x000000e332600000,0x000000e332700000) (1024K)]
  0x00000254e98db3d0 JavaThread "Connection worker"                 [_thread_blocked, id=14184, stack(0x000000e332800000,0x000000e332900000) (1024K)]
  0x00000254e98dd4a0 JavaThread "Connection worker"                 [_thread_blocked, id=14008, stack(0x000000e332a00000,0x000000e332b00000) (1024K)]
  0x00000254e98dce10 JavaThread "Connection worker"                 [_thread_blocked, id=17340, stack(0x000000e332b00000,0x000000e332c00000) (1024K)]
  0x00000254e98da6b0 JavaThread "Connection worker"                 [_thread_blocked, id=16284, stack(0x000000e332c00000,0x000000e332d00000) (1024K)]
  0x00000254e98ddb30 JavaThread "Connection worker"                 [_thread_blocked, id=2104, stack(0x000000e332d00000,0x000000e332e00000) (1024K)]
  0x00000254e1ef4970 JavaThread "Connection worker"                 [_thread_blocked, id=12524, stack(0x000000e332e00000,0x000000e332f00000) (1024K)]
  0x00000254e84e55e0 JavaThread "Connection worker"                 [_thread_blocked, id=17324, stack(0x000000e332f00000,0x000000e333000000) (1024K)]
  0x00000254e9ee0fa0 JavaThread "Connection worker"                 [_thread_blocked, id=9676, stack(0x000000e333000000,0x000000e333100000) (1024K)]
  0x00000254e9ee2350 JavaThread "Connection worker"                 [_thread_blocked, id=3392, stack(0x000000e331f00000,0x000000e332000000) (1024K)]
  0x00000254e9ee29e0 JavaThread "Connection worker"                 [_thread_blocked, id=9656, stack(0x000000e333200000,0x000000e333300000) (1024K)]
  0x00000254e9edf560 JavaThread "Connection worker"                 [_thread_blocked, id=6016, stack(0x000000e333300000,0x000000e333400000) (1024K)]
  0x00000254e9ee1cc0 JavaThread "Connection worker"                 [_thread_blocked, id=14924, stack(0x000000e333400000,0x000000e333500000) (1024K)]
  0x00000254e9edfbf0 JavaThread "Connection worker"                 [_thread_blocked, id=892, stack(0x000000e333600000,0x000000e333700000) (1024K)]
  0x00000254e9ee0280 JavaThread "Connection worker"                 [_thread_blocked, id=10192, stack(0x000000e333700000,0x000000e333800000) (1024K)]
  0x00000254e9ee3d90 JavaThread "Connection worker"                 [_thread_blocked, id=17348, stack(0x000000e333900000,0x000000e333a00000) (1024K)]
  0x00000254e9ee0910 JavaThread "Connection worker"                 [_thread_blocked, id=6524, stack(0x000000e333a00000,0x000000e333b00000) (1024K)]
  0x00000254e9ee64f0 JavaThread "Connection worker"                 [_thread_blocked, id=12216, stack(0x000000e333c00000,0x000000e333d00000) (1024K)]
  0x00000254e9ee78a0 JavaThread "Connection worker"                 [_thread_blocked, id=3664, stack(0x000000e333d00000,0x000000e333e00000) (1024K)]
  0x00000254e9ee4ab0 JavaThread "Connection worker"                 [_thread_blocked, id=3396, stack(0x000000e331300000,0x000000e331400000) (1024K)]
  0x00000254e9ee7210 JavaThread "Connection worker"                 [_thread_blocked, id=2464, stack(0x000000e333f00000,0x000000e334000000) (1024K)]
  0x00000254e9ee57d0 JavaThread "Connection worker"                 [_thread_blocked, id=4132, stack(0x000000e331d00000,0x000000e331e00000) (1024K)]
  0x00000254e9ee7f30 JavaThread "Connection worker"                 [_thread_blocked, id=16388, stack(0x000000e334000000,0x000000e334100000) (1024K)]
  0x00000254e9ee5140 JavaThread "Connection worker"                 [_thread_blocked, id=16420, stack(0x000000e334200000,0x000000e334300000) (1024K)]
  0x00000254e9ee8c50 JavaThread "Connection worker"                 [_thread_blocked, id=13692, stack(0x000000e334300000,0x000000e334400000) (1024K)]
  0x00000254e9ee92e0 JavaThread "Connection worker"                 [_thread_blocked, id=17292, stack(0x000000e334400000,0x000000e334500000) (1024K)]
  0x00000254e9eeb3b0 JavaThread "Connection worker"                 [_thread_blocked, id=12120, stack(0x000000e334500000,0x000000e334600000) (1024K)]
  0x00000254e9eead20 JavaThread "Connection worker"                 [_thread_blocked, id=15356, stack(0x000000e334100000,0x000000e334200000) (1024K)]
  0x00000254e9ee85c0 JavaThread "Connection worker"                 [_thread_blocked, id=6004, stack(0x000000e334700000,0x000000e334800000) (1024K)]
  0x00000254e9eec0d0 JavaThread "Connection worker"                 [_thread_blocked, id=6380, stack(0x000000e334800000,0x000000e334900000) (1024K)]
  0x00000254e9eec760 JavaThread "Connection worker"                 [_thread_blocked, id=7392, stack(0x000000e334900000,0x000000e334a00000) (1024K)]
  0x00000254e9eecdf0 JavaThread "Connection worker"                 [_thread_blocked, id=1892, stack(0x000000e334a00000,0x000000e334b00000) (1024K)]
  0x00000254e9ee9970 JavaThread "Connection worker"                 [_thread_blocked, id=12744, stack(0x000000e334c00000,0x000000e334d00000) (1024K)]
  0x00000254e9eed480 JavaThread "Connection worker"                 [_thread_blocked, id=15180, stack(0x000000e334b00000,0x000000e334c00000) (1024K)]
  0x00000254e9eedb10 JavaThread "pool-4-thread-1"                   [_thread_blocked, id=9972, stack(0x000000e335000000,0x000000e335100000) (1024K)]
  0x00000254e9eea690 JavaThread "pool-5-thread-1"                   [_thread_blocked, id=16736, stack(0x000000e335100000,0x000000e335200000) (1024K)]
  0x00000254e9eee1a0 JavaThread "pool-6-thread-1"                   [_thread_blocked, id=15376, stack(0x000000e335200000,0x000000e335300000) (1024K)]
  0x00000254e9eee830 JavaThread "pool-7-thread-1"                   [_thread_blocked, id=7932, stack(0x000000e335300000,0x000000e335400000) (1024K)]
  0x00000254e98d4ad0 JavaThread "pool-8-thread-1"                   [_thread_blocked, id=16320, stack(0x000000e335400000,0x000000e335500000) (1024K)]
  0x00000254e98d85e0 JavaThread "pool-9-thread-1"                   [_thread_blocked, id=17328, stack(0x000000e335500000,0x000000e335600000) (1024K)]
  0x00000254e98d6ba0 JavaThread "pool-10-thread-1"                  [_thread_blocked, id=2596, stack(0x000000e335600000,0x000000e335700000) (1024K)]
  0x00000254ef5aa910 JavaThread "pool-11-thread-1"                  [_thread_blocked, id=15088, stack(0x000000e335700000,0x000000e335800000) (1024K)]
  0x00000254ef5aafa0 JavaThread "pool-12-thread-1"                  [_thread_blocked, id=1968, stack(0x000000e335800000,0x000000e335900000) (1024K)]
  0x00000254ef5ab630 JavaThread "pool-13-thread-1"                  [_thread_blocked, id=7160, stack(0x000000e335900000,0x000000e335a00000) (1024K)]
  0x00000254ef5a9bf0 JavaThread "pool-14-thread-1"                  [_thread_blocked, id=13320, stack(0x000000e335a00000,0x000000e335b00000) (1024K)]
  0x00000254ef5a9560 JavaThread "pool-15-thread-1"                  [_thread_blocked, id=11232, stack(0x000000e335b00000,0x000000e335c00000) (1024K)]
  0x00000254ef5aa280 JavaThread "pool-16-thread-1"                  [_thread_blocked, id=9304, stack(0x000000e335c00000,0x000000e335d00000) (1024K)]
  0x00000254ef5abcc0 JavaThread "pool-17-thread-1"                  [_thread_blocked, id=16700, stack(0x000000e335d00000,0x000000e335e00000) (1024K)]
  0x00000254ef5a8840 JavaThread "pool-19-thread-1"                  [_thread_blocked, id=1696, stack(0x000000e335e00000,0x000000e335f00000) (1024K)]
  0x00000254ef5ac350 JavaThread "pool-18-thread-1"                  [_thread_blocked, id=14104, stack(0x000000e335f00000,0x000000e336000000) (1024K)]
  0x00000254ef5a8ed0 JavaThread "pool-21-thread-1"                  [_thread_blocked, id=14132, stack(0x000000e336000000,0x000000e336100000) (1024K)]
  0x00000254ef5afe60 JavaThread "pool-20-thread-1"                  [_thread_blocked, id=2096, stack(0x000000e336100000,0x000000e336200000) (1024K)]
  0x00000254ef5af140 JavaThread "pool-22-thread-1"                  [_thread_blocked, id=7360, stack(0x000000e336200000,0x000000e336300000) (1024K)]
  0x00000254ef5ac9e0 JavaThread "pool-25-thread-1"                  [_thread_blocked, id=12460, stack(0x000000e336300000,0x000000e336400000) (1024K)]
  0x00000254ef5ad070 JavaThread "pool-24-thread-1"                  [_thread_blocked, id=2056, stack(0x000000e336400000,0x000000e336500000) (1024K)]
  0x00000254ef5aeab0 JavaThread "pool-27-thread-1"                  [_thread_blocked, id=9636, stack(0x000000e336600000,0x000000e336700000) (1024K)]
  0x00000254ef5add90 JavaThread "pool-23-thread-1"                  [_thread_blocked, id=10376, stack(0x000000e336700000,0x000000e336800000) (1024K)]
  0x00000254ef5ae420 JavaThread "pool-30-thread-1"                  [_thread_blocked, id=3032, stack(0x000000e336800000,0x000000e336900000) (1024K)]
  0x00000254ef5af7d0 JavaThread "pool-34-thread-1"                  [_thread_blocked, id=5200, stack(0x000000e336900000,0x000000e336a00000) (1024K)]
  0x00000254ef293020 JavaThread "pool-39-thread-1"                  [_thread_blocked, id=9724, stack(0x000000e336a00000,0x000000e336b00000) (1024K)]
  0x00000254ef292300 JavaThread "pool-31-thread-1"                  [_thread_blocked, id=4452, stack(0x000000e336b00000,0x000000e336c00000) (1024K)]
  0x00000254ef2936b0 JavaThread "pool-40-thread-1"                  [_thread_blocked, id=2448, stack(0x000000e336c00000,0x000000e336d00000) (1024K)]
  0x00000254ef293d40 JavaThread "pool-41-thread-1"                  [_thread_blocked, id=9544, stack(0x000000e336d00000,0x000000e336e00000) (1024K)]
  0x00000254ef292990 JavaThread "pool-32-thread-1"                  [_thread_blocked, id=10728, stack(0x000000e336e00000,0x000000e336f00000) (1024K)]
  0x00000254ef2943d0 JavaThread "pool-45-thread-1"                  [_thread_blocked, id=16468, stack(0x000000e336f00000,0x000000e337000000) (1024K)]
  0x00000254ef294a60 JavaThread "pool-50-thread-1"                  [_thread_blocked, id=14000, stack(0x000000e337000000,0x000000e337100000) (1024K)]
  0x00000254ef295780 JavaThread "pool-38-thread-1"                  [_thread_blocked, id=12860, stack(0x000000e337500000,0x000000e337600000) (1024K)]
  0x00000254ef295e10 JavaThread "pool-28-thread-1"                  [_thread_blocked, id=14992, stack(0x000000e337600000,0x000000e337700000) (1024K)]
  0x00000254ef297850 JavaThread "pool-43-thread-1"                  [_thread_blocked, id=10844, stack(0x000000e337700000,0x000000e337800000) (1024K)]
  0x00000254ef2964a0 JavaThread "pool-42-thread-1"                  [_thread_blocked, id=14608, stack(0x000000e337800000,0x000000e337900000) (1024K)]
  0x00000254ef299290 JavaThread "pool-44-thread-1"                  [_thread_blocked, id=9160, stack(0x000000e337900000,0x000000e337a00000) (1024K)]
  0x00000254ef299920 JavaThread "pool-46-thread-1"                  [_thread_blocked, id=16544, stack(0x000000e337a00000,0x000000e337b00000) (1024K)]
  0x00000254ef296b30 JavaThread "pool-33-thread-1"                  [_thread_blocked, id=16356, stack(0x000000e337b00000,0x000000e337c00000) (1024K)]
  0x00000254ef299fb0 JavaThread "pool-48-thread-1"                  [_thread_blocked, id=3012, stack(0x000000e337d00000,0x000000e337e00000) (1024K)]
  0x00000254ef29a640 JavaThread "pool-49-thread-1"                  [_thread_blocked, id=14768, stack(0x000000e337e00000,0x000000e337f00000) (1024K)]
  0x00000254ef29acd0 JavaThread "pool-35-thread-1"                  [_thread_blocked, id=12208, stack(0x000000e337f00000,0x000000e338000000) (1024K)]
  0x00000254ef29b360 JavaThread "pool-51-thread-1"                  [_thread_blocked, id=10116, stack(0x000000e338000000,0x000000e338100000) (1024K)]
  0x00000254ef297ee0 JavaThread "pool-52-thread-1"                  [_thread_blocked, id=7832, stack(0x000000e338100000,0x000000e338200000) (1024K)]
  0x00000254ef29c710 JavaThread "pool-53-thread-1"                  [_thread_blocked, id=8308, stack(0x000000e338200000,0x000000e338300000) (1024K)]
  0x00000254ef29b9f0 JavaThread "pool-54-thread-1"                  [_thread_blocked, id=4076, stack(0x000000e338300000,0x000000e338400000) (1024K)]
  0x00000254ef29d430 JavaThread "pool-29-thread-1"                  [_thread_blocked, id=10072, stack(0x000000e338400000,0x000000e338500000) (1024K)]
  0x00000254ef29dac0 JavaThread "Exec process"                      [_thread_in_native, id=7664, stack(0x000000e338500000,0x000000e338600000) (1024K)]
  0x00000254ef29e150 JavaThread "Exec process"                      [_thread_in_native, id=11276, stack(0x000000e338600000,0x000000e338700000) (1024K)]
  0x00000254ef29cda0 JavaThread "Exec process"                      [_thread_in_native, id=14476, stack(0x000000e338700000,0x000000e338800000) (1024K)]
  0x00000254ef29ee70 JavaThread "Exec process"                      [_thread_in_native, id=8768, stack(0x000000e338800000,0x000000e338900000) (1024K)]
  0x00000254ef29e7e0 JavaThread "Exec process"                      [_thread_in_native, id=10720, stack(0x000000e338900000,0x000000e338a00000) (1024K)]
  0x00000254ef29f500 JavaThread "Exec process"                      [_thread_in_native, id=15024, stack(0x000000e338a00000,0x000000e338b00000) (1024K)]
  0x00000254ef29c080 JavaThread "Exec process"                      [_thread_in_native, id=13244, stack(0x000000e338b00000,0x000000e338c00000) (1024K)]
  0x00000254ef29fb90 JavaThread "Exec process"                      [_thread_in_native, id=16120, stack(0x000000e338c00000,0x000000e338d00000) (1024K)]
  0x00000254ef2a0220 JavaThread "Exec process"                      [_thread_in_native, id=15772, stack(0x000000e338d00000,0x000000e338e00000) (1024K)]
  0x00000254ef2a08b0 JavaThread "Exec process"                      [_thread_in_native, id=17176, stack(0x000000e338f00000,0x000000e339000000) (1024K)]
  0x00000254e92ceab0 JavaThread "Exec process"                      [_thread_in_native, id=8864, stack(0x000000e339000000,0x000000e339100000) (1024K)]
  0x00000254e92cf140 JavaThread "Exec process"                      [_thread_in_native, id=4916, stack(0x000000e339200000,0x000000e339300000) (1024K)]
  0x00000254e92cfe60 JavaThread "Exec process"                      [_thread_in_native, id=13968, stack(0x000000e339300000,0x000000e339400000) (1024K)]
  0x00000254e92cd070 JavaThread "Exec process"                      [_thread_in_native, id=10012, stack(0x000000e339500000,0x000000e339600000) (1024K)]
  0x00000254e92d1210 JavaThread "Exec process"                      [_thread_in_native, id=11832, stack(0x000000e339700000,0x000000e339800000) (1024K)]
  0x00000254e92ce420 JavaThread "PatternSearchJob-worker-2"  daemon [_thread_blocked, id=13576, stack(0x000000e339800000,0x000000e339900000) (1024K)]
  0x00000254e92cdd90 JavaThread "PatternSearchJob-worker-3"  daemon [_thread_blocked, id=8668, stack(0x000000e339900000,0x000000e339a00000) (1024K)]
  0x00000254e92d3970 JavaThread "Exec process"                      [_thread_in_native, id=17064, stack(0x000000e339a00000,0x000000e339b00000) (1024K)]
  0x00000254e92d25c0 JavaThread "Exec process"                      [_thread_in_native, id=12992, stack(0x000000e339b00000,0x000000e339c00000) (1024K)]
  0x00000254e92d2c50 JavaThread "Exec process"                      [_thread_in_native, id=1564, stack(0x000000e339c00000,0x000000e339d00000) (1024K)]
  0x00000254e92d4000 JavaThread "Exec process"                      [_thread_in_native, id=8696, stack(0x000000e339d00000,0x000000e339e00000) (1024K)]
  0x00000254e92d1f30 JavaThread "Exec process"                      [_thread_in_native, id=12840, stack(0x000000e33a200000,0x000000e33a300000) (1024K)]
  0x00000254e92d9be0 JavaThread "Exec process"                      [_thread_in_native, id=17320, stack(0x000000e33aa00000,0x000000e33ab00000) (1024K)]
  0x00000254e92dc340 JavaThread "Exec process"                      [_thread_in_native, id=2272, stack(0x000000e33b300000,0x000000e33b400000) (1024K)]
  0x00000254ee7246a0 JavaThread "Exec process"                      [_thread_in_native, id=17420, stack(0x000000e33b800000,0x000000e33b900000) (1024K)]
  0x00000254ee727b20 JavaThread "Exec process"                      [_thread_in_native, id=17440, stack(0x000000e33bb00000,0x000000e33bc00000) (1024K)]
  0x00000254ee726770 JavaThread "Exec process"                      [_thread_in_native, id=17452, stack(0x000000e33be00000,0x000000e33bf00000) (1024K)]
  0x00000254ee728840 JavaThread "Exec process"                      [_thread_in_native, id=17464, stack(0x000000e338e00000,0x000000e338f00000) (1024K)]
  0x00000254ee7253c0 JavaThread "Exec process"                      [_thread_in_native, id=17788, stack(0x000000e32f000000,0x000000e32f100000) (1024K)]
  0x00000254ee726e00 JavaThread "Exec process"                      [_thread_in_native, id=17816, stack(0x000000e33a000000,0x000000e33a100000) (1024K)]
  0x00000254ee72f7d0 JavaThread "Exec process"                      [_thread_in_native, id=17876, stack(0x000000e33c300000,0x000000e33c400000) (1024K)]
  0x00000254ee731210 JavaThread "Exec process"                      [_thread_in_native, id=17964, stack(0x000000e33ca00000,0x000000e33cb00000) (1024K)]
  0x00000254ee733970 JavaThread "Exec process"                      [_thread_in_native, id=18000, stack(0x000000e33cd00000,0x000000e33ce00000) (1024K)]
  0x00000254ee730b80 JavaThread "Exec process"                      [_thread_in_native, id=18028, stack(0x000000e33ce00000,0x000000e33cf00000) (1024K)]
  0x00000254e92d0b80 JavaThread "Exec process"                      [_thread_in_native, id=18044, stack(0x000000e33cf00000,0x000000e33d000000) (1024K)]
  0x00000254e92cf7d0 JavaThread "Exec process"                      [_thread_in_native, id=18144, stack(0x000000e33ab00000,0x000000e33ac00000) (1024K)]
  0x00000254e92d6760 JavaThread "Exec process"                      [_thread_in_native, id=18148, stack(0x000000e33b400000,0x000000e33b500000) (1024K)]
  0x00000254e92d53b0 JavaThread "Exec process"                      [_thread_in_native, id=18152, stack(0x000000e33b900000,0x000000e33ba00000) (1024K)]
  0x00000254e92d32e0 JavaThread "Exec process"                      [_thread_in_native, id=18156, stack(0x000000e33c000000,0x000000e33c100000) (1024K)]
  0x00000254ee72a910 JavaThread "Exec process"                      [_thread_in_native, id=18212, stack(0x000000e33d200000,0x000000e33d300000) (1024K)]
  0x00000254ee72c350 JavaThread "Exec process"                      [_thread_in_native, id=18240, stack(0x000000e33d500000,0x000000e33d600000) (1024K)]
  0x00000254e887d350 JavaThread "Exec process"                      [_thread_in_native, id=18332, stack(0x000000e33dc00000,0x000000e33dd00000) (1024K)]
  0x00000254e887e070 JavaThread "Exec process"                      [_thread_in_native, id=18356, stack(0x000000e33de00000,0x000000e33df00000) (1024K)]
  0x00000254e887b910 JavaThread "Exec process"                      [_thread_in_native, id=18384, stack(0x000000e33df00000,0x000000e33e000000) (1024K)]
  0x00000254e887d9e0 JavaThread "Exec process"                      [_thread_in_native, id=18392, stack(0x000000e33e000000,0x000000e33e100000) (1024K)]
  0x00000254e887bfa0 JavaThread "Exec process"                      [_thread_in_native, id=18420, stack(0x000000e33c400000,0x000000e33c500000) (1024K)]
  0x00000254e887e700 JavaThread "Exec process"                      [_thread_in_native, id=18428, stack(0x000000e33c800000,0x000000e33c900000) (1024K)]
  0x00000254e887ccc0 JavaThread "Exec process"                      [_thread_in_native, id=5708, stack(0x000000e33d000000,0x000000e33d100000) (1024K)]
  0x00000254e887b280 JavaThread "Exec process"                      [_thread_in_native, id=9204, stack(0x000000e33d300000,0x000000e33d400000) (1024K)]
  0x00000254e887f420 JavaThread "Worker-207: Initialize workspace"        [_thread_blocked, id=20900, stack(0x000000e326a00000,0x000000e326b00000) (1024K)]
  0x00000254e8880140 JavaThread "Timer-56"                          [_thread_blocked, id=2400, stack(0x000000e328600000,0x000000e328700000) (1024K)]
  0x00000254e88842e0 JavaThread "Connection worker"                 [_thread_blocked, id=11680, stack(0x000000e326c00000,0x000000e326d00000) (1024K)]
  0x00000254e887fab0 JavaThread "Connection worker"                 [_thread_blocked, id=18576, stack(0x000000e327200000,0x000000e327300000) (1024K)]
  0x00000254e887c630 JavaThread "Connection worker"                 [_thread_blocked, id=18276, stack(0x000000e328b00000,0x000000e328c00000) (1024K)]
  0x00000254e8880e60 JavaThread "Connection worker"                 [_thread_blocked, id=20396, stack(0x000000e328c00000,0x000000e328d00000) (1024K)]
  0x00000254e88814f0 JavaThread "Connection worker"                 [_thread_blocked, id=19032, stack(0x000000e328f00000,0x000000e329000000) (1024K)]
  0x00000254e8888480 JavaThread "Connection worker"                 [_thread_blocked, id=17016, stack(0x000000e329000000,0x000000e329100000) (1024K)]
  0x00000254e8885d20 JavaThread "pool-57-thread-1"                  [_thread_blocked, id=16856, stack(0x000000e329500000,0x000000e329600000) (1024K)]
  0x00000254e887abf0 JavaThread "Exec process"                      [_thread_in_native, id=21640, stack(0x000000e328000000,0x000000e328100000) (1024K)]
  0x00000254e8888b10 JavaThread "pool-58-thread-1"                  [_thread_blocked, id=21784, stack(0x000000e329800000,0x000000e329900000) (1024K)]
  0x00000254e88870d0 JavaThread "pool-60-thread-1"                  [_thread_blocked, id=21792, stack(0x000000e329e00000,0x000000e329f00000) (1024K)]
  0x00000254e8886a40 JavaThread "pool-61-thread-1"                  [_thread_blocked, id=21956, stack(0x000000e32a000000,0x000000e32a100000) (1024K)]
  0x00000254e8889830 JavaThread "pool-62-thread-1"                  [_thread_blocked, id=21960, stack(0x000000e32a100000,0x000000e32a200000) (1024K)]
  0x00000254e888abe0 JavaThread "pool-59-thread-1"                  [_thread_blocked, id=21964, stack(0x000000e32a200000,0x000000e32a300000) (1024K)]
  0x00000254e88807d0 JavaThread "Worker-211: Initialize workspace"        [_thread_blocked, id=21968, stack(0x000000e328700000,0x000000e328800000) (1024K)]
  0x00000254e8887760 JavaThread "Exec process"                      [_thread_in_native, id=21972, stack(0x000000e32a600000,0x000000e32a700000) (1024K)]
  0x00000254e8881b80 JavaThread "Exec process"                      [_thread_in_native, id=21984, stack(0x000000e327e00000,0x000000e327f00000) (1024K)]
  0x00000254e888b270 JavaThread "Exec process"                      [_thread_in_native, id=22168, stack(0x000000e32a700000,0x000000e32a800000) (1024K)]
  0x00000254e888bf90 JavaThread "Exec process"                      [_thread_in_native, id=22188, stack(0x000000e32b100000,0x000000e32b200000) (1024K)]
  0x00000254e888c620 JavaThread "Connection worker"                 [_thread_blocked, id=22196, stack(0x000000e32b900000,0x000000e32ba00000) (1024K)]
  0x00000254e88891a0 JavaThread "Timer-57"                          [_thread_blocked, id=22200, stack(0x000000e32bd00000,0x000000e32be00000) (1024K)]
  0x00000254e888ed80 JavaThread "Exec process"                      [_thread_in_native, id=22212, stack(0x000000e32c300000,0x000000e32c400000) (1024K)]
  0x00000254e8887df0 JavaThread "Worker-213: Initialize workspace"        [_thread_blocked, id=22904, stack(0x000000e32ac00000,0x000000e32ad00000) (1024K)]
  0x00000254e888b900 JavaThread "pool-63-thread-1"                  [_thread_blocked, id=22928, stack(0x000000e32bf00000,0x000000e32c000000) (1024K)]
  0x00000254e8892f20 JavaThread "Connection worker"                 [_thread_blocked, id=22932, stack(0x000000e32c700000,0x000000e32c800000) (1024K)]
  0x00000254e88914e0 JavaThread "Exec process"                      [_thread_in_native, id=22988, stack(0x000000e32d300000,0x000000e32d400000) (1024K)]
  0x00000254e8890130 JavaThread "pool-64-thread-1"                  [_thread_blocked, id=23056, stack(0x000000e32cc00000,0x000000e32cd00000) (1024K)]
  0x00000254e8893c40 JavaThread "Timer-58"                          [_thread_blocked, id=23068, stack(0x000000e32e800000,0x000000e32e900000) (1024K)]
  0x00000254e88942d0 JavaThread "Exec process"                      [_thread_in_native, id=23132, stack(0x000000e32ed00000,0x000000e32ee00000) (1024K)]
  0x00000254e88835c0 JavaThread "Worker-219: Initialize workspace"        [_thread_blocked, id=23568, stack(0x000000e326b00000,0x000000e326c00000) (1024K)]
  0x00000254e888e6f0 JavaThread "Connection worker"                 [_thread_blocked, id=23736, stack(0x000000e32b000000,0x000000e32b100000) (1024K)]
  0x00000254e88970c0 JavaThread "Connection worker"                 [_thread_blocked, id=23776, stack(0x000000e32d800000,0x000000e32d900000) (1024K)]
  0x00000254e8898470 JavaThread "Connection worker"                 [_thread_blocked, id=23800, stack(0x000000e32f400000,0x000000e32f500000) (1024K)]
  0x00000254e8896a30 JavaThread "pool-65-thread-1"                  [_thread_blocked, id=23816, stack(0x000000e32ff00000,0x000000e330000000) (1024K)]
  0x00000254e88963a0 JavaThread "pool-66-thread-1"                  [_thread_blocked, id=23820, stack(0x000000e330500000,0x000000e330600000) (1024K)]
  0x00000254e8897750 JavaThread "Timer-59"                          [_thread_blocked, id=23836, stack(0x000000e324e00000,0x000000e324f00000) (1024K)]
  0x00000254e8895680 JavaThread "pool-67-thread-1"                  [_thread_blocked, id=23856, stack(0x000000e330a00000,0x000000e330b00000) (1024K)]
  0x00000254e8899190 JavaThread "Exec process"                      [_thread_in_native, id=23868, stack(0x000000e330c00000,0x000000e330d00000) (1024K)]
  0x00000254e8894960 JavaThread "Exec process"                      [_thread_in_native, id=23896, stack(0x000000e331c00000,0x000000e331d00000) (1024K)]
  0x00000254e8899eb0 JavaThread "Exec process"                      [_thread_in_native, id=24120, stack(0x000000e330d00000,0x000000e330e00000) (1024K)]
  0x00000254ee729560 JavaThread "Worker-231: Initialize workspace"        [_thread_blocked, id=24412, stack(0x000000e32fd00000,0x000000e32fe00000) (1024K)]
  0x00000254ee72d700 JavaThread "Connection worker"                 [_thread_blocked, id=8572, stack(0x000000e324f00000,0x000000e325000000) (1024K)]
  0x00000254ee72f140 JavaThread "pool-68-thread-1"                  [_thread_blocked, id=24740, stack(0x000000e333500000,0x000000e333600000) (1024K)]
  0x00000254ee732c50 JavaThread "Timer-60"                          [_thread_blocked, id=24808, stack(0x000000e333800000,0x000000e333900000) (1024K)]
  0x00000254ee7304f0 JavaThread "Exec process"                      [_thread_in_native, id=24852, stack(0x000000e333e00000,0x000000e333f00000) (1024K)]
  0x00000254e98cfc10 JavaThread "Worker-240: Initialize workspace"        [_thread_blocked, id=25140, stack(0x000000e332900000,0x000000e332a00000) (1024K)]
  0x00000254e98d1650 JavaThread "Connection worker"                 [_thread_blocked, id=25224, stack(0x000000e333b00000,0x000000e333c00000) (1024K)]
  0x00000254e98dc0f0 JavaThread "Timer-61"                          [_thread_blocked, id=25372, stack(0x000000e336500000,0x000000e336600000) (1024K)]
  0x00000254e9ee3070 JavaThread "pool-69-thread-1"                  [_thread_blocked, id=25384, stack(0x000000e337200000,0x000000e337300000) (1024K)]
  0x00000254e9ee3700 JavaThread "Exec process"                      [_thread_in_native, id=25416, stack(0x000000e337300000,0x000000e337400000) (1024K)]
  0x00000254e9ee1630 JavaThread "Worker-253: Initialize workspace"        [_thread_blocked, id=16900, stack(0x000000e334600000,0x000000e334700000) (1024K)]
  0x00000254e9ee5e60 JavaThread "Connection worker"                 [_thread_blocked, id=16184, stack(0x000000e337100000,0x000000e337200000) (1024K)]
  0x00000254e9ee4420 JavaThread "pool-70-thread-1"                  [_thread_blocked, id=16972, stack(0x000000e32ee00000,0x000000e32ef00000) (1024K)]
  0x00000254e924aab0 JavaThread "Timer-62"                          [_thread_blocked, id=25092, stack(0x000000e33af00000,0x000000e33b000000) (1024K)]
  0x00000254e924be60 JavaThread "Exec process"                      [_thread_in_native, id=17000, stack(0x000000e33bd00000,0x000000e33be00000) (1024K)]
  0x00000254e9249d90 JavaThread "Worker-262: Initialize workspace"        [_thread_blocked, id=16916, stack(0x000000e337c00000,0x000000e337d00000) (1024K)]
  0x00000254e924ec50 JavaThread "Connection worker"                 [_thread_blocked, id=24728, stack(0x000000e33bc00000,0x000000e33bd00000) (1024K)]
  0x00000254e9250690 JavaThread "pool-71-thread-1"                  [_thread_blocked, id=25672, stack(0x000000e337400000,0x000000e337500000) (1024K)]
  0x00000254eac4e1b0 JavaThread "Exec process"                      [_thread_in_native, id=25728, stack(0x000000e33da00000,0x000000e33db00000) (1024K)]
  0x00000254eac4c770 JavaThread "Timer-63"                          [_thread_blocked, id=25764, stack(0x000000e33db00000,0x000000e33dc00000) (1024K)]
  0x00000254eac4b3c0 JavaThread "Worker-274: Initialize workspace"        [_thread_blocked, id=26028, stack(0x000000e33c700000,0x000000e33c800000) (1024K)]
  0x00000254eac50910 JavaThread "Connection worker"                 [_thread_blocked, id=26096, stack(0x000000e33dd00000,0x000000e33de00000) (1024K)]
  0x00000254eac50fa0 JavaThread "pool-72-thread-1"                  [_thread_blocked, id=26172, stack(0x000000e33d600000,0x000000e33d700000) (1024K)]
  0x00000254eac51630 JavaThread "Exec process"                      [_thread_in_native, id=26240, stack(0x000000e33e100000,0x000000e33e200000) (1024K)]
  0x00000254ef298570 JavaThread "Timer-64"                          [_thread_blocked, id=26344, stack(0x000000e33e600000,0x000000e33e700000) (1024K)]
  0x00000254eac7ce30 JavaThread "Connection worker"                 [_thread_blocked, id=25704, stack(0x000000e33e800000,0x000000e33e900000) (1024K)]
  0x00000254eac7c7a0 JavaThread "Worker-288: Initialize workspace"        [_thread_blocked, id=25344, stack(0x000000e33e400000,0x000000e33e500000) (1024K)]
  0x00000254eac7e1e0 JavaThread "pool-73-thread-1"                  [_thread_blocked, id=2300, stack(0x000000e33ea00000,0x000000e33eb00000) (1024K)]
  0x00000254eac7ad60 JavaThread "Exec process"                      [_thread_in_native, id=11776, stack(0x000000e33ec00000,0x000000e33ed00000) (1024K)]
  0x00000254ea8f57c0 JavaThread "Timer-65"                          [_thread_blocked, id=6724, stack(0x000000e33f100000,0x000000e33f200000) (1024K)]
  0x00000254ea8f3060 JavaThread "Worker-296: Initialize workspace"        [_thread_blocked, id=26644, stack(0x000000e33f000000,0x000000e33f100000) (1024K)]
  0x00000254ea8f7890 JavaThread "Connection worker"                 [_thread_blocked, id=26736, stack(0x000000e33f200000,0x000000e33f300000) (1024K)]
  0x00000254ea8f9960 JavaThread "pool-74-thread-1"                  [_thread_blocked, id=26820, stack(0x000000e33f600000,0x000000e33f700000) (1024K)]
  0x00000254e1ef2f30 JavaThread "Timer-66"                          [_thread_blocked, id=26852, stack(0x000000e33f800000,0x000000e33f900000) (1024K)]
  0x00000254e1ef07d0 JavaThread "Exec process"                      [_thread_in_native, id=26872, stack(0x000000e33fc00000,0x000000e33fd00000) (1024K)]
  0x00000254e1ef0140 JavaThread "Worker-307: Initialize workspace"        [_thread_blocked, id=10064, stack(0x000000e32a800000,0x000000e32a900000) (1024K)]
  0x00000254e8897de0 JavaThread "Timer-67"                          [_thread_blocked, id=23400, stack(0x000000e32d200000,0x000000e32d300000) (1024K)]
  0x00000254e8899820 JavaThread "Worker-312: Initialize workspace"        [_thread_blocked, id=23956, stack(0x000000e32c900000,0x000000e32ca00000) (1024K)]
  0x00000254e8882210 JavaThread "Connection worker"                 [_thread_blocked, id=1880, stack(0x000000e32de00000,0x000000e32df00000) (1024K)]
  0x00000254e887ed90 JavaThread "Connection worker"                 [_thread_blocked, id=24052, stack(0x000000e32df00000,0x000000e32e000000) (1024K)]
  0x00000254e88863b0 JavaThread "pool-75-thread-1"                  [_thread_blocked, id=23940, stack(0x000000e32e500000,0x000000e32e600000) (1024K)]
  0x00000254e8882f30 JavaThread "pool-76-thread-1"                  [_thread_blocked, id=24336, stack(0x000000e32f300000,0x000000e32f400000) (1024K)]
  0x00000254e88828a0 JavaThread "Exec process"                      [_thread_in_native, id=7464, stack(0x000000e32e700000,0x000000e32e800000) (1024K)]
  0x00000254e8894ff0 JavaThread "Exec process"                      [_thread_in_native, id=11416, stack(0x000000e32d500000,0x000000e32d600000) (1024K)]
  0x00000254e8884970 JavaThread "Exec process Thread 2"             [_thread_blocked, id=25628, stack(0x000000e330e00000,0x000000e330f00000) (1024K)]
  0x00000254e888ccb0 JavaThread "Timer-68"                          [_thread_blocked, id=26084, stack(0x000000e333100000,0x000000e333200000) (1024K)]
  0x00000254e888d9d0 JavaThread "Exec process Thread 2"             [_thread_blocked, id=16424, stack(0x000000e339400000,0x000000e339500000) (1024K)]
  0x00000254e8885000 JavaThread "Connection worker"                 [_thread_blocked, id=4564, stack(0x000000e330000000,0x000000e330100000) (1024K)]
  0x00000254e8883c50 JavaThread "pool-77-thread-1"                  [_thread_blocked, id=17784, stack(0x000000e326f00000,0x000000e327000000) (1024K)]
  0x00000254e8885690 JavaThread "Exec process"                      [_thread_in_native, id=18004, stack(0x000000e32c400000,0x000000e32c500000) (1024K)]
  0x00000254e888d340 JavaThread "Worker-326: Initialize workspace"        [_thread_blocked, id=24496, stack(0x000000e332700000,0x000000e332800000) (1024K)]
  0x00000254e888a550 JavaThread "Exec process Thread 2"             [_thread_blocked, id=25004, stack(0x000000e339100000,0x000000e339200000) (1024K)]
  0x00000254e888faa0 JavaThread "Timer-69"                          [_thread_blocked, id=25072, stack(0x000000e339e00000,0x000000e339f00000) (1024K)]
  0x00000254e88907c0 JavaThread "Worker-329: Initialize workspace"        [_thread_blocked, id=18284, stack(0x000000e33a100000,0x000000e33a200000) (1024K)]
  0x00000254e888e060 JavaThread "Timer-70"                          [_thread_blocked, id=14068, stack(0x000000e339600000,0x000000e339700000) (1024K)]
  0x00000254e888f410 JavaThread "Worker-334: Initialize workspace"        [_thread_blocked, id=26800, stack(0x000000e33a300000,0x000000e33a400000) (1024K)]
  0x00000254e88935b0 JavaThread "Connection worker"                 [_thread_blocked, id=17616, stack(0x000000e33a400000,0x000000e33a500000) (1024K)]
  0x00000254e8891b70 JavaThread "Connection worker"                 [_thread_blocked, id=17920, stack(0x000000e33a500000,0x000000e33a600000) (1024K)]
  0x00000254e8892200 JavaThread "pool-78-thread-1"                  [_thread_blocked, id=18184, stack(0x000000e33a700000,0x000000e33a800000) (1024K)]
  0x00000254e8890e50 JavaThread "Timer-71"                          [_thread_blocked, id=18752, stack(0x000000e339f00000,0x000000e33a000000) (1024K)]
  0x00000254ee7281b0 JavaThread "pool-79-thread-1"                  [_thread_blocked, id=18844, stack(0x000000e33a900000,0x000000e33aa00000) (1024K)]
  0x00000254ee724d30 JavaThread "Exec process"                      [_thread_in_native, id=18664, stack(0x000000e33ac00000,0x000000e33ad00000) (1024K)]
  0x00000254ee727490 JavaThread "Exec process"                      [_thread_in_native, id=18852, stack(0x000000e33ad00000,0x000000e33ae00000) (1024K)]
  0x00000254ee725a50 JavaThread "Exec process Thread 2"             [_thread_blocked, id=18684, stack(0x000000e33b000000,0x000000e33b100000) (1024K)]
  0x00000254ee728ed0 JavaThread "Exec process Thread 2"             [_thread_blocked, id=18708, stack(0x000000e33b100000,0x000000e33b200000) (1024K)]
  0x00000254ee72afa0 JavaThread "Worker-342: Initialize workspace"        [_thread_blocked, id=18312, stack(0x000000e33a600000,0x000000e33a700000) (1024K)]
  0x00000254ee72d070 JavaThread "Connection worker"                 [_thread_blocked, id=26288, stack(0x000000e33a800000,0x000000e33a900000) (1024K)]
  0x00000254ee7260e0 JavaThread "pool-81-thread-1"                  [_thread_blocked, id=22652, stack(0x000000e334d00000,0x000000e334e00000) (1024K)]
  0x00000254ee72a280 JavaThread "Exec process"                      [_thread_in_native, id=7964, stack(0x000000e33ae00000,0x000000e33af00000) (1024K)]
  0x00000254ee72b630 JavaThread "Exec process Thread 2"             [_thread_blocked, id=25700, stack(0x000000e33b500000,0x000000e33b600000) (1024K)]
Total: 389

Other Threads:
  0x00000254895fafe0 VMThread "VM Thread"                           [id=16592, stack(0x000000e325300000,0x000000e325400000) (1024K)]
  0x00000254893cca00 WatcherThread "VM Periodic Task Thread"        [id=16588, stack(0x000000e325200000,0x000000e325300000) (1024K)]
  0x0000025489558b60 WorkerThread "GC Thread#0"                     [id=16584, stack(0x000000e325100000,0x000000e325200000) (1024K)]
  0x00000254e629ff40 WorkerThread "GC Thread#1"                     [id=16740, stack(0x000000e325f00000,0x000000e326000000) (1024K)]
  0x00000254e6485d30 WorkerThread "GC Thread#2"                     [id=16744, stack(0x000000e326000000,0x000000e326100000) (1024K)]
  0x00000254e64860e0 WorkerThread "GC Thread#3"                     [id=16748, stack(0x000000e326100000,0x000000e326200000) (1024K)]
Total: 6

Threads with active compile tasks:
C2 CompilerThread0  155605 13177       4       com.google.gson.internal.bind.ObjectTypeAdapter::read (197 bytes)
Total: 1

VM state: not at safepoint (normal execution)

VM Mutex/Monitor currently owned by a thread: None

Heap address: 0x0000000080000000, size: 2048 MB, Compressed Oops mode: 32-bit

CDS archive(s) mapped at: [0x00000254a0000000-0x00000254a0ba0000-0x00000254a0ba0000), size 12189696, SharedBaseAddress: 0x00000254a0000000, ArchiveRelocationMode: 1.
Compressed class space mapped at: 0x00000254a1000000-0x00000254e1000000, reserved size: 1073741824
Narrow klass base: 0x00000254a0000000, Narrow klass shift: 0, Narrow klass range: 0x100000000

GC Precious Log:
 CardTable entry size: 512
 CPUs: 4 total, 4 available
 Memory: 16287M
 Large Page Support: Disabled
 NUMA Support: Disabled
 Compressed Oops: Enabled (32-bit)
 Alignments: Space 512K, Generation 512K, Heap 2M
 Heap Min Capacity: 100M
 Heap Initial Capacity: 100M
 Heap Max Capacity: 2G
 Pre-touch: Disabled
 Parallel Workers: 4

Heap:
 PSYoungGen      total 1536K, used 854K [0x00000000d5580000, 0x00000000d5900000, 0x0000000100000000)
  eden space 1024K, 74% used [0x00000000d5580000,0x00000000d563d8b8,0x00000000d5680000)
  from space 512K, 18% used [0x00000000d5800000,0x00000000d5818000,0x00000000d5880000)
  to   space 512K, 0% used [0x00000000d5880000,0x00000000d5880000,0x00000000d5900000)
 ParOldGen       total 231936K, used 231871K [0x0000000080000000, 0x000000008e280000, 0x00000000d5580000)
  object space 231936K, 99% used [0x0000000080000000,0x000000008e26fe80,0x000000008e280000)
 Metaspace       used 71886K, committed 73984K, reserved 1114112K
  class space    used 8339K, committed 9280K, reserved 1048576K

Card table byte_map: [0x0000025488ee0000,0x00000254892f0000] _byte_map_base: 0x0000025488ae0000

Marking Bits: (ParMarkBitMap*) 0x00007ffb67d644a0
 Begin Bits: [0x000002549b9f0000, 0x000002549d9f0000)
 End Bits:   [0x000002549d9f0000, 0x000002549f9f0000)

Polling page: 0x0000025487320000

Metaspace:

Usage:
  Non-class:     62.06 MB used.
      Class:      8.14 MB used.
       Both:     70.20 MB used.

Virtual space:
  Non-class space:       64.00 MB reserved,      63.19 MB ( 99%) committed,  1 nodes.
      Class space:        1.00 GB reserved,       9.06 MB ( <1%) committed,  1 nodes.
             Both:        1.06 GB reserved,      72.25 MB (  7%) committed. 

Chunk freelists:
   Non-Class:  673.00 KB
       Class:  6.95 MB
        Both:  7.61 MB

MaxMetaspaceSize: unlimited
CompressedClassSpaceSize: 1.00 GB
Initial GC threshold: 21.00 MB
Current GC threshold: 97.31 MB
CDS: on
 - commit_granule_bytes: 65536.
 - commit_granule_words: 8192.
 - virtual_space_node_default_size: 8388608.
 - enlarge_chunks_in_place: 1.
 - use_allocation_guard: 0.


Internal statistics:

num_allocs_failed_limit: 11.
num_arena_births: 2710.
num_arena_deaths: 34.
num_vsnodes_births: 2.
num_vsnodes_deaths: 0.
num_space_committed: 1156.
num_space_uncommitted: 0.
num_chunks_returned_to_freelist: 52.
num_chunks_taken_from_freelist: 6282.
num_chunk_merges: 13.
num_chunk_splits: 3868.
num_chunks_enlarged: 2025.
num_inconsistent_stats: 0.

CodeHeap 'non-profiled nmethods': size=120000Kb used=10827Kb max_used=10827Kb free=109172Kb
 bounds [0x0000025494210000, 0x0000025494cb0000, 0x000002549b740000]
CodeHeap 'profiled nmethods': size=120000Kb used=26713Kb max_used=26713Kb free=93287Kb
 bounds [0x000002548c740000, 0x000002548e160000, 0x0000025493c70000]
CodeHeap 'non-nmethods': size=5760Kb used=1427Kb max_used=1520Kb free=4332Kb
 bounds [0x0000025493c70000, 0x0000025493ee0000, 0x0000025494210000]
CodeCache: size=245760Kb, used=38967Kb, max_used=39060Kb, free=206791Kb
 total_blobs=13130, nmethods=12392, adapters=643, full_count=0
Compilation: enabled, stopped_count=0, restarted_count=0

Compilation events (20 events):
Event: 155.265 Thread 0x00000254894b6460 nmethod 13169 0x0000025494ca2290 code [0x0000025494ca2420, 0x0000025494ca24d0]
Event: 155.276 Thread 0x00000254894b6460 13170       1       java.util.regex.Matcher::hitEnd (5 bytes)
Event: 155.276 Thread 0x00000254894b6460 nmethod 13170 0x0000025494ca2590 code [0x0000025494ca2720, 0x0000025494ca27f0]
Event: 155.308 Thread 0x00000254894b6460 13171       3       java.nio.HeapCharBuffer::subSequence (48 bytes)
Event: 155.309 Thread 0x00000254894b6460 nmethod 13171 0x000002548e153e10 code [0x000002548e153fe0, 0x000002548e1543d8]
Event: 155.323 Thread 0x00000254894b6460 13172       3       java.util.Scanner::clearCaches (11 bytes)
Event: 155.323 Thread 0x00000254894b6460 nmethod 13172 0x000002548e154590 code [0x000002548e154720, 0x000002548e154858]
Event: 155.324 Thread 0x00000254894b6460 13173       3       java.nio.HeapCharBuffer::subSequence (7 bytes)
Event: 155.324 Thread 0x00000254894b6460 nmethod 13173 0x000002548e154910 code [0x000002548e154ac0, 0x000002548e154c18]
Event: 155.324 Thread 0x00000254894b6460 13174       1       org.gradle.launcher.daemon.bootstrap.DaemonStartupCommunication::debugMessage (3 bytes)
Event: 155.324 Thread 0x00000254894b6460 nmethod 13174 0x0000025494ca2890 code [0x0000025494ca2a20, 0x0000025494ca2ad0]
Event: 155.324 Thread 0x00000254894b6460 13175       3       java.util.Scanner::hasTokenInBuffer (99 bytes)
Event: 155.325 Thread 0x00000254894b6460 nmethod 13175 0x000002548e154d10 code [0x000002548e154f40, 0x000002548e1555c8]
Event: 155.325 Thread 0x00000254894b6460 13176       3       java.util.regex.Matcher::lookingAt (10 bytes)
Event: 155.325 Thread 0x00000254894b6460 nmethod 13176 0x000002548e155890 code [0x000002548e155a40, 0x000002548e155b88]
Event: 155.357 Thread 0x0000025489436210 13177       4       com.google.gson.internal.bind.ObjectTypeAdapter::read (197 bytes)
Event: 155.396 Thread 0x00000254894b6460 13179       3       java.lang.invoke.DelegatingMethodHandle$Holder::delegate (18 bytes)
Event: 155.397 Thread 0x00000254894b6460 nmethod 13179 0x000002548e155c10 code [0x000002548e155de0, 0x000002548e1562f0]
Event: 155.435 Thread 0x00000254894b6460 13180       1       java.nio.HeapCharBuffer::isReadOnly (2 bytes)
Event: 155.435 Thread 0x00000254894b6460 nmethod 13180 0x0000025494ca2b90 code [0x0000025494ca2d20, 0x0000025494ca2de8]

GC Heap History (20 events):
Event: 144.666 GC heap before
{Heap before GC invocations=491 (full 3):
 PSYoungGen      total 3072K, used 2828K [0x00000000d5580000, 0x00000000d5a80000, 0x0000000100000000)
  eden space 2048K, 100% used [0x00000000d5580000,0x00000000d5780000,0x00000000d5780000)
  from space 1024K, 76% used [0x00000000d5880000,0x00000000d5943110,0x00000000d5980000)
  to   space 1024K, 0% used [0x00000000d5980000,0x00000000d5980000,0x00000000d5a80000)
 ParOldGen       total 227840K, used 227657K [0x0000000080000000, 0x000000008de80000, 0x00000000d5580000)
  object space 227840K, 99% used [0x0000000080000000,0x000000008de524f8,0x000000008de80000)
 Metaspace       used 71877K, committed 73984K, reserved 1114112K
  class space    used 8339K, committed 9280K, reserved 1048576K
}
Event: 144.669 GC heap after
{Heap after GC invocations=491 (full 3):
 PSYoungGen      total 2048K, used 1024K [0x00000000d5580000, 0x00000000d5d80000, 0x0000000100000000)
  eden space 1024K, 0% used [0x00000000d5580000,0x00000000d5580000,0x00000000d5680000)
  from space 1024K, 100% used [0x00000000d5980000,0x00000000d5a80000,0x00000000d5a80000)
  to   space 3072K, 0% used [0x00000000d5680000,0x00000000d5680000,0x00000000d5980000)
 ParOldGen       total 229376K, used 229133K [0x0000000080000000, 0x000000008e000000, 0x00000000d5580000)
  object space 229376K, 99% used [0x0000000080000000,0x000000008dfc3608,0x000000008e000000)
 Metaspace       used 71877K, committed 73984K, reserved 1114112K
  class space    used 8339K, committed 9280K, reserved 1048576K
}
Event: 144.797 GC heap before
{Heap before GC invocations=492 (full 3):
 PSYoungGen      total 2048K, used 2048K [0x00000000d5580000, 0x00000000d5d80000, 0x0000000100000000)
  eden space 1024K, 100% used [0x00000000d5580000,0x00000000d5680000,0x00000000d5680000)
  from space 1024K, 100% used [0x00000000d5980000,0x00000000d5a80000,0x00000000d5a80000)
  to   space 3072K, 0% used [0x00000000d5680000,0x00000000d5680000,0x00000000d5980000)
 ParOldGen       total 229376K, used 229133K [0x0000000080000000, 0x000000008e000000, 0x00000000d5580000)
  object space 229376K, 99% used [0x0000000080000000,0x000000008dfc3608,0x000000008e000000)
 Metaspace       used 71877K, committed 73984K, reserved 1114112K
  class space    used 8339K, committed 9280K, reserved 1048576K
}
Event: 144.800 GC heap after
{Heap after GC invocations=492 (full 3):
 PSYoungGen      total 2048K, used 864K [0x00000000d5580000, 0x00000000d5a00000, 0x0000000100000000)
  eden space 1024K, 0% used [0x00000000d5580000,0x00000000d5580000,0x00000000d5680000)
  from space 1024K, 84% used [0x00000000d5680000,0x00000000d5758000,0x00000000d5780000)
  to   space 1536K, 0% used [0x00000000d5880000,0x00000000d5880000,0x00000000d5a00000)
 ParOldGen       total 230400K, used 230173K [0x0000000080000000, 0x000000008e100000, 0x00000000d5580000)
  object space 230400K, 99% used [0x0000000080000000,0x000000008e0c7618,0x000000008e100000)
 Metaspace       used 71877K, committed 73984K, reserved 1114112K
  class space    used 8339K, committed 9280K, reserved 1048576K
}
Event: 144.806 GC heap before
{Heap before GC invocations=493 (full 3):
 PSYoungGen      total 2048K, used 1887K [0x00000000d5580000, 0x00000000d5a00000, 0x0000000100000000)
  eden space 1024K, 99% used [0x00000000d5580000,0x00000000d567fff0,0x00000000d5680000)
  from space 1024K, 84% used [0x00000000d5680000,0x00000000d5758000,0x00000000d5780000)
  to   space 1536K, 0% used [0x00000000d5880000,0x00000000d5880000,0x00000000d5a00000)
 ParOldGen       total 230400K, used 230173K [0x0000000080000000, 0x000000008e100000, 0x00000000d5580000)
  object space 230400K, 99% used [0x0000000080000000,0x000000008e0c7618,0x000000008e100000)
 Metaspace       used 71877K, committed 73984K, reserved 1114112K
  class space    used 8339K, committed 9280K, reserved 1048576K
}
Event: 144.808 GC heap after
{Heap after GC invocations=493 (full 3):
 PSYoungGen      total 1536K, used 480K [0x00000000d5580000, 0x00000000d5900000, 0x0000000100000000)
  eden space 1024K, 0% used [0x00000000d5580000,0x00000000d5580000,0x00000000d5680000)
  from space 512K, 93% used [0x00000000d5880000,0x00000000d58f8000,0x00000000d5900000)
  to   space 1024K, 0% used [0x00000000d5700000,0x00000000d5700000,0x00000000d5800000)
 ParOldGen       total 231424K, used 231013K [0x0000000080000000, 0x000000008e200000, 0x00000000d5580000)
  object space 231424K, 99% used [0x0000000080000000,0x000000008e199618,0x000000008e200000)
 Metaspace       used 71877K, committed 73984K, reserved 1114112K
  class space    used 8339K, committed 9280K, reserved 1048576K
}
Event: 144.816 GC heap before
{Heap before GC invocations=494 (full 3):
 PSYoungGen      total 1536K, used 1503K [0x00000000d5580000, 0x00000000d5900000, 0x0000000100000000)
  eden space 1024K, 99% used [0x00000000d5580000,0x00000000d567fff0,0x00000000d5680000)
  from space 512K, 93% used [0x00000000d5880000,0x00000000d58f8000,0x00000000d5900000)
  to   space 1024K, 0% used [0x00000000d5700000,0x00000000d5700000,0x00000000d5800000)
 ParOldGen       total 231424K, used 231013K [0x0000000080000000, 0x000000008e200000, 0x00000000d5580000)
  object space 231424K, 99% used [0x0000000080000000,0x000000008e199618,0x000000008e200000)
 Metaspace       used 71877K, committed 73984K, reserved 1114112K
  class space    used 8339K, committed 9280K, reserved 1048576K
}
Event: 144.817 GC heap after
{Heap after GC invocations=494 (full 3):
 PSYoungGen      total 2048K, used 128K [0x00000000d5580000, 0x00000000d5900000, 0x0000000100000000)
  eden space 1024K, 0% used [0x00000000d5580000,0x00000000d5580000,0x00000000d5680000)
  from space 1024K, 12% used [0x00000000d5700000,0x00000000d5720000,0x00000000d5800000)
  to   space 512K, 0% used [0x00000000d5880000,0x00000000d5880000,0x00000000d5900000)
 ParOldGen       total 231424K, used 231413K [0x0000000080000000, 0x000000008e200000, 0x00000000d5580000)
  object space 231424K, 99% used [0x0000000080000000,0x000000008e1fd618,0x000000008e200000)
 Metaspace       used 71877K, committed 73984K, reserved 1114112K
  class space    used 8339K, committed 9280K, reserved 1048576K
}
Event: 148.709 GC heap before
{Heap before GC invocations=495 (full 3):
 PSYoungGen      total 2048K, used 1150K [0x00000000d5580000, 0x00000000d5900000, 0x0000000100000000)
  eden space 1024K, 99% used [0x00000000d5580000,0x00000000d567f938,0x00000000d5680000)
  from space 1024K, 12% used [0x00000000d5700000,0x00000000d5720000,0x00000000d5800000)
  to   space 512K, 0% used [0x00000000d5880000,0x00000000d5880000,0x00000000d5900000)
 ParOldGen       total 231424K, used 231413K [0x0000000080000000, 0x000000008e200000, 0x00000000d5580000)
  object space 231424K, 99% used [0x0000000080000000,0x000000008e1fd618,0x000000008e200000)
 Metaspace       used 71881K, committed 73984K, reserved 1114112K
  class space    used 8339K, committed 9280K, reserved 1048576K
}
Event: 148.713 GC heap after
{Heap after GC invocations=495 (full 3):
 PSYoungGen      total 1536K, used 96K [0x00000000d5580000, 0x00000000d5900000, 0x0000000100000000)
  eden space 1024K, 0% used [0x00000000d5580000,0x00000000d5580000,0x00000000d5680000)
  from space 512K, 18% used [0x00000000d5880000,0x00000000d5898000,0x00000000d5900000)
  to   space 512K, 0% used [0x00000000d5800000,0x00000000d5800000,0x00000000d5880000)
 ParOldGen       total 231936K, used 231429K [0x0000000080000000, 0x000000008e280000, 0x00000000d5580000)
  object space 231936K, 99% used [0x0000000080000000,0x000000008e201618,0x000000008e280000)
 Metaspace       used 71881K, committed 73984K, reserved 1114112K
  class space    used 8339K, committed 9280K, reserved 1048576K
}
Event: 148.716 GC heap before
{Heap before GC invocations=496 (full 3):
 PSYoungGen      total 1536K, used 1119K [0x00000000d5580000, 0x00000000d5900000, 0x0000000100000000)
  eden space 1024K, 99% used [0x00000000d5580000,0x00000000d567ff58,0x00000000d5680000)
  from space 512K, 18% used [0x00000000d5880000,0x00000000d5898000,0x00000000d5900000)
  to   space 512K, 0% used [0x00000000d5800000,0x00000000d5800000,0x00000000d5880000)
 ParOldGen       total 231936K, used 231429K [0x0000000080000000, 0x000000008e280000, 0x00000000d5580000)
  object space 231936K, 99% used [0x0000000080000000,0x000000008e201618,0x000000008e280000)
 Metaspace       used 71882K, committed 73984K, reserved 1114112K
  class space    used 8339K, committed 9280K, reserved 1048576K
}
Event: 148.719 GC heap after
{Heap after GC invocations=496 (full 3):
 PSYoungGen      total 1536K, used 96K [0x00000000d5580000, 0x00000000d5900000, 0x0000000100000000)
  eden space 1024K, 0% used [0x00000000d5580000,0x00000000d5580000,0x00000000d5680000)
  from space 512K, 18% used [0x00000000d5800000,0x00000000d5818000,0x00000000d5880000)
  to   space 512K, 0% used [0x00000000d5880000,0x00000000d5880000,0x00000000d5900000)
 ParOldGen       total 231936K, used 231461K [0x0000000080000000, 0x000000008e280000, 0x00000000d5580000)
  object space 231936K, 99% used [0x0000000080000000,0x000000008e209618,0x000000008e280000)
 Metaspace       used 71882K, committed 73984K, reserved 1114112K
  class space    used 8339K, committed 9280K, reserved 1048576K
}
Event: 153.698 GC heap before
{Heap before GC invocations=497 (full 3):
 PSYoungGen      total 1536K, used 1119K [0x00000000d5580000, 0x00000000d5900000, 0x0000000100000000)
  eden space 1024K, 99% used [0x00000000d5580000,0x00000000d567fff8,0x00000000d5680000)
  from space 512K, 18% used [0x00000000d5800000,0x00000000d5818000,0x00000000d5880000)
  to   space 512K, 0% used [0x00000000d5880000,0x00000000d5880000,0x00000000d5900000)
 ParOldGen       total 231936K, used 231461K [0x0000000080000000, 0x000000008e280000, 0x00000000d5580000)
  object space 231936K, 99% used [0x0000000080000000,0x000000008e209618,0x000000008e280000)
 Metaspace       used 71882K, committed 73984K, reserved 1114112K
  class space    used 8339K, committed 9280K, reserved 1048576K
}
Event: 153.702 GC heap after
{Heap after GC invocations=497 (full 3):
 PSYoungGen      total 1536K, used 192K [0x00000000d5580000, 0x00000000d5900000, 0x0000000100000000)
  eden space 1024K, 0% used [0x00000000d5580000,0x00000000d5580000,0x00000000d5680000)
  from space 512K, 37% used [0x00000000d5880000,0x00000000d58b0000,0x00000000d5900000)
  to   space 512K, 0% used [0x00000000d5800000,0x00000000d5800000,0x00000000d5880000)
 ParOldGen       total 231936K, used 231477K [0x0000000080000000, 0x000000008e280000, 0x00000000d5580000)
  object space 231936K, 99% used [0x0000000080000000,0x000000008e20d618,0x000000008e280000)
 Metaspace       used 71882K, committed 73984K, reserved 1114112K
  class space    used 8339K, committed 9280K, reserved 1048576K
}
Event: 155.416 GC heap before
{Heap before GC invocations=498 (full 3):
 PSYoungGen      total 1536K, used 1215K [0x00000000d5580000, 0x00000000d5900000, 0x0000000100000000)
  eden space 1024K, 99% used [0x00000000d5580000,0x00000000d567fec8,0x00000000d5680000)
  from space 512K, 37% used [0x00000000d5880000,0x00000000d58b0000,0x00000000d5900000)
  to   space 512K, 0% used [0x00000000d5800000,0x00000000d5800000,0x00000000d5880000)
 ParOldGen       total 231936K, used 231477K [0x0000000080000000, 0x000000008e280000, 0x00000000d5580000)
  object space 231936K, 99% used [0x0000000080000000,0x000000008e20d618,0x000000008e280000)
 Metaspace       used 71886K, committed 73984K, reserved 1114112K
  class space    used 8339K, committed 9280K, reserved 1048576K
}
Event: 155.421 GC heap after
{Heap after GC invocations=498 (full 3):
 PSYoungGen      total 1536K, used 467K [0x00000000d5580000, 0x00000000d5900000, 0x0000000100000000)
  eden space 1024K, 0% used [0x00000000d5580000,0x00000000d5580000,0x00000000d5680000)
  from space 512K, 91% used [0x00000000d5800000,0x00000000d5874c58,0x00000000d5880000)
  to   space 512K, 0% used [0x00000000d5880000,0x00000000d5880000,0x00000000d5900000)
 ParOldGen       total 231936K, used 231599K [0x0000000080000000, 0x000000008e280000, 0x00000000d5580000)
  object space 231936K, 99% used [0x0000000080000000,0x000000008e22bd90,0x000000008e280000)
 Metaspace       used 71886K, committed 73984K, reserved 1114112K
  class space    used 8339K, committed 9280K, reserved 1048576K
}
Event: 155.451 GC heap before
{Heap before GC invocations=499 (full 3):
 PSYoungGen      total 1536K, used 1491K [0x00000000d5580000, 0x00000000d5900000, 0x0000000100000000)
  eden space 1024K, 100% used [0x00000000d5580000,0x00000000d5680000,0x00000000d5680000)
  from space 512K, 91% used [0x00000000d5800000,0x00000000d5874c58,0x00000000d5880000)
  to   space 512K, 0% used [0x00000000d5880000,0x00000000d5880000,0x00000000d5900000)
 ParOldGen       total 231936K, used 231599K [0x0000000080000000, 0x000000008e280000, 0x00000000d5580000)
  object space 231936K, 99% used [0x0000000080000000,0x000000008e22bd90,0x000000008e280000)
 Metaspace       used 71886K, committed 73984K, reserved 1114112K
  class space    used 8339K, committed 9280K, reserved 1048576K
}
Event: 155.454 GC heap after
{Heap after GC invocations=499 (full 3):
 PSYoungGen      total 1536K, used 128K [0x00000000d5580000, 0x00000000d5900000, 0x0000000100000000)
  eden space 1024K, 0% used [0x00000000d5580000,0x00000000d5580000,0x00000000d5680000)
  from space 512K, 25% used [0x00000000d5880000,0x00000000d58a0000,0x00000000d5900000)
  to   space 512K, 0% used [0x00000000d5800000,0x00000000d5800000,0x00000000d5880000)
 ParOldGen       total 231936K, used 231847K [0x0000000080000000, 0x000000008e280000, 0x00000000d5580000)
  object space 231936K, 99% used [0x0000000080000000,0x000000008e269e80,0x000000008e280000)
 Metaspace       used 71886K, committed 73984K, reserved 1114112K
  class space    used 8339K, committed 9280K, reserved 1048576K
}
Event: 155.517 GC heap before
{Heap before GC invocations=500 (full 3):
 PSYoungGen      total 1536K, used 1151K [0x00000000d5580000, 0x00000000d5900000, 0x0000000100000000)
  eden space 1024K, 99% used [0x00000000d5580000,0x00000000d567fe20,0x00000000d5680000)
  from space 512K, 25% used [0x00000000d5880000,0x00000000d58a0000,0x00000000d5900000)
  to   space 512K, 0% used [0x00000000d5800000,0x00000000d5800000,0x00000000d5880000)
 ParOldGen       total 231936K, used 231847K [0x0000000080000000, 0x000000008e280000, 0x00000000d5580000)
  object space 231936K, 99% used [0x0000000080000000,0x000000008e269e80,0x000000008e280000)
 Metaspace       used 71886K, committed 73984K, reserved 1114112K
  class space    used 8339K, committed 9280K, reserved 1048576K
}
Event: 155.520 GC heap after
{Heap after GC invocations=500 (full 3):
 PSYoungGen      total 1536K, used 96K [0x00000000d5580000, 0x00000000d5900000, 0x0000000100000000)
  eden space 1024K, 0% used [0x00000000d5580000,0x00000000d5580000,0x00000000d5680000)
  from space 512K, 18% used [0x00000000d5800000,0x00000000d5818000,0x00000000d5880000)
  to   space 512K, 0% used [0x00000000d5880000,0x00000000d5880000,0x00000000d5900000)
 ParOldGen       total 231936K, used 231871K [0x0000000080000000, 0x000000008e280000, 0x00000000d5580000)
  object space 231936K, 99% used [0x0000000080000000,0x000000008e26fe80,0x000000008e280000)
 Metaspace       used 71886K, committed 73984K, reserved 1114112K
  class space    used 8339K, committed 9280K, reserved 1048576K
}

Dll operation events (20 events):
Event: 0.283 Attempting to load shared library C:\Users\ALBIN\.vscode\extensions\redhat.java-1.56.0-win32-x64\jre\21.0.12.1-win32-x86_64\bin\nio.dll
Event: 0.284 Loaded shared library C:\Users\ALBIN\.vscode\extensions\redhat.java-1.56.0-win32-x64\jre\21.0.12.1-win32-x86_64\bin\nio.dll
Event: 0.288 Attempting to load shared library C:\Users\ALBIN\.vscode\extensions\redhat.java-1.56.0-win32-x64\jre\21.0.12.1-win32-x86_64\bin\zip.dll
Event: 0.288 Loaded shared library C:\Users\ALBIN\.vscode\extensions\redhat.java-1.56.0-win32-x64\jre\21.0.12.1-win32-x86_64\bin\zip.dll
Event: 0.314 Attempting to load shared library C:\Users\ALBIN\.vscode\extensions\redhat.java-1.56.0-win32-x64\jre\21.0.12.1-win32-x86_64\bin\jimage.dll
Event: 0.314 Loaded shared library C:\Users\ALBIN\.vscode\extensions\redhat.java-1.56.0-win32-x64\jre\21.0.12.1-win32-x86_64\bin\jimage.dll
Event: 0.432 Attempting to load shared library c:\Users\ALBIN\.vscode\extensions\redhat.java-1.56.0-win32-x64\jre\21.0.12.1-win32-x86_64\bin\verify.dll
Event: 0.435 Loaded shared library c:\Users\ALBIN\.vscode\extensions\redhat.java-1.56.0-win32-x64\jre\21.0.12.1-win32-x86_64\bin\verify.dll
Event: 3.884 Attempting to load shared library C:\Users\ALBIN\AppData\Roaming\Code\User\globalStorage\redhat.java\1.56.0\config_win\org.eclipse.equinox.launcher\org.eclipse.equinox.launcher.win32.win32.x86_64_1.3.100.v20260804-1928\eclipse_11924.dll
Event: 3.890 Loaded shared library C:\Users\ALBIN\AppData\Roaming\Code\User\globalStorage\redhat.java\1.56.0\config_win\org.eclipse.equinox.launcher\org.eclipse.equinox.launcher.win32.win32.x86_64_1.3.100.v20260804-1928\eclipse_11924.dll
Event: 10.289 Attempting to load shared library C:\Users\ALBIN\AppData\Local\Temp\jna-62358748\jna5361065019130841213.dll
Event: 10.380 Loaded shared library C:\Users\ALBIN\AppData\Local\Temp\jna-62358748\jna5361065019130841213.dll
Event: 19.786 Attempting to load shared library C:\Users\ALBIN\.gradle\native\660c5614fbf4a5f2a75b1949f50a0caf5cd603558e7d8a26e50b933a0cfb79d1\windows-amd64\native-platform.dll
Event: 19.852 Loaded shared library C:\Users\ALBIN\.gradle\native\660c5614fbf4a5f2a75b1949f50a0caf5cd603558e7d8a26e50b933a0cfb79d1\windows-amd64\native-platform.dll
Event: 20.787 Attempting to load shared library C:\Users\ALBIN\.vscode\extensions\redhat.java-1.56.0-win32-x64\jre\21.0.12.1-win32-x86_64\bin\management.dll
Event: 20.806 Loaded shared library C:\Users\ALBIN\.vscode\extensions\redhat.java-1.56.0-win32-x64\jre\21.0.12.1-win32-x86_64\bin\management.dll
Event: 20.811 Attempting to load shared library C:\Users\ALBIN\.vscode\extensions\redhat.java-1.56.0-win32-x64\jre\21.0.12.1-win32-x86_64\bin\management_ext.dll
Event: 20.859 Loaded shared library C:\Users\ALBIN\.vscode\extensions\redhat.java-1.56.0-win32-x64\jre\21.0.12.1-win32-x86_64\bin\management_ext.dll
Event: 46.980 Attempting to load shared library C:\Users\ALBIN\.vscode\extensions\redhat.java-1.56.0-win32-x64\jre\21.0.12.1-win32-x86_64\bin\extnet.dll
Event: 46.981 Loaded shared library C:\Users\ALBIN\.vscode\extensions\redhat.java-1.56.0-win32-x64\jre\21.0.12.1-win32-x86_64\bin\extnet.dll

Deoptimization events (20 events):
Event: 148.234 Thread 0x00000254ee72bcc0 Uncommon trap: trap_request=0xffffffbe fr.pc=0x0000025494b9ecd4 relative=0x0000000000000654
Event: 148.234 Thread 0x00000254ee72bcc0 Uncommon trap: reason=profile_predicate action=maybe_recompile pc=0x0000025494b9ecd4 method=java.util.regex.Pattern$CharPropertyGreedy.match(Ljava/util/regex/Matcher;ILjava/lang/CharSequence;)Z @ 103 c2
Event: 148.234 Thread 0x00000254ee72bcc0 DEOPT PACKING pc=0x0000025494b9ecd4 sp=0x000000e33aefeb80
Event: 148.234 Thread 0x00000254ee72bcc0 DEOPT UNPACKING pc=0x0000025493cc3aa2 sp=0x000000e33aefeb00 mode 2
Event: 148.234 Thread 0x00000254ee72bcc0 Uncommon trap: trap_request=0xffffffbe fr.pc=0x0000025494b9ecd4 relative=0x0000000000000654
Event: 148.234 Thread 0x00000254ee72bcc0 Uncommon trap: reason=profile_predicate action=maybe_recompile pc=0x0000025494b9ecd4 method=java.util.regex.Pattern$CharPropertyGreedy.match(Ljava/util/regex/Matcher;ILjava/lang/CharSequence;)Z @ 103 c2
Event: 148.234 Thread 0x00000254ee72bcc0 DEOPT PACKING pc=0x0000025494b9ecd4 sp=0x000000e33aefeb80
Event: 148.235 Thread 0x00000254ee72bcc0 DEOPT UNPACKING pc=0x0000025493cc3aa2 sp=0x000000e33aefeb00 mode 2
Event: 148.241 Thread 0x00000254ee72bcc0 Uncommon trap: trap_request=0xffffffbe fr.pc=0x00000254943a9584 relative=0x0000000000000924
Event: 148.241 Thread 0x00000254ee72bcc0 Uncommon trap: reason=profile_predicate action=maybe_recompile pc=0x00000254943a9584 method=java.util.regex.Pattern$CharPropertyGreedy.match(Ljava/util/regex/Matcher;ILjava/lang/CharSequence;)Z @ 12 c2
Event: 148.241 Thread 0x00000254ee72bcc0 DEOPT PACKING pc=0x00000254943a9584 sp=0x000000e33aefeb60
Event: 148.241 Thread 0x00000254ee72bcc0 DEOPT UNPACKING pc=0x0000025493cc3aa2 sp=0x000000e33aefeb10 mode 2
Event: 148.948 Thread 0x00000254e1ef5000 Uncommon trap: trap_request=0xfffffff4 fr.pc=0x0000025494bc1cb8 relative=0x0000000000001738
Event: 148.948 Thread 0x00000254e1ef5000 Uncommon trap: reason=null_check action=make_not_entrant pc=0x0000025494bc1cb8 method=java.util.concurrent.ThreadPoolExecutor.getTask()Ljava/lang/Runnable; @ 137 c2
Event: 148.948 Thread 0x00000254e1ef5000 DEOPT PACKING pc=0x0000025494bc1cb8 sp=0x000000e33feff2d0
Event: 148.949 Thread 0x00000254e1ef5000 DEOPT UNPACKING pc=0x0000025493cc3aa2 sp=0x000000e33feff2c0 mode 2
Event: 155.395 Thread 0x00000254e77701a0 Uncommon trap: trap_request=0xffffffd6 fr.pc=0x0000025494c9fec8 relative=0x0000000000000228
Event: 155.395 Thread 0x00000254e77701a0 Uncommon trap: reason=array_check action=maybe_recompile pc=0x0000025494c9fec8 method=java.util.LinkedHashMap.keysToArray([Ljava/lang/Object;Z)[Ljava/lang/Object; @ 67 c2
Event: 155.395 Thread 0x00000254e77701a0 DEOPT PACKING pc=0x0000025494c9fec8 sp=0x000000e3275fe4b0
Event: 155.396 Thread 0x00000254e77701a0 DEOPT UNPACKING pc=0x0000025493cc3aa2 sp=0x000000e3275fe420 mode 2

Classes loaded (20 events):
Event: 48.027 Loading class jdk/internal/event/ProcessStartEvent
Event: 48.027 Loading class jdk/internal/event/ProcessStartEvent done
Event: 48.067 Loading class java/util/Scanner
Event: 48.068 Loading class java/util/Scanner done
Event: 48.071 Loading class java/util/Scanner$PatternLRUCache
Event: 48.071 Loading class java/util/Scanner$PatternLRUCache done
Event: 53.657 Loading class java/util/regex/Matcher$ImmutableMatchResult
Event: 53.663 Loading class java/util/regex/Matcher$ImmutableMatchResult done
Event: 53.674 Loading class java/util/concurrent/ConcurrentLinkedQueue$Itr
Event: 53.675 Loading class java/util/concurrent/ConcurrentLinkedQueue$Itr done
Event: 53.677 Loading class java/util/AbstractList$RandomAccessSubList
Event: 53.677 Loading class java/util/AbstractList$SubList
Event: 53.688 Loading class java/util/AbstractList$SubList done
Event: 53.688 Loading class java/util/AbstractList$RandomAccessSubList done
Event: 53.688 Loading class java/util/AbstractList$SubList$1
Event: 53.688 Loading class java/util/AbstractList$SubList$1 done
Event: 53.689 Loading class java/util/LinkedList$LLSpliterator
Event: 53.689 Loading class java/util/LinkedList$LLSpliterator done
Event: 53.693 Loading class sun/nio/ch/ChannelOutputStream
Event: 53.700 Loading class sun/nio/ch/ChannelOutputStream done

Classes unloaded (17 events):
Event: 11.370 Thread 0x00000254895fafe0 Unloading class 0x00000254a11aa000 'java/lang/invoke/LambdaForm$MH+0x00000254a11aa000'
Event: 11.370 Thread 0x00000254895fafe0 Unloading class 0x00000254a11a9c00 'java/lang/invoke/LambdaForm$MH+0x00000254a11a9c00'
Event: 11.370 Thread 0x00000254895fafe0 Unloading class 0x00000254a11a9800 'java/lang/invoke/LambdaForm$MH+0x00000254a11a9800'
Event: 11.370 Thread 0x00000254895fafe0 Unloading class 0x00000254a11a9400 'java/lang/invoke/LambdaForm$MH+0x00000254a11a9400'
Event: 11.370 Thread 0x00000254895fafe0 Unloading class 0x00000254a11a9000 'java/lang/invoke/LambdaForm$BMH+0x00000254a11a9000'
Event: 11.370 Thread 0x00000254895fafe0 Unloading class 0x00000254a11a8c00 'java/lang/invoke/LambdaForm$DMH+0x00000254a11a8c00'
Event: 11.370 Thread 0x00000254895fafe0 Unloading class 0x00000254a11a3800 'java/lang/invoke/LambdaForm$DMH+0x00000254a11a3800'
Event: 13.566 Thread 0x00000254895fafe0 Unloading class 0x00000254a1315000 'java/lang/invoke/LambdaForm$MH+0x00000254a1315000'
Event: 13.566 Thread 0x00000254895fafe0 Unloading class 0x00000254a1314800 'java/lang/invoke/LambdaForm$MH+0x00000254a1314800'
Event: 13.566 Thread 0x00000254895fafe0 Unloading class 0x00000254a1313c00 'java/lang/invoke/LambdaForm$MH+0x00000254a1313c00'
Event: 13.566 Thread 0x00000254895fafe0 Unloading class 0x00000254a130f800 'java/lang/invoke/LambdaForm$MH+0x00000254a130f800'
Event: 13.566 Thread 0x00000254895fafe0 Unloading class 0x00000254a130f000 'java/lang/invoke/LambdaForm$MH+0x00000254a130f000'
Event: 13.566 Thread 0x00000254895fafe0 Unloading class 0x00000254a130e800 'java/lang/invoke/LambdaForm$MH+0x00000254a130e800'
Event: 13.566 Thread 0x00000254895fafe0 Unloading class 0x00000254a130e000 'java/lang/invoke/LambdaForm$MH+0x00000254a130e000'
Event: 13.566 Thread 0x00000254895fafe0 Unloading class 0x00000254a130d400 'java/lang/invoke/LambdaForm$MH+0x00000254a130d400'
Event: 13.566 Thread 0x00000254895fafe0 Unloading class 0x00000254a130c800 'java/lang/invoke/LambdaForm$MH+0x00000254a130c800'
Event: 13.566 Thread 0x00000254895fafe0 Unloading class 0x00000254a130c000 'java/lang/invoke/LambdaForm$DMH+0x00000254a130c000'

Classes redefined (0 events):
No events

Internal exceptions (20 events):
Event: 141.374 Thread 0x00000254e8889ec0 Exception <a 'sun/nio/fs/WindowsException'{0x00000000d583ca28}> (0x00000000d583ca28) 
thrown [s\src\hotspot\share\prims\jni.cpp, line 520]
Event: 141.374 Thread 0x00000254e8889ec0 Exception <a 'sun/nio/fs/WindowsException'{0x00000000d583d040}> (0x00000000d583d040) 
thrown [s\src\hotspot\share\prims\jni.cpp, line 520]
Event: 141.374 Thread 0x00000254e8889ec0 Exception <a 'sun/nio/fs/WindowsException'{0x00000000d5844520}> (0x00000000d5844520) 
thrown [s\src\hotspot\share\prims\jni.cpp, line 520]
Event: 141.374 Thread 0x00000254e8889ec0 Exception <a 'sun/nio/fs/WindowsException'{0x00000000d5848390}> (0x00000000d5848390) 
thrown [s\src\hotspot\share\prims\jni.cpp, line 520]
Event: 141.525 Thread 0x00000254e8889ec0 Exception <a 'sun/nio/fs/WindowsException'{0x00000000d55de228}> (0x00000000d55de228) 
thrown [s\src\hotspot\share\prims\jni.cpp, line 520]
Event: 141.525 Thread 0x00000254e8889ec0 Exception <a 'sun/nio/fs/WindowsException'{0x00000000d55e6ee8}> (0x00000000d55e6ee8) 
thrown [s\src\hotspot\share\prims\jni.cpp, line 520]
Event: 141.525 Thread 0x00000254e8889ec0 Exception <a 'sun/nio/fs/WindowsException'{0x00000000d55e7478}> (0x00000000d55e7478) 
thrown [s\src\hotspot\share\prims\jni.cpp, line 520]
Event: 141.525 Thread 0x00000254e8889ec0 Exception <a 'sun/nio/fs/WindowsException'{0x00000000d55f42f8}> (0x00000000d55f42f8) 
thrown [s\src\hotspot\share\prims\jni.cpp, line 520]
Event: 142.105 Thread 0x00000254e8889ec0 Exception <a 'sun/nio/fs/WindowsException'{0x00000000d55eb7e0}> (0x00000000d55eb7e0) 
thrown [s\src\hotspot\share\prims\jni.cpp, line 520]
Event: 142.105 Thread 0x00000254e8889ec0 Exception <a 'sun/nio/fs/WindowsException'{0x00000000d55f0d30}> (0x00000000d55f0d30) 
thrown [s\src\hotspot\share\prims\jni.cpp, line 520]
Event: 142.106 Thread 0x00000254e8889ec0 Exception <a 'sun/nio/fs/WindowsException'{0x00000000d55fb150}> (0x00000000d55fb150) 
thrown [s\src\hotspot\share\prims\jni.cpp, line 520]
Event: 142.106 Thread 0x00000254e8889ec0 Exception <a 'sun/nio/fs/WindowsException'{0x00000000d5606450}> (0x00000000d5606450) 
thrown [s\src\hotspot\share\prims\jni.cpp, line 520]
Event: 142.107 Thread 0x00000254e8889ec0 Exception <a 'sun/nio/fs/WindowsException'{0x00000000d560b700}> (0x00000000d560b700) 
thrown [s\src\hotspot\share\prims\jni.cpp, line 520]
Event: 142.107 Thread 0x00000254e8889ec0 Exception <a 'sun/nio/fs/WindowsException'{0x00000000d5615b48}> (0x00000000d5615b48) 
thrown [s\src\hotspot\share\prims\jni.cpp, line 520]
Event: 144.348 Thread 0x00000254e888f410 Exception <a 'sun/nio/fs/WindowsException'{0x00000000d56dd920}> (0x00000000d56dd920) 
thrown [s\src\hotspot\share\prims\jni.cpp, line 520]
Event: 144.349 Thread 0x00000254e888f410 Exception <a 'sun/nio/fs/WindowsException'{0x00000000d56de3f0}> (0x00000000d56de3f0) 
thrown [s\src\hotspot\share\prims\jni.cpp, line 520]
Event: 144.349 Thread 0x00000254e888f410 Exception <a 'sun/nio/fs/WindowsException'{0x00000000d56dfa88}> (0x00000000d56dfa88) 
thrown [s\src\hotspot\share\prims\jni.cpp, line 520]
Event: 144.349 Thread 0x00000254e888f410 Exception <a 'sun/nio/fs/WindowsException'{0x00000000d56e0530}> (0x00000000d56e0530) 
thrown [s\src\hotspot\share\prims\jni.cpp, line 520]
Event: 144.350 Thread 0x00000254e888f410 Exception <a 'sun/nio/fs/WindowsException'{0x00000000d56e2890}> (0x00000000d56e2890) 
thrown [s\src\hotspot\share\prims\jni.cpp, line 520]
Event: 144.350 Thread 0x00000254e888f410 Exception <a 'sun/nio/fs/WindowsException'{0x00000000d56e33a0}> (0x00000000d56e33a0) 
thrown [s\src\hotspot\share\prims\jni.cpp, line 520]

ZGC Phase Switch (0 events):
No events

VM Operations (20 events):
Event: 144.583 Executing safepoint VM operation: ParallelGCFailedAllocation (Allocation Failure)
Event: 144.669 Executing safepoint VM operation: ParallelGCFailedAllocation (Allocation Failure) done
Event: 144.672 Executing safepoint VM operation: ParallelGCFailedAllocation (Allocation Failure)
Event: 144.800 Executing safepoint VM operation: ParallelGCFailedAllocation (Allocation Failure) done
Event: 144.806 Executing safepoint VM operation: ParallelGCFailedAllocation (Allocation Failure)
Event: 144.808 Executing safepoint VM operation: ParallelGCFailedAllocation (Allocation Failure) done
Event: 144.816 Executing safepoint VM operation: ParallelGCFailedAllocation (Allocation Failure)
Event: 144.817 Executing safepoint VM operation: ParallelGCFailedAllocation (Allocation Failure) done
Event: 148.709 Executing safepoint VM operation: ParallelGCFailedAllocation (Allocation Failure)
Event: 148.713 Executing safepoint VM operation: ParallelGCFailedAllocation (Allocation Failure) done
Event: 148.716 Executing safepoint VM operation: ParallelGCFailedAllocation (Allocation Failure)
Event: 148.719 Executing safepoint VM operation: ParallelGCFailedAllocation (Allocation Failure) done
Event: 152.450 Executing safepoint VM operation: ParallelGCFailedAllocation (Allocation Failure)
Event: 153.702 Executing safepoint VM operation: ParallelGCFailedAllocation (Allocation Failure) done
Event: 155.416 Executing safepoint VM operation: ParallelGCFailedAllocation (Allocation Failure)
Event: 155.421 Executing safepoint VM operation: ParallelGCFailedAllocation (Allocation Failure) done
Event: 155.451 Executing safepoint VM operation: ParallelGCFailedAllocation (Allocation Failure)
Event: 155.454 Executing safepoint VM operation: ParallelGCFailedAllocation (Allocation Failure) done
Event: 155.516 Executing safepoint VM operation: ParallelGCFailedAllocation (Allocation Failure)
Event: 155.520 Executing safepoint VM operation: ParallelGCFailedAllocation (Allocation Failure) done

Memory protections (0 events):
No events

Nmethod flushes (20 events):
Event: 20.723 Thread 0x00000254895fafe0 flushing  nmethod 0x000002548d040190
Event: 20.723 Thread 0x00000254895fafe0 flushing  nmethod 0x000002548d06f810
Event: 20.723 Thread 0x00000254895fafe0 flushing  nmethod 0x000002548d070590
Event: 20.723 Thread 0x00000254895fafe0 flushing  nmethod 0x000002548d070a10
Event: 20.723 Thread 0x00000254895fafe0 flushing  nmethod 0x000002548d070f90
Event: 20.723 Thread 0x00000254895fafe0 flushing  nmethod 0x000002548d071510
Event: 20.723 Thread 0x00000254895fafe0 flushing  nmethod 0x000002548d071890
Event: 20.723 Thread 0x00000254895fafe0 flushing  nmethod 0x000002548d071e90
Event: 20.723 Thread 0x00000254895fafe0 flushing  nmethod 0x000002548d072390
Event: 20.723 Thread 0x00000254895fafe0 flushing  nmethod 0x000002548d072c10
Event: 20.723 Thread 0x00000254895fafe0 flushing  nmethod 0x000002548d073790
Event: 20.723 Thread 0x00000254895fafe0 flushing  nmethod 0x000002548d074510
Event: 20.723 Thread 0x00000254895fafe0 flushing  nmethod 0x000002548d08c710
Event: 20.723 Thread 0x00000254895fafe0 flushing  nmethod 0x000002548d08cc10
Event: 20.723 Thread 0x00000254895fafe0 flushing  nmethod 0x000002548d08d010
Event: 20.723 Thread 0x00000254895fafe0 flushing  nmethod 0x000002548d0b4390
Event: 20.723 Thread 0x00000254895fafe0 flushing  nmethod 0x000002548d0bd490
Event: 20.723 Thread 0x00000254895fafe0 flushing  nmethod 0x000002548d0bea10
Event: 20.723 Thread 0x00000254895fafe0 flushing osr nmethod 0x000002548d0c8690
Event: 20.723 Thread 0x00000254895fafe0 flushing osr nmethod 0x000002548d102d10

Events (20 events):
Event: 144.670 Thread 0x00000254ee72a280 Thread added: 0x00000254ee72d070
Event: 144.670 Thread 0x00000254ee72a280 Thread exited: 0x00000254ee72a280
Event: 144.803 Thread 0x00000254ee72d070 Thread exited: 0x00000254ee72d070
Event: 144.810 Thread 0x00000254ee7260e0 Thread exited: 0x00000254ee7260e0
Event: 144.820 Thread 0x00000254ee72b630 Thread added: 0x00000254ee7260e0
Event: 146.161 Thread 0x00000254ee72b630 Thread added: 0x00000254ee72bcc0
Event: 146.862 Thread 0x00000254ee72bcc0 Thread added: 0x00000254ee72a280
Event: 146.862 Thread 0x00000254ee72bcc0 Thread added: 0x00000254ee72c9e0
Event: 147.015 Thread 0x00000254ee72a280 Thread exited: 0x00000254ee72a280
Event: 148.523 Thread 0x00000254ee72bcc0 Thread exited: 0x00000254ee72bcc0
Event: 148.523 Thread 0x00000254ee72c9e0 Thread exited: 0x00000254ee72c9e0
Event: 148.524 Thread 0x00000254ee72b630 Thread exited: 0x00000254ee72b630
Event: 148.532 Thread 0x00000254e888f410 Thread added: 0x00000254ee72d070
Event: 148.591 Thread 0x00000254ee7260e0 Thread exited: 0x00000254ee7260e0
Event: 148.728 Thread 0x00000254ee72d070 Thread added: 0x00000254ee7260e0
Event: 148.890 Thread 0x00000254ee72d070 Thread added: 0x00000254ee72a280
Event: 148.949 Thread 0x00000254e1ef5000 Thread exited: 0x00000254e1ef5000
Event: 149.897 Thread 0x00000254ee72a280 Thread added: 0x00000254ee72c9e0
Event: 149.898 Thread 0x00000254ee72a280 Thread added: 0x00000254ee72b630
Event: 150.060 Thread 0x00000254ee72c9e0 Thread exited: 0x00000254ee72c9e0


Dynamic libraries:
0x00007ff714f70000 - 0x00007ff714f7e000 	c:\Users\ALBIN\.vscode\extensions\redhat.java-1.56.0-win32-x64\jre\21.0.12.1-win32-x86_64\bin\java.exe
0x00007ffc02720000 - 0x00007ffc02987000 	C:\Windows\SYSTEM32\ntdll.dll
0x00007ffc02040000 - 0x00007ffc0210b000 	C:\Windows\System32\KERNEL32.DLL
0x00007ffbffb60000 - 0x00007ffbfff62000 	C:\Windows\System32\KERNELBASE.dll
0x00007ffc00000000 - 0x00007ffc0014c000 	C:\Windows\System32\ucrtbase.dll
0x00007ffbfb9b0000 - 0x00007ffbfb9c8000 	c:\Users\ALBIN\.vscode\extensions\redhat.java-1.56.0-win32-x64\jre\21.0.12.1-win32-x86_64\bin\jli.dll
0x00007ffc01490000 - 0x00007ffc0165f000 	C:\Windows\System32\USER32.dll
0x00007ffc00160000 - 0x00007ffc00187000 	C:\Windows\System32\win32u.dll
0x00007ffc02620000 - 0x00007ffc0264b000 	C:\Windows\System32\GDI32.dll
0x00007ffc00250000 - 0x00007ffc00379000 	C:\Windows\System32\gdi32full.dll
0x00007ffbff920000 - 0x00007ffbff9c3000 	C:\Windows\System32\msvcp_win.dll
0x00007ffbfb9d0000 - 0x00007ffbfb9ee000 	c:\Users\ALBIN\.vscode\extensions\redhat.java-1.56.0-win32-x64\jre\21.0.12.1-win32-x86_64\bin\VCRUNTIME140.dll
0x00007ffbecc50000 - 0x00007ffbecee0000 	C:\Windows\WinSxS\amd64_microsoft.windows.common-controls_6595b64144ccf1df_6.0.26100.9278_none_3e0d1ba8e3303201\COMCTL32.dll
0x00007ffc022b0000 - 0x00007ffc02359000 	C:\Windows\System32\msvcrt.dll
0x00007ffc00be0000 - 0x00007ffc00c11000 	C:\Windows\System32\IMM32.DLL
0x00007ffbfba50000 - 0x00007ffbfba5c000 	c:\Users\ALBIN\.vscode\extensions\redhat.java-1.56.0-win32-x64\jre\21.0.12.1-win32-x86_64\bin\vcruntime140_1.dll
0x00007ffbf99f0000 - 0x00007ffbf9a7d000 	c:\Users\ALBIN\.vscode\extensions\redhat.java-1.56.0-win32-x64\jre\21.0.12.1-win32-x86_64\bin\msvcp140.dll
0x00007ffb670a0000 - 0x00007ffb67e42000 	c:\Users\ALBIN\.vscode\extensions\redhat.java-1.56.0-win32-x64\jre\21.0.12.1-win32-x86_64\bin\server\jvm.dll
0x00007ffc024f0000 - 0x00007ffc025ac000 	C:\Windows\System32\ADVAPI32.dll
0x00007ffc01c10000 - 0x00007ffc01cb9000 	C:\Windows\System32\sechost.dll
0x00007ffc01f20000 - 0x00007ffc02038000 	C:\Windows\System32\RPCRT4.dll
0x00007ffc00d90000 - 0x00007ffc00e10000 	C:\Windows\System32\WS2_32.dll
0x00007ffbff7a0000 - 0x00007ffbff7fe000 	C:\Windows\SYSTEM32\POWRPROF.dll
0x00007ffbeffd0000 - 0x00007ffbf0006000 	C:\Windows\SYSTEM32\WINMM.dll
0x00007ffbeeac0000 - 0x00007ffbeeacb000 	C:\Windows\SYSTEM32\VERSION.dll
0x00007ffbff760000 - 0x00007ffbff775000 	C:\Windows\SYSTEM32\UMPDC.dll
0x00007ffbfe5f0000 - 0x00007ffbfe60b000 	C:\Windows\SYSTEM32\kernel.appcore.dll
0x00007ffbf99e0000 - 0x00007ffbf99ea000 	c:\Users\ALBIN\.vscode\extensions\redhat.java-1.56.0-win32-x64\jre\21.0.12.1-win32-x86_64\bin\jimage.dll
0x00007ffbfbd70000 - 0x00007ffbfbfbc000 	C:\Windows\SYSTEM32\DBGHELP.DLL
0x00007ffc01860000 - 0x00007ffc01be5000 	C:\Windows\System32\combase.dll
0x00007ffc00cb0000 - 0x00007ffc00d89000 	C:\Windows\System32\OLEAUT32.dll
0x00007ffbe9ae0000 - 0x00007ffbe9b1b000 	C:\Windows\SYSTEM32\dbgcore.DLL
0x00007ffc00190000 - 0x00007ffc0023c000 	C:\Windows\System32\bcryptPrimitives.dll
0x00007ffbf99d0000 - 0x00007ffbf99df000 	c:\Users\ALBIN\.vscode\extensions\redhat.java-1.56.0-win32-x64\jre\21.0.12.1-win32-x86_64\bin\instrument.dll
0x00007ffbf99b0000 - 0x00007ffbf99d0000 	c:\Users\ALBIN\.vscode\extensions\redhat.java-1.56.0-win32-x64\jre\21.0.12.1-win32-x86_64\bin\java.dll
0x00007ffc00440000 - 0x00007ffc00bd8000 	C:\Windows\System32\SHELL32.dll
0x00007ffbfd3c0000 - 0x00007ffbfdc6e000 	C:\Windows\SYSTEM32\windows.storage.dll
0x00007ffc02390000 - 0x00007ffc0248b000 	C:\Windows\System32\SHCORE.dll
0x00007ffc01680000 - 0x00007ffc016e6000 	C:\Windows\System32\shlwapi.dll
0x00007ffbff840000 - 0x00007ffbff869000 	C:\Windows\SYSTEM32\profapi.dll
0x00007ffbf9990000 - 0x00007ffbf99a8000 	c:\Users\ALBIN\.vscode\extensions\redhat.java-1.56.0-win32-x64\jre\21.0.12.1-win32-x86_64\bin\zip.dll
0x00007ffbf9980000 - 0x00007ffbf9990000 	C:\Users\ALBIN\.vscode\extensions\redhat.java-1.56.0-win32-x64\jre\21.0.12.1-win32-x86_64\bin\net.dll
0x00007ffbf24a0000 - 0x00007ffbf25ca000 	C:\Windows\SYSTEM32\WINHTTP.dll
0x00007ffbfebb0000 - 0x00007ffbfec1c000 	C:\Windows\system32\mswsock.dll
0x00007ffbf9960000 - 0x00007ffbf9976000 	C:\Users\ALBIN\.vscode\extensions\redhat.java-1.56.0-win32-x64\jre\21.0.12.1-win32-x86_64\bin\nio.dll
0x00007ffbf9950000 - 0x00007ffbf9960000 	c:\Users\ALBIN\.vscode\extensions\redhat.java-1.56.0-win32-x64\jre\21.0.12.1-win32-x86_64\bin\verify.dll
0x00007ffbde2f0000 - 0x00007ffbde335000 	C:\Users\ALBIN\AppData\Roaming\Code\User\globalStorage\redhat.java\1.56.0\config_win\org.eclipse.equinox.launcher\org.eclipse.equinox.launcher.win32.win32.x86_64_1.3.100.v20260804-1928\eclipse_11924.dll
0x00007ffc02110000 - 0x00007ffc022aa000 	C:\Windows\System32\ole32.dll
0x00007ffbfeea0000 - 0x00007ffbfeebb000 	C:\Windows\SYSTEM32\CRYPTSP.dll
0x00007ffbfe550000 - 0x00007ffbfe589000 	C:\Windows\system32\rsaenh.dll
0x00007ffbfec60000 - 0x00007ffbfec94000 	C:\Windows\SYSTEM32\USERENV.dll
0x00007ffbff810000 - 0x00007ffbff83a000 	C:\Windows\SYSTEM32\bcrypt.dll
0x00007ffbfeec0000 - 0x00007ffbfeecc000 	C:\Windows\SYSTEM32\CRYPTBASE.dll
0x00007ffbfe070000 - 0x00007ffbfe0a3000 	C:\Windows\SYSTEM32\IPHLPAPI.DLL
0x00007ffc02490000 - 0x00007ffc0249a000 	C:\Windows\System32\NSI.dll
0x00007ffbd4920000 - 0x00007ffbd4969000 	C:\Users\ALBIN\AppData\Local\Temp\jna-62358748\jna5361065019130841213.dll
0x00007ffc01670000 - 0x00007ffc01678000 	C:\Windows\System32\PSAPI.DLL
0x00007ffbf3830000 - 0x00007ffbf384d000 	C:\Windows\SYSTEM32\dhcpcsvc6.DLL
0x00007ffbf21a0000 - 0x00007ffbf21c5000 	C:\Windows\SYSTEM32\dhcpcsvc.DLL
0x00007ffbdd170000 - 0x00007ffbdd197000 	C:\Users\ALBIN\.gradle\native\660c5614fbf4a5f2a75b1949f50a0caf5cd603558e7d8a26e50b933a0cfb79d1\windows-amd64\native-platform.dll
0x00007ffbf4b90000 - 0x00007ffbf4b9a000 	C:\Users\ALBIN\.vscode\extensions\redhat.java-1.56.0-win32-x64\jre\21.0.12.1-win32-x86_64\bin\management.dll
0x00007ffbeef30000 - 0x00007ffbeef3c000 	C:\Users\ALBIN\.vscode\extensions\redhat.java-1.56.0-win32-x64\jre\21.0.12.1-win32-x86_64\bin\management_ext.dll
0x00007ffbeed50000 - 0x00007ffbeed59000 	C:\Users\ALBIN\.vscode\extensions\redhat.java-1.56.0-win32-x64\jre\21.0.12.1-win32-x86_64\bin\extnet.dll

JVMTI agents:
c:\Users\ALBIN\.vscode\extensions\redhat.java-1.56.0-win32-x64\lombok\lombok-1.18.39-4050.jar path:c:\Users\ALBIN\.vscode\extensions\redhat.java-1.56.0-win32-x64\jre\21.0.12.1-win32-x86_64\bin\instrument.dll, loaded, initialized, instrumentlib options:none

dbghelp: loaded successfully - version: 4.0.5 - missing functions: none
symbol engine: initialized successfully - sym options: 0x614 - pdb path: .;c:\Users\ALBIN\.vscode\extensions\redhat.java-1.56.0-win32-x64\jre\21.0.12.1-win32-x86_64\bin;C:\Windows\SYSTEM32;C:\Windows\WinSxS\amd64_microsoft.windows.common-controls_6595b64144ccf1df_6.0.26100.9278_none_3e0d1ba8e3303201;c:\Users\ALBIN\.vscode\extensions\redhat.java-1.56.0-win32-x64\jre\21.0.12.1-win32-x86_64\bin\server;C:\Users\ALBIN\AppData\Roaming\Code\User\globalStorage\redhat.java\1.56.0\config_win\org.eclipse.equinox.launcher\org.eclipse.equinox.launcher.win32.win32.x86_64_1.3.100.v20260804-1928;C:\Users\ALBIN\AppData\Local\Temp\jna-62358748;C:\Users\ALBIN\.gradle\native\660c5614fbf4a5f2a75b1949f50a0caf5cd603558e7d8a26e50b933a0cfb79d1\windows-amd64

VM Arguments:
jvm_args: --add-modules=ALL-SYSTEM --add-opens=java.base/java.util=ALL-UNNAMED --add-opens=java.base/java.lang=ALL-UNNAMED --add-opens=java.base/sun.nio.fs=ALL-UNNAMED -Declipse.application=org.eclipse.jdt.ls.core.id1 -Dosgi.bundles.defaultStartLevel=4 -Declipse.product=org.eclipse.jdt.ls.core.product -Djava.import.generatesMetadataFilesAtProjectRoot=false -Dm2e.project.cache.size=50 -DDetectVMInstallationsJob.disabled=true -Dfile.encoding=utf8 -XX:+UseParallelGC -XX:GCTimeRatio=4 -XX:AdaptiveSizePolicyWeight=90 -Dsun.zip.disableMemoryMapping=true -Xmx2G -Xms100m -Xlog:disable -javaagent:c:\Users\ALBIN\.vscode\extensions\redhat.java-1.56.0-win32-x64\lombok\lombok-1.18.39-4050.jar -XX:+HeapDumpOnOutOfMemoryError -XX:HeapDumpPath=c:\Users\ALBIN\AppData\Roaming\Code\User\workspaceStorage\08ba82f765758e80f1dfaef0f2475030\redhat.java -Daether.dependencyCollector.impl=bf 
java_command: c:\Users\ALBIN\.vscode\extensions\redhat.java-1.56.0-win32-x64\server\plugins\org.eclipse.equinox.launcher_1.8.0.v20260804-1928.jar -configuration c:\Users\ALBIN\AppData\Roaming\Code\User\globalStorage\redhat.java\1.56.0\config_win -data c:\Users\ALBIN\AppData\Roaming\Code\User\workspaceStorage\08ba82f765758e80f1dfaef0f2475030\redhat.java\jdt_ws --stdio
java_class_path (initial): c:\Users\ALBIN\.vscode\extensions\redhat.java-1.56.0-win32-x64\server\plugins\org.eclipse.equinox.launcher_1.8.0.v20260804-1928.jar
Launcher Type: SUN_STANDARD

[Global flags]
    uintx AdaptiveSizePolicyWeight                 = 90                                        {product} {command line}
     intx CICompilerCount                          = 3                                         {product} {ergonomic}
    uintx GCTimeRatio                              = 4                                         {product} {command line}
     bool HeapDumpOnOutOfMemoryError               = true                                   {manageable} {command line}
    ccstr HeapDumpPath                             = c:\Users\ALBIN\AppData\Roaming\Code\User\workspaceStorage\08ba82f765758e80f1dfaef0f2475030\redhat.java         {manageable} {command line}
   size_t InitialHeapSize                          = 104857600                                 {product} {command line}
   size_t MaxHeapSize                              = 2147483648                                {product} {command line}
   size_t MaxNewSize                               = 715653120                                 {product} {ergonomic}
   size_t MinHeapDeltaBytes                        = 524288                                    {product} {ergonomic}
   size_t MinHeapSize                              = 104857600                                 {product} {command line}
   size_t NewSize                                  = 34603008                                  {product} {ergonomic}
    uintx NonNMethodCodeHeapSize                   = 5832780                                {pd product} {ergonomic}
    uintx NonProfiledCodeHeapSize                  = 122912730                              {pd product} {ergonomic}
   size_t OldSize                                  = 70254592                                  {product} {ergonomic}
    uintx ProfiledCodeHeapSize                     = 122912730                              {pd product} {ergonomic}
    uintx ReservedCodeCacheSize                    = 251658240                              {pd product} {ergonomic}
     bool SegmentedCodeCache                       = true                                      {product} {ergonomic}
   size_t SoftMaxHeapSize                          = 2147483648                             {manageable} {ergonomic}
     bool UseCompressedOops                        = true                           {product lp64_product} {ergonomic}
     bool UseLargePagesIndividualAllocation        = false                                  {pd product} {ergonomic}
     bool UseParallelGC                            = true                                      {product} {command line}

Logging:
Log output configuration:
 #0: stdout all=off uptime,level,tags foldmultilines=false
 #1: stderr all=off uptime,level,tags foldmultilines=false

Release file:
JAVA_VERSION="21.0.12.1" 
MODULES="java.base java.compiler java.datatransfer java.xml java.prefs java.desktop java.instrument java.logging java.management java.security.sasl java.naming java.rmi java.management.rmi java.net.http java.scripting java.security.jgss java.transaction.xa java.sql java.sql.rowset java.xml.crypto java.se java.smartcardio jdk.accessibility jdk.internal.jvmstat jdk.attach jdk.charsets jdk.internal.opt jdk.zipfs jdk.compiler jdk.crypto.ec jdk.crypto.cryptoki jdk.crypto.mscapi jdk.dynalink jdk.internal.ed jdk.editpad jdk.hotspot.agent jdk.httpserver jdk.internal.le jdk.internal.vm.ci jdk.internal.vm.compiler jdk.internal.vm.compiler.management jdk.jartool jdk.javadoc jdk.jcmd jdk.management jdk.management.agent jdk.jconsole jdk.jdeps jdk.jdwp.agent jdk.jdi jdk.jfr jdk.jshell jdk.jsobject jdk.jstatd jdk.localedata jdk.management.jfr jdk.naming.dns jdk.naming.rmi jdk.net jdk.nio.mapmode jdk.random jdk.sctp jdk.security.auth jdk.security.jgss jdk.unsupported jdk.unsupported.desktop jdk.xml.dom" 

Environment Variables:
PATH=C:\Program Files\Eclipse Adoptium\jdk-25.0.3.9-hotspot\bin;C:\Program Files\Common Files\Oracle\Java\javapath;C:\Windows\system32;C:\Windows;C:\Windows\System32\Wbem;C:\Windows\System32\WindowsPowerShell\v1.0\;C:\Windows\System32\OpenSSH\;C:\Program Files\Git\cmd;C:\Program Files\nodejs\;C:\Users\ALBIN\AppData\Local\Microsoft\WindowsApps;D:\software\apache-maven-3.9.16-bin\apache-maven-3.9.16\bin;C:\Users\ALBIN\AppData\Local\Python\bin;C:\Users\ALBIN\AppData\Roaming\npm
USERNAME=ALBIN
OS=Windows_NT
PROCESSOR_IDENTIFIER=Intel64 Family 6 Model 142 Stepping 9, GenuineIntel
TMP=C:\Users\ALBIN\AppData\Local\Temp
TEMP=C:\Users\ALBIN\AppData\Local\Temp




Periodic native trim disabled

---------------  S Y S T E M  ---------------

OS:
 Windows 11 , 64 bit Build 26100 (10.0.26100.9444)
OS uptime: 0 days 0:13 hours

CPU: total 4 (initial active 4) (2 cores per cpu, 2 threads per core) family 6 model 142 stepping 9 microcode 0xde, cx8, cmov, fxsr, ht, mmx, 3dnowpref, sse, sse2, sse3, ssse3, sse4.1, sse4.2, popcnt, lzcnt, tsc, tscinvbit, avx, avx2, aes, erms, clmul, bmi1, bmi2, adx, fma, vzeroupper, clflush, clflushopt, rdtscp, f16c
Processor Information for the first 4 processors :
  Max Mhz: 2701, Current Mhz: 2701, Mhz Limit: 2701

Memory: 4k page, system-wide physical 16287M (2976M free)
TotalPageFile size 34911M (AvailPageFile size 3M)
current process WorkingSet (physical memory assigned to process): 476M, peak: 490M
current process commit charge ("private bytes"): 546M, peak: 561M

vm_info: OpenJDK 64-Bit Server VM (21.0.12.1+1-LTS) for windows-amd64 JRE (21.0.12.1+1-LTS), built on 2026-08-18T00:00:00Z by "admin" with MS VC++ 17.12 (VS2022)

END.
